; G-code generated by imgto2d (DrawingBot V3 C++ port)
G21
G90
M5

; --- LAYER: Pen_0 ---
M0 ; PAUSE - Swap to pen 'Pen_0'
G0 X0.980 Y252.926
M3 S90
G1 X2.651 Y252.676
G1 X2.969 Y251.073
G1 X4.648 Y250.830
G1 X4.963 Y249.225
M5
G0 X6.278 Y250.540
M3 S90
G1 X5.832 Y252.015
G1 X4.387 Y252.491
M5
G0 X6.505 Y252.688
M3 S90
G1 X8.045 Y252.307
G1 X8.662 Y251.002
M5
G0 X10.489 Y250.908
M3 S90
G1 X10.580 Y252.920
G1 X8.575 Y252.836
M5
G0 X11.786 Y252.205
M3 S90
G1 X13.410 Y251.908
G1 X14.067 Y250.643
G1 X15.737 Y250.393
G1 X16.018 Y248.752
G1 X17.252 Y248.065
G1 X17.510 Y246.402
G1 X19.349 Y246.320
G1 X19.825 Y244.875
G1 X21.185 Y244.313
G1 X21.636 Y242.843
G1 X23.056 Y242.342
G1 X23.712 Y241.078
G1 X25.333 Y240.777
G1 X25.225 Y238.747
G1 X27.003 Y238.605
G1 X27.442 Y237.122
G1 X28.957 Y236.716
G1 X29.283 Y235.121
M5
G0 X28.936 Y232.853
M3 S90
G1 X30.551 Y232.547
G1 X30.837 Y230.911
G1 X32.294 Y230.448
G1 X33.014 Y229.246
G1 X34.263 Y228.574
G1 X34.807 Y227.197
G1 X36.257 Y226.726
G1 X36.771 Y225.318
G1 X38.115 Y224.742
G1 X38.639 Y223.345
G1 X40.122 Y222.906
G1 X40.440 Y221.303
M5
G0 X42.903 Y219.924
M3 S90
G1 X43.558 Y218.657
G1 X44.875 Y218.053
G1 X45.333 Y216.590
G1 X46.708 Y216.044
G1 X47.357 Y214.772
G1 X48.800 Y214.293
M5
G0 X50.154 Y211.805
M3 S90
G1 X51.609 Y211.339
G1 X52.072 Y209.881
G1 X53.515 Y209.403
G1 X53.951 Y207.918
M5
G0 X56.316 Y206.441
M3 S90
G1 X56.805 Y205.008
M5
G0 X55.487 Y203.690
M3 S90
G1 X55.234 Y205.359
G1 X53.747 Y205.792
G1 X53.333 Y207.300
G1 X51.612 Y207.500
G1 X51.297 Y209.106
M5
G0 X53.393 Y211.202
M3 S90
G1 X53.065 Y212.795
G1 X51.486 Y213.138
G1 X51.010 Y214.583
G1 X49.641 Y215.134
G1 X49.175 Y216.589
G1 X47.486 Y216.822
M5
G0 X46.187 Y219.366
M3 S90
G1 X44.745 Y219.844
G1 X44.138 Y221.159
G1 X42.603 Y221.545
G1 X42.378 Y223.241
G1 X40.855 Y223.639
G1 X40.346 Y225.051
G1 X38.926 Y225.553
G1 X38.452 Y227.000
G1 X37.095 Y227.564
M5
G0 X35.533 Y229.844
M3 S90
G1 X34.211 Y230.443
M5
G0 X34.817 Y232.970
M3 S90
G1 X35.469 Y231.701
G1 X36.738 Y231.049
G1 X37.382 Y229.772
G1 X38.777 Y229.246
G1 X39.241 Y227.788
G1 X40.645 Y227.272
G1 X41.217 Y225.922
G1 X42.619 Y225.404
G1 X43.171 Y224.034
G1 X44.613 Y223.555
G1 X45.165 Y222.185
G1 X46.540 Y221.639
G1 X47.056 Y220.234
M5
G0 X50.469 Y221.726
M3 S90
G1 X51.931 Y221.267
G1 X52.425 Y219.840
G1 X53.978 Y219.472
G1 X54.203 Y217.776
G1 X55.814 Y217.465
G1 X56.378 Y216.108
G1 X57.672 Y215.481
G1 X58.269 Y214.157
G1 X59.475 Y213.442
G1 X60.140 Y212.185
M5
G0 X60.249 Y210.374
M3 S90
G1 X58.847 Y210.893
G1 X58.185 Y212.152
G1 X56.926 Y212.814
G1 X56.322 Y214.131
M5
G0 X54.653 Y212.462
M3 S90
G1 X54.043 Y213.774
G1 X52.619 Y214.270
G1 X52.444 Y216.016
G1 X50.650 Y216.143
G1 X50.470 Y217.885
M5
G0 X54.057 Y215.708
M3 S90
G1 X53.470 Y217.043
G1 X52.060 Y217.554
G1 X51.496 Y218.911
G1 X50.106 Y219.443
G1 X49.756 Y221.013
G1 X48.143 Y221.321
G1 X47.830 Y222.929
G1 X46.407 Y223.428
G1 X45.888 Y224.830
G1 X44.413 Y225.276
G1 X43.932 Y226.716
G1 X42.412 Y227.117
G1 X41.911 Y228.537
G1 X40.496 Y229.043
G1 X40.107 Y230.576
G1 X38.542 Y230.932
G1 X38.118 Y232.430
M5
G0 X36.178 Y236.253
M3 S90
G1 X37.432 Y235.586
G1 X38.036 Y234.269
G1 X39.522 Y233.833
G1 X39.870 Y232.260
G1 X41.382 Y231.851
G1 X41.894 Y230.441
G1 X43.243 Y229.870
G1 X43.745 Y228.450
G1 X45.167 Y227.951
G1 X45.618 Y226.481
G1 X47.194 Y226.135
G1 X47.617 Y224.638
G1 X49.070 Y224.169
M5
G0 X43.188 Y216.366
M3 S90
G1 X42.729 Y217.829
G1 X41.181 Y218.202
G1 X40.883 Y219.825
G1 X39.233 Y220.096
G1 X38.789 Y221.573
G1 X37.382 Y222.087
G1 X36.888 Y223.515
M5
G0 X35.053 Y221.680
M3 S90
G1 X36.418 Y221.123
G1 X37.035 Y219.819
G1 X38.422 Y219.285
G1 X38.948 Y217.890
G1 X40.531 Y217.552
G1 X40.837 Y215.936
G1 X42.201 Y215.380
G1 X42.720 Y213.977
G1 X44.326 Y213.662
G1 X44.724 Y212.139
G1 X46.219 Y211.713
G1 X46.590 Y210.163
G1 X48.116 Y209.767
G1 X48.496 Y208.227
G1 X50.079 Y207.888
G1 X50.387 Y206.275
G1 X52.016 Y205.982
G1 X52.472 Y204.517
M5
G0 X49.473 Y203.440
M3 S90
G1 X49.706 Y201.751
G1 X51.377 Y201.501
G1 X51.735 Y199.938
G1 X53.222 Y199.505
G1 X53.528 Y197.889
M5
G0 X54.184 Y194.703
M3 S90
G1 X53.986 Y196.426
G1 X52.205 Y196.566
G1 X52.000 Y198.282
G1 X50.495 Y198.698
G1 X50.076 Y200.201
G1 X48.508 Y200.554
G1 X48.135 Y202.102
M5
G0 X45.604 Y203.413
M3 S90
G1 X45.306 Y205.036
G1 X43.685 Y205.337
G1 X43.360 Y206.932
G1 X41.885 Y207.378
G1 X41.351 Y208.766
G1 X39.901 Y209.237
G1 X39.452 Y210.709
G1 X38.027 Y211.206
G1 X37.463 Y212.563
M5
G0 X34.987 Y213.929
M3 S90
G1 X34.634 Y215.497
M5
G0 X34.838 Y217.623
M3 S90
G1 X35.397 Y216.260
G1 X36.970 Y215.912
G1 X37.276 Y214.297
G1 X38.819 Y213.918
G1 X39.252 Y212.431
G1 X40.675 Y211.932
G1 X41.033 Y210.369
G1 X42.601 Y210.016
G1 X43.107 Y208.601
G1 X44.630 Y208.202
G1 X44.963 Y206.614
G1 X46.579 Y206.309
G1 X46.907 Y204.716
M5
G0 X44.079 Y203.809
M3 S90
G1 X44.281 Y202.090
G1 X45.997 Y201.885
G1 X46.145 Y200.111
G1 X47.793 Y199.839
G1 X48.181 Y198.306
G1 X49.907 Y198.111
G1 X49.959 Y196.241
G1 X51.803 Y196.164
G1 X51.951 Y194.391
G1 X53.612 Y194.130
G1 X53.859 Y192.457
M5
G0 X55.966 Y188.800
M3 S90
G1 X54.684 Y189.439
G1 X54.338 Y191.014
G1 X52.853 Y191.450
G1 X52.201 Y192.720
G1 X50.698 Y193.138
G1 X50.202 Y194.563
G1 X49.016 Y195.298
G1 X48.419 Y196.622
G1 X46.833 Y196.958
G1 X46.438 Y198.483
G1 X44.890 Y198.856
G1 X44.644 Y200.532
G1 X43.054 Y200.863
G1 X42.666 Y202.396
G1 X41.000 Y202.651
M5
G0 X41.379 Y204.952
M3 S90
G1 X41.049 Y206.543
G1 X39.566 Y206.981
G1 X39.118 Y208.454
G1 X37.670 Y208.927
G1 X37.126 Y210.305
G1 X35.799 Y210.899
G1 X35.358 Y212.379
G1 X33.700 Y212.642
G1 X33.462 Y214.325
G1 X31.874 Y214.658
G1 X31.541 Y216.246
G1 X29.888 Y216.514
G1 X29.549 Y218.097
G1 X28.052 Y218.521
G1 X27.668 Y220.058
G1 X26.186 Y220.497
G1 X25.572 Y221.804
G1 X24.257 Y222.411
M5
G0 X22.916 Y224.912
M3 S90
G1 X21.190 Y225.107
M5
G0 X21.646 Y223.642
M3 S90
G1 X22.129 Y222.204
G1 X23.321 Y221.474
G1 X24.038 Y220.270
G1 X25.415 Y219.726
M5
G0 X24.090 Y218.401
M3 S90
G1 X24.441 Y216.831
G1 X25.986 Y216.455
M5
G0 X29.513 Y214.218
M3 S90
G1 X31.154 Y213.938
M5
G0 X29.901 Y212.685
M3 S90
G1 X30.362 Y211.225
G1 X31.729 Y210.671
G1 X32.296 Y209.317
G1 X33.610 Y208.710
G1 X34.230 Y207.408
G1 X35.567 Y206.824
G1 X36.214 Y205.550
M5
G0 X37.845 Y207.181
M3 S90
G1 X38.319 Y205.734
G1 X39.849 Y205.343
M5
G0 X38.514 Y204.007
M3 S90
G1 X38.952 Y202.525
G1 X40.422 Y202.074
G1 X40.838 Y200.569
G1 X42.183 Y199.992
M5
G0 X40.108 Y199.838
M3 S90
G1 X38.638 Y200.289
G1 X38.134 Y201.707
G1 X36.752 Y202.245
G1 X36.306 Y203.721
G1 X34.740 Y204.076
G1 X34.372 Y205.629
G1 X32.852 Y206.030
M5
G0 X32.048 Y205.227
M3 S90
G1 X32.517 Y203.774
G1 X34.065 Y203.401
G1 X34.453 Y201.868
G1 X35.923 Y201.417
G1 X36.314 Y199.887
G1 X37.860 Y199.511
G1 X38.321 Y198.051
G1 X39.776 Y197.585
G1 X40.167 Y196.054
G1 X41.762 Y195.729
G1 X42.171 Y194.216
G1 X43.618 Y193.743
M5
G0 X45.054 Y195.178
M3 S90
G1 X43.340 Y195.386
G1 X43.103 Y197.069
G1 X41.597 Y197.485
M5
G0 X44.673 Y196.719
M3 S90
G1 X46.296 Y196.421
G1 X46.557 Y194.760
G1 X48.260 Y194.542
G1 X48.701 Y193.062
G1 X50.111 Y192.551
G1 X50.615 Y191.133
G1 X51.879 Y190.477
G1 X52.323 Y188.999
G1 X53.956 Y188.711
G1 X54.168 Y187.002
G1 X55.877 Y186.790
G1 X56.192 Y185.184
G1 X57.833 Y184.904
G1 X58.114 Y183.263
G1 X59.601 Y182.830
G1 X60.022 Y181.329
G1 X61.543 Y180.928
G1 X62.009 Y179.473
G1 X63.494 Y179.037
G1 X63.764 Y177.387
G1 X65.450 Y177.151
G1 X65.916 Y175.696
G1 X67.276 Y175.135
G1 X67.717 Y173.655
G1 X69.363 Y173.379
G1 X69.417 Y171.513
G1 X71.364 Y171.538
G1 X71.358 Y169.612
G1 X73.461 Y169.793
G1 X73.260 Y167.670
G1 X75.294 Y167.784
G1 X75.136 Y165.704
G1 X77.278 Y165.926
G1 X77.067 Y163.793
G1 X78.843 Y163.648
G1 X79.254 Y162.138
G1 X80.742 Y161.704
G1 X81.065 Y160.106
G1 X82.906 Y160.027
G1 X82.898 Y158.097
G1 X84.865 Y158.143
G1 X84.867 Y156.224
G1 X86.673 Y156.109
G1 X86.745 Y154.260
G1 X88.695 Y154.288
G1 X88.707 Y152.379
G1 X90.480 Y152.231
G1 X90.653 Y150.483
G1 X92.484 Y150.393
G1 X92.594 Y148.582
G1 X94.343 Y148.409
G1 X94.560 Y146.706
G1 X96.319 Y146.543
G1 X96.401 Y144.704
G1 X98.243 Y144.625
G1 X98.322 Y142.783
G1 X99.966 Y142.505
G1 X100.434 Y141.053
G1 X101.864 Y140.561
G1 X102.396 Y139.172
G1 X103.911 Y138.766
G1 X104.161 Y137.095
G1 X105.797 Y136.809
G1 X106.143 Y135.234
G1 X107.713 Y134.883
G1 X108.069 Y133.318
G1 X109.614 Y132.942
G1 X109.995 Y131.402
G1 X111.545 Y131.031
G1 X111.911 Y129.475
G1 X113.404 Y129.047
G1 X113.908 Y127.630
G1 X115.335 Y127.136
G1 X115.806 Y125.686
G1 X117.296 Y125.255
G1 X117.662 Y123.699
G1 X119.240 Y123.356
G1 X119.465 Y121.660
G1 X121.254 Y121.528
G1 X121.464 Y119.817
G1 X123.108 Y119.539
G1 X123.416 Y117.926
G1 X125.041 Y117.631
G1 X125.281 Y115.950
G1 X127.000 Y115.747
G1 X127.155 Y113.981
G1 X128.971 Y113.876
G1 X129.051 Y112.034
G1 X131.013 Y112.075
G1 X130.904 Y110.046
G1 X132.568 Y109.788
G1 X133.142 Y108.441
G1 X134.557 Y107.934
G1 X135.113 Y106.570
G1 X136.365 Y105.900
G1 X137.039 Y104.654
G1 X138.286 Y103.979
G1 X138.953 Y102.725
G1 X140.227 Y102.078
G1 X140.847 Y100.776
G1 X142.194 Y100.202
G1 X142.715 Y98.802
G1 X144.195 Y98.361
G1 X144.538 Y96.783
G1 X146.159 Y96.483
G1 X146.432 Y94.834
G1 X148.010 Y94.491
G1 X148.428 Y92.988
G1 X149.913 Y92.553
G1 X150.465 Y91.183
G1 X151.875 Y90.671
G1 X152.316 Y89.191
G1 X153.678 Y88.632
G1 X154.157 Y87.190
G1 X155.777 Y86.889
G1 X156.141 Y85.331
G1 X157.756 Y85.026
G1 X157.934 Y83.282
G1 X159.595 Y83.022
G1 X159.827 Y81.334
G1 X161.571 Y81.156
G1 X161.846 Y79.510
G1 X163.434 Y79.177
G1 X163.702 Y77.524
G1 X165.591 Y77.492
G1 X165.523 Y75.502
G1 X167.420 Y75.478
G1 X167.439 Y73.576
G1 X169.333 Y73.549
G1 X169.491 Y71.785
G1 X171.099 Y71.472
G1 X171.507 Y69.960
G1 X172.987 Y69.519
G1 X173.471 Y68.081
G1 X174.989 Y67.678
G1 X175.232 Y65.999
G1 X176.943 Y65.789
G1 X177.130 Y64.056
G1 X178.864 Y63.868
G1 X179.082 Y62.165
G1 X180.860 Y62.022
G1 X180.742 Y59.982
G1 X182.649 Y59.968
G1 X182.693 Y58.091
G1 X184.733 Y58.210
G1 X184.667 Y56.223
G1 X186.476 Y56.111
G1 X186.884 Y54.598
G1 X188.364 Y54.157
G1 X188.755 Y52.627
G1 X190.313 Y52.263
G1 X190.634 Y50.663
G1 X192.282 Y50.390
G1 X192.522 Y48.709
G1 X194.211 Y48.476
G1 X194.471 Y46.815
G1 X196.164 Y46.588
G1 X196.362 Y44.864
G1 X198.113 Y44.694
M5
G0 X196.006 Y44.508
M3 S90
G1 X193.981 Y44.404
G1 X193.944 Y46.288
G1 X192.147 Y46.413
G1 X192.103 Y48.290
G1 X190.148 Y48.256
G1 X190.167 Y50.196
G1 X188.313 Y50.263
G1 X188.178 Y52.049
G1 X186.374 Y52.166
G1 X186.292 Y54.006
G1 X184.365 Y54.000
G1 X184.511 Y56.067
G1 X182.772 Y56.250
G1 X182.171 Y57.569
G1 X180.849 Y58.168
G1 X180.260 Y59.500
G1 X178.787 Y59.949
G1 X178.788 Y61.871
G1 X176.899 Y61.903
G1 X176.631 Y63.556
G1 X174.890 Y63.736
G1 X174.682 Y65.450
G1 X173.039 Y65.728
G1 X172.743 Y67.353
G1 X171.035 Y67.566
G1 X170.830 Y69.282
G1 X169.116 Y69.490
G1 X169.054 Y71.349
G1 X167.122 Y71.338
G1 X167.133 Y73.270
G1 X165.136 Y73.194
G1 X165.252 Y75.231
G1 X163.438 Y75.338
G1 X163.193 Y77.014
G1 X161.542 Y77.285
G1 X161.219 Y78.883
G1 X159.631 Y79.216
G1 X159.252 Y80.759
G1 X157.737 Y81.165
G1 X157.266 Y82.615
G1 X155.746 Y83.015
G1 X155.310 Y84.501
G1 X153.945 Y85.057
G1 X153.353 Y86.387
G1 X151.989 Y86.943
G1 X151.533 Y88.408
G1 X150.078 Y88.874
G1 X149.682 Y90.400
G1 X148.149 Y90.788
G1 X147.788 Y92.348
G1 X146.293 Y92.774
G1 X145.872 Y94.275
G1 X144.211 Y94.535
G1 X143.913 Y96.158
G1 X142.315 Y96.481
G1 X141.929 Y98.017
G1 X140.484 Y98.493
G1 X139.935 Y99.865
G1 X138.616 Y100.467
G1 X137.979 Y101.751
G1 X136.717 Y102.410
G1 X136.045 Y103.660
G1 X134.799 Y104.334
G1 X134.129 Y105.586
G1 X132.802 Y106.180
G1 X132.276 Y107.575
G1 X130.487 Y107.707
G1 X130.694 Y109.835
G1 X128.734 Y109.796
G1 X128.675 Y111.658
G1 X126.810 Y111.715
G1 X126.711 Y113.536
G1 X124.846 Y113.593
G1 X124.737 Y115.405
G1 X123.058 Y115.648
G1 X122.778 Y117.288
G1 X121.107 Y117.539
G1 X120.975 Y119.328
G1 X119.146 Y119.420
G1 X118.931 Y121.126
G1 X117.328 Y121.444
G1 X117.017 Y123.054
G1 X115.419 Y123.377
G1 X115.006 Y124.885
G1 X113.583 Y125.384
G1 X113.079 Y126.801
G1 X111.634 Y127.277
G1 X111.228 Y128.793
G1 X109.678 Y129.164
G1 X109.297 Y130.704
G1 X107.752 Y131.080
G1 X107.406 Y132.655
G1 X105.788 Y132.958
G1 X105.518 Y134.609
G1 X103.832 Y134.844
G1 X103.539 Y136.472
G1 X101.978 Y136.833
G1 X101.608 Y138.384
G1 X100.055 Y138.752
G1 X99.724 Y140.342
G1 X97.980 Y140.520
G1 X97.898 Y142.359
G1 X96.074 Y142.456
G1 X95.970 Y144.273
G1 X94.233 Y144.457
G1 X93.986 Y146.131
G1 X92.272 Y146.338
G1 X92.253 Y148.240
G1 X90.286 Y148.194
G1 X90.156 Y149.986
G1 X88.370 Y150.121
G1 X88.335 Y152.007
G1 X86.453 Y152.047
G1 X86.417 Y153.931
G1 X84.557 Y153.993
G1 X84.438 Y155.794
G1 X82.513 Y155.791
G1 X82.567 Y157.766
G1 X80.785 Y157.906
G1 X80.563 Y159.604
G1 X78.804 Y159.767
G1 X78.601 Y161.485
G1 X76.890 Y161.695
G1 X76.843 Y163.569
G1 X74.876 Y163.524
G1 X75.008 Y165.576
G1 X72.963 Y165.452
G1 X73.049 Y167.459
G1 X71.014 Y167.346
G1 X71.092 Y169.345
G1 X69.120 Y169.295
G1 X69.211 Y171.307
G1 X67.247 Y171.263
G1 X67.140 Y173.077
M5
G0 X64.538 Y174.318
M3 S90
G1 X64.047 Y175.748
G1 X62.763 Y176.385
G1 X62.392 Y177.935
G1 X60.626 Y178.090
G1 X60.217 Y179.603
G1 X58.770 Y180.077
G1 X58.371 Y181.600
M5
G0 X57.522 Y178.829
M3 S90
G1 X59.053 Y178.438
M5
G0 X60.359 Y175.902
M3 S90
G1 X61.746 Y175.369
G1 X62.318 Y174.019
G1 X63.783 Y173.563
M5
G0 X61.570 Y173.271
M3 S90
G1 X60.082 Y173.704
G1 X59.553 Y175.097
M5
G0 X56.432 Y175.818
M3 S90
G1 X56.893 Y174.358
G1 X58.313 Y173.857
G1 X58.875 Y172.497
G1 X60.302 Y172.003
G1 X60.680 Y170.460
G1 X62.148 Y170.007
G1 X62.584 Y168.522
G1 X64.212 Y168.229
G1 X64.387 Y166.483
G1 X66.216 Y166.390
G1 X66.504 Y164.757
G1 X68.009 Y164.341
G1 X68.297 Y162.708
G1 X69.770 Y162.259
M5
G0 X69.671 Y160.240
M3 S90
G1 X69.816 Y158.463
G1 X71.640 Y158.366
G1 X71.787 Y156.592
G1 X73.554 Y156.437
G1 X73.779 Y154.741
G1 X75.455 Y154.496
G1 X75.773 Y152.893
G1 X77.396 Y152.595
G1 X77.611 Y150.889
G1 X79.280 Y150.636
G1 X79.515 Y148.950
G1 X81.263 Y148.778
G1 X81.290 Y146.884
G1 X83.240 Y146.912
G1 X83.199 Y144.950
G1 X85.078 Y144.908
G1 X85.145 Y143.054
G1 X87.082 Y143.070
G1 X87.086 Y141.153
G1 X89.041 Y141.186
G1 X89.028 Y139.252
G1 X90.919 Y139.222
G1 X90.884 Y137.265
G1 X92.881 Y137.341
G1 X92.792 Y135.332
G1 X94.764 Y135.383
G1 X94.866 Y133.564
G1 X96.557 Y133.333
G1 X96.795 Y131.650
G1 X98.499 Y131.432
G1 X98.689 Y129.701
G1 X100.407 Y129.499
G1 X100.572 Y127.742
G1 X102.336 Y127.585
G1 X102.554 Y125.881
G1 X104.245 Y125.651
G1 X104.530 Y124.015
G1 X106.106 Y123.670
G1 X106.481 Y122.124
G1 X108.017 Y121.739
G1 X108.392 Y120.193
G1 X109.903 Y119.782
G1 X110.364 Y118.322
G1 X111.819 Y117.856
G1 X112.270 Y116.386
G1 X113.765 Y115.960
G1 X114.161 Y114.435
G1 X115.731 Y114.084
G1 X116.047 Y112.478
G1 X117.683 Y112.193
G1 X117.928 Y110.517
G1 X119.629 Y110.297
G1 X119.854 Y108.601
G1 X121.558 Y108.383
G1 X121.760 Y106.665
G1 X123.544 Y106.527
G1 X123.588 Y104.651
G1 X125.480 Y104.621
G1 X125.490 Y102.709
G1 X127.098 Y102.396
G1 X127.757 Y101.135
G1 X129.004 Y100.460
G1 X129.678 Y99.214
G1 X130.925 Y98.539
G1 X131.584 Y97.277
G1 X132.886 Y96.658
G1 X133.450 Y95.301
G1 X134.873 Y94.802
G1 X135.271 Y93.279
G1 X136.902 Y92.989
G1 X137.145 Y91.311
G1 X138.831 Y91.075
G1 X139.236 Y89.560
G1 X140.619 Y89.021
G1 X141.050 Y87.531
G1 X142.530 Y87.090
G1 X142.921 Y85.560
G1 X144.413 Y85.131
G1 X145.045 Y83.842
G1 X146.352 Y83.228
G1 X146.984 Y81.938
G1 X148.261 Y81.294
G1 X148.651 Y79.763
G1 X150.172 Y79.363
G1 X150.613 Y77.882
G1 X152.299 Y77.647
G1 X152.690 Y76.117
G1 X154.047 Y75.553
G1 X154.586 Y74.171
G1 X155.948 Y73.612
G1 X156.547 Y72.290
G1 X157.856 Y71.678
G1 X158.310 Y70.210
G1 X159.893 Y69.872
G1 X160.244 Y68.302
G1 X161.849 Y67.986
G1 X162.160 Y66.376
G1 X163.788 Y66.083
G1 X163.948 Y64.321
G1 X165.915 Y64.367
G1 X165.821 Y62.353
G1 X167.801 Y62.411
G1 X167.743 Y60.431
G1 X169.413 Y60.181
G1 X169.947 Y58.794
G1 X171.548 Y58.473
G1 X171.884 Y56.888
G1 X173.379 Y56.462
G1 X173.463 Y54.625
G1 X175.488 Y54.729
G1 X175.480 Y52.799
G1 X177.490 Y52.888
G1 X177.240 Y50.718
G1 X179.403 Y50.959
G1 X179.438 Y49.073
G1 X181.046 Y48.760
G1 X181.349 Y47.141
G1 X183.253 Y47.125
G1 X183.011 Y44.962
G1 X185.159 Y45.188
G1 X184.973 Y43.081
M5
G0 X181.952 Y43.903
M3 S90
G1 X181.717 Y45.588
G1 X180.018 Y45.811
G1 X179.844 Y47.557
G1 X178.163 Y47.798
G1 X177.955 Y49.511
G1 X176.078 Y49.556
G1 X175.964 Y51.362
G1 X174.330 Y51.650
G1 X174.032 Y53.273
G1 X172.316 Y53.478
G1 X172.269 Y55.352
G1 X170.360 Y55.364
G1 X170.107 Y57.033
G1 X168.680 Y57.526
G1 X168.407 Y59.175
G1 X166.475 Y59.164
G1 X166.513 Y61.123
G1 X164.476 Y61.007
G1 X164.414 Y62.866
G1 X162.811 Y63.184
G1 X162.488 Y64.783
G1 X160.812 Y65.028
G1 X160.584 Y66.721
G1 X158.956 Y67.014
G1 X158.573 Y68.552
G1 X157.110 Y69.011
G1 X156.574 Y70.395
G1 X155.134 Y70.877
G1 X154.622 Y72.286
G1 X153.248 Y72.833
G1 X152.930 Y74.436
G1 X151.409 Y74.837
G1 X150.855 Y76.204
G1 X149.503 Y76.773
G1 X148.814 Y78.005
G1 X147.595 Y78.707
G1 X146.915 Y79.949
G1 X145.556 Y80.510
G1 X145.002 Y81.877
G1 X143.597 Y82.394
G1 X143.126 Y83.844
G1 X141.711 Y84.350
G1 X141.250 Y85.810
G1 X139.832 Y86.314
G1 X139.266 Y87.668
G1 X137.916 Y88.240
G1 X137.586 Y89.830
G1 X135.864 Y90.030
G1 X135.627 Y91.714
G1 X133.968 Y91.977
G1 X133.630 Y93.560
G1 X132.148 Y93.998
G1 X131.624 Y95.396
G1 X130.284 Y95.977
G1 X129.655 Y97.269
G1 X128.398 Y97.933
G1 X127.721 Y99.178
G1 X126.480 Y99.857
G1 X125.823 Y101.121
G1 X124.255 Y101.475
G1 X124.208 Y103.349
G1 X122.301 Y103.363
G1 X122.256 Y105.240
G1 X120.465 Y105.370
G1 X120.247 Y107.073
G1 X118.576 Y107.323
G1 X118.349 Y109.017
G1 X116.655 Y109.245
G1 X116.382 Y110.893
G1 X114.784 Y111.216
G1 X114.431 Y112.784
G1 X112.886 Y113.160
G1 X112.485 Y114.680
G1 X111.010 Y115.126
G1 X110.531 Y116.569
G1 X109.084 Y117.042
G1 X108.665 Y118.545
G1 X107.105 Y118.906
G1 X106.731 Y120.454
G1 X105.201 Y120.844
G1 X104.830 Y122.395
G1 X103.220 Y122.705
G1 X102.959 Y124.366
G1 X101.278 Y124.606
G1 X101.073 Y126.322
G1 X99.259 Y126.430
G1 X99.130 Y128.221
G1 X97.416 Y128.429
G1 X97.226 Y130.160
G1 X95.490 Y130.345
G1 X95.315 Y132.091
G1 X93.541 Y132.238
G1 X93.547 Y134.165
G1 X91.494 Y134.034
G1 X91.626 Y136.086
G1 X89.616 Y135.998
G1 X89.634 Y137.937
G1 X87.758 Y137.982
G1 X87.673 Y139.818
G1 X85.814 Y139.880
G1 X85.815 Y141.802
G1 X83.923 Y141.832
G1 X83.838 Y143.668
G1 X81.924 Y143.675
G1 X82.000 Y145.672
G1 X80.010 Y145.604
G1 X80.008 Y147.523
G1 X78.282 Y147.718
G1 X77.972 Y149.329
G1 X76.351 Y149.629
G1 X75.945 Y151.144
G1 X74.518 Y151.638
G1 X74.052 Y153.093
G1 X72.436 Y153.399
G1 X72.339 Y155.223
G1 X70.525 Y155.330
G1 X70.373 Y157.099
G1 X68.717 Y157.364
G1 X68.155 Y158.724
G1 X66.911 Y159.401
G1 X66.334 Y160.745
G1 X64.817 Y161.149
G1 X64.496 Y162.749
G1 X62.798 Y162.972
M5
G0 X61.803 Y165.819
M3 S90
G1 X59.946 Y165.884
M5
G0 X59.241 Y165.178
M3 S90
G1 X59.571 Y163.588
M5
G0 X58.031 Y163.969
M3 S90
G1 X58.326 Y162.343
G1 X59.799 Y161.894
G1 X60.323 Y160.497
G1 X61.738 Y159.991
G1 X62.294 Y158.626
G1 X63.767 Y158.177
G1 X64.371 Y156.860
G1 X65.693 Y156.261
M5
G0 X67.140 Y153.866
M3 S90
G1 X68.549 Y153.354
G1 X68.908 Y151.791
G1 X70.646 Y151.609
G1 X70.892 Y149.933
G1 X72.485 Y149.605
G1 X72.865 Y148.065
G1 X74.356 Y147.634
G1 X74.824 Y146.181
G1 X76.234 Y145.670
G1 X76.695 Y144.210
G1 X78.439 Y144.032
G1 X78.652 Y142.324
G1 X80.260 Y142.011
G1 X80.329 Y140.159
G1 X82.141 Y140.049
G1 X82.215 Y138.203
G1 X84.105 Y138.171
G1 X84.254 Y136.400
G1 X86.073 Y136.297
G1 X86.145 Y134.448
G1 X88.085 Y134.467
G1 X87.959 Y132.419
G1 X90.044 Y132.583
G1 X89.887 Y130.506
G1 X91.935 Y130.632
G1 X91.849 Y128.625
G1 X93.763 Y128.618
G1 X93.888 Y126.821
G1 X95.624 Y126.636
G1 X95.774 Y124.865
G1 X97.540 Y124.710
G1 X97.763 Y123.012
G1 X99.456 Y122.784
G1 X99.709 Y121.116
G1 X101.370 Y120.855
G1 X101.645 Y119.210
G1 X103.221 Y118.864
G1 X103.599 Y117.321
G1 X105.139 Y116.940
G1 X105.525 Y115.405
G1 X107.058 Y115.017
G1 X107.489 Y113.526
G1 X108.929 Y113.045
G1 X109.408 Y111.603
G1 X110.855 Y111.129
G1 X111.304 Y109.656
G1 X112.811 Y109.243
G1 X113.187 Y107.698
G1 X114.773 Y107.362
G1 X115.071 Y105.739
G1 X116.830 Y105.576
G1 X116.974 Y103.800
G1 X118.733 Y103.638
G1 X118.840 Y101.824
G1 X120.720 Y101.782
G1 X120.671 Y99.812
G1 X122.309 Y99.529
G1 X122.949 Y98.247
G1 X124.200 Y97.578
G1 X124.877 Y96.334
G1 X126.137 Y95.672
G1 X126.771 Y94.385
G1 X128.108 Y93.801
G1 X128.627 Y92.399
G1 X130.099 Y91.950
G1 X130.448 Y90.377
G1 X132.113 Y90.122
G1 X132.326 Y88.413
G1 X134.035 Y88.201
G1 X134.200 Y86.444
G1 X135.888 Y86.212
G1 X136.264 Y84.666
G1 X137.729 Y84.210
G1 X138.245 Y82.805
G1 X139.683 Y82.322
G1 X140.171 Y80.889
G1 X141.503 Y80.300
G1 X142.143 Y79.018
G1 X143.522 Y78.477
G1 X143.928 Y76.962
G1 X145.333 Y76.445
G1 X145.960 Y75.151
G1 X147.367 Y74.637
G1 X147.713 Y73.062
G1 X149.241 Y72.668
G1 X149.724 Y71.231
G1 X151.094 Y70.679
G1 X151.751 Y69.415
G1 X153.053 Y68.796
G1 X153.710 Y67.531
G1 X155.059 Y66.960
G1 X155.606 Y65.585
G1 X156.968 Y65.026
G1 X157.324 Y63.461
G1 X158.894 Y63.110
G1 X159.275 Y61.570
G1 X160.868 Y61.242
G1 X161.169 Y59.621
G1 X162.867 Y59.398
G1 X163.065 Y57.675
G1 X164.939 Y57.628
G1 X164.825 Y55.593
G1 X166.810 Y55.656
G1 X166.761 Y53.687
G1 X168.472 Y53.477
G1 X168.871 Y51.954
G1 X170.491 Y51.653
G1 X170.822 Y50.063
G1 X172.398 Y49.717
G1 X172.716 Y48.114
G1 X174.319 Y47.796
G1 X174.619 Y46.175
G1 X176.426 Y46.061
G1 X176.277 Y43.991
G1 X178.204 Y43.996
M5
G0 X180.497 Y44.369
M3 S90
G1 X178.794 Y44.586
G1 X178.503 Y46.217
G1 X176.832 Y46.467
G1 X176.607 Y48.163
G1 X174.971 Y48.449
G1 X174.658 Y50.057
G1 X173.085 Y50.405
G1 X172.702 Y51.943
G1 X171.139 Y52.301
G1 X170.793 Y53.877
G1 X169.080 Y54.084
G1 X169.123 Y56.049
G1 X167.066 Y55.912
G1 X167.142 Y57.910
G1 X165.165 Y57.854
G1 X165.306 Y59.916
G1 X163.429 Y59.960
G1 X163.152 Y61.604
G1 X161.503 Y61.877
G1 X161.240 Y63.535
G1 X159.577 Y63.793
G1 X159.357 Y65.494
G1 X157.741 Y65.799
G1 X157.258 Y67.237
G1 X155.823 Y67.723
G1 X155.264 Y69.085
G1 X153.854 Y69.596
G1 X153.403 Y71.067
G1 X152.010 Y71.595
G1 X151.532 Y73.038
G1 X150.087 Y73.514
G1 X149.503 Y74.851
G1 X148.238 Y75.508
G1 X147.607 Y76.797
G1 X146.234 Y77.346
G1 X145.640 Y78.673
G1 X144.338 Y79.293
G1 X143.852 Y80.728
G1 X142.520 Y81.317
G1 X141.931 Y82.649
G1 X140.584 Y83.223
G1 X139.892 Y84.452
G1 X138.434 Y84.916
G1 X138.131 Y86.534
G1 X136.568 Y86.892
G1 X136.110 Y88.355
G1 X134.544 Y88.710
G1 X134.352 Y90.439
G1 X132.676 Y90.684
G1 X132.385 Y92.315
G1 X130.847 Y92.698
G1 X130.359 Y94.131
G1 X128.992 Y94.684
G1 X128.390 Y96.004
G1 X127.116 Y96.651
G1 X126.441 Y97.898
G1 X125.199 Y98.577
G1 X124.517 Y99.816
G1 X123.243 Y100.463
G1 X122.953 Y102.094
G1 X121.011 Y102.073
G1 X120.979 Y103.962
G1 X119.208 Y104.112
G1 X118.970 Y105.796
G1 X117.256 Y106.003
G1 X117.056 Y107.724
G1 X115.405 Y107.995
G1 X115.082 Y109.593
G1 X113.504 Y109.936
G1 X113.131 Y111.484
G1 X111.633 Y111.907
G1 X111.170 Y113.365
G1 X109.730 Y113.846
G1 X109.251 Y115.288
G1 X107.806 Y115.765
G1 X107.368 Y117.247
G1 X105.847 Y117.648
G1 X105.456 Y119.178
G1 X103.929 Y119.572
G1 X103.550 Y121.115
G1 X101.935 Y121.420
G1 X101.722 Y123.129
G1 X99.991 Y123.319
G1 X99.801 Y125.050
G1 X97.967 Y125.137
G1 X97.917 Y127.009
G1 X96.141 Y127.153
G1 X95.954 Y128.887
G1 X94.200 Y129.055
G1 X94.075 Y130.851
G1 X92.168 Y130.865
G1 X92.279 Y132.898
G1 X90.199 Y132.739
G1 X90.361 Y134.821
G1 X88.396 Y134.778
G1 X88.349 Y136.652
G1 X86.490 Y136.714
G1 X86.373 Y138.518
G1 X84.521 Y138.588
G1 X84.527 Y140.514
G1 X82.655 Y140.564
G1 X82.613 Y142.443
G1 X80.624 Y142.375
G1 X80.680 Y144.352
G1 X78.961 Y144.554
G1 X78.497 Y146.012
G1 X76.849 Y146.285
G1 X76.664 Y148.021
G1 X75.139 Y148.417
G1 X74.645 Y149.844
G1 X73.213 Y150.333
G1 X72.824 Y151.866
G1 X71.214 Y152.176
G1 X70.981 Y153.865
G1 X69.197 Y154.002
G1 X68.826 Y155.552
G1 X67.595 Y156.242
G1 X66.845 Y157.413
G1 X65.623 Y158.113
G1 X65.137 Y159.548
G1 X63.624 Y159.956
M5
G0 X61.544 Y157.875
M3 S90
G1 X61.899 Y156.310
G1 X63.415 Y155.904
G1 X63.958 Y154.527
G1 X65.343 Y153.990
G1 X65.975 Y152.701
G1 X67.232 Y152.037
M5
G0 X68.588 Y149.551
M3 S90
G1 X70.314 Y149.356
G1 X70.580 Y147.700
G1 X72.180 Y147.379
G1 X72.526 Y145.804
G1 X74.111 Y145.468
G1 X74.615 Y144.051
G1 X75.874 Y143.389
G1 X76.182 Y141.776
G1 X77.803 Y141.475
G1 X78.058 Y139.809
G1 X79.985 Y139.815
G1 X80.133 Y138.041
G1 X81.864 Y137.851
G1 X82.122 Y136.188
G1 X83.793 Y135.938
G1 X83.907 Y134.131
G1 X85.759 Y134.062
G1 X85.768 Y132.150
G1 X87.775 Y132.236
G1 X87.634 Y130.173
G1 X89.737 Y130.355
G1 X89.578 Y128.275
G1 X91.603 Y128.379
G1 X91.557 Y126.411
G1 X93.436 Y126.370
G1 X93.568 Y124.581
G1 X95.322 Y124.413
G1 X95.392 Y122.562
G1 X97.190 Y122.439
G1 X97.426 Y120.753
G1 X99.132 Y120.538
G1 X99.392 Y118.877
G1 X101.045 Y118.610
G1 X101.326 Y116.969
G1 X102.901 Y116.623
G1 X103.277 Y115.078
G1 X104.842 Y114.722
G1 X105.203 Y113.162
G1 X106.688 Y112.726
G1 X107.167 Y111.283
G1 X108.615 Y110.810
G1 X109.081 Y109.354
G1 X110.548 Y108.901
G1 X110.989 Y107.421
G1 X112.497 Y107.007
G1 X112.865 Y105.454
G1 X114.446 Y105.114
G1 X114.761 Y103.508
G1 X116.460 Y103.286
G1 X116.695 Y101.600
G1 X118.446 Y101.430
G1 X118.450 Y99.513
G1 X120.310 Y99.451
G1 X120.716 Y97.935
G1 X121.962 Y97.261
G1 X122.637 Y96.014
G1 X123.893 Y95.350
G1 X124.535 Y94.071
G1 X125.850 Y93.464
G1 X126.414 Y92.107
G1 X127.839 Y91.610
G1 X128.232 Y90.083
G1 X129.860 Y89.790
G1 X130.098 Y88.106
G1 X131.784 Y87.871
G1 X131.992 Y86.157
G1 X133.532 Y85.777
G1 X134.001 Y84.324
G1 X135.446 Y83.848
G1 X136.040 Y82.521
G1 X137.429 Y81.990
G1 X137.918 Y80.557
G1 X139.283 Y80.001
G1 X139.844 Y78.641
G1 X141.299 Y78.175
G1 X141.856 Y76.810
G1 X143.258 Y76.291
G1 X143.792 Y74.904
G1 X145.127 Y74.317
G1 X145.505 Y72.775
M5
G0 X148.139 Y71.566
M3 S90
G1 X148.344 Y69.850
G1 X150.045 Y69.630
G1 X150.504 Y68.167
G1 X151.753 Y67.496
G1 X152.390 Y66.211
G1 X153.779 Y65.680
G1 X154.296 Y64.275
G1 X155.562 Y63.621
G1 X156.184 Y62.321
G1 X157.612 Y61.827
G1 X157.997 Y60.292
G1 X159.658 Y60.032
G1 X159.873 Y58.326
G1 X161.610 Y58.141
G1 X161.862 Y56.472
G1 X163.458 Y56.147
G1 X163.676 Y54.443
G1 X165.630 Y54.477
G1 X165.491 Y52.417
G1 X167.471 Y52.475
G1 X167.553 Y50.636
G1 X169.259 Y50.421
G1 X169.534 Y48.775
G1 X171.087 Y48.407
G1 X171.458 Y46.857
G1 X173.034 Y46.511
G1 X173.332 Y44.888
G1 X175.008 Y44.642
M5
G0 X172.754 Y44.310
M3 S90
G1 X171.159 Y44.636
G1 X170.813 Y46.211
G1 X169.207 Y46.527
G1 X168.917 Y48.158
G1 X167.138 Y48.300
G1 X167.167 Y50.250
G1 X165.119 Y50.123
G1 X165.311 Y52.236
G1 X163.441 Y52.288
G1 X163.181 Y53.949
G1 X161.515 Y54.204
G1 X161.242 Y55.852
G1 X159.617 Y56.148
G1 X159.389 Y57.841
G1 X157.588 Y57.961
G1 X157.420 Y59.715
G1 X155.867 Y60.083
G1 X155.411 Y61.548
G1 X154.024 Y62.082
G1 X153.570 Y63.550
G1 X152.002 Y63.903
G1 X151.413 Y65.235
G1 X150.166 Y65.909
G1 X149.610 Y67.274
G1 X148.260 Y67.845
G1 X147.654 Y69.160
G1 X146.327 Y69.754
G1 X145.650 Y70.998
G1 X144.283 Y71.552
G1 X143.749 Y72.940
G1 X142.294 Y73.406
G1 X141.933 Y74.966
G1 X140.405 Y75.359
G1 X140.067 Y76.942
G1 X138.599 Y77.396
G1 X138.045 Y78.763
G1 X136.593 Y79.232
G1 X136.129 Y80.689
G1 X134.742 Y81.223
G1 X134.123 Y82.525
G1 X132.813 Y83.137
G1 X132.402 Y84.647
G1 X130.970 Y85.136
G1 X130.469 Y86.556
G1 X128.805 Y86.814
G1 X128.583 Y88.512
G1 X126.947 Y88.798
G1 X126.574 Y90.345
G1 X125.111 Y90.804
G1 X124.582 Y92.196
G1 X123.248 Y92.783
G1 X122.621 Y94.077
G1 X121.352 Y94.729
G1 X120.685 Y95.983
G1 X119.425 Y96.645
G1 X118.796 Y97.937
G1 X117.391 Y98.454
G1 X117.043 Y100.027
G1 X115.322 Y100.227
G1 X115.150 Y101.975
G1 X113.459 Y102.205
G1 X113.173 Y103.841
G1 X111.563 Y104.152
G1 X111.197 Y105.707
G1 X109.717 Y106.148
G1 X109.268 Y107.621
G1 X107.806 Y108.079
G1 X107.334 Y109.529
G1 X105.892 Y110.008
G1 X105.473 Y111.511
G1 X103.910 Y111.869
G1 X103.537 Y113.417
G1 X102.009 Y113.810
G1 X101.614 Y115.336
G1 X100.048 Y115.691
G1 X99.755 Y117.320
G1 X98.104 Y117.590
G1 X97.854 Y119.261
G1 X96.181 Y119.508
G1 X95.945 Y121.194
G1 X94.129 Y121.299
G1 X94.027 Y123.118
G1 X92.263 Y123.276
G1 X92.186 Y125.120
G1 X90.294 Y125.149
G1 X90.373 Y127.149
G1 X88.275 Y126.972
G1 X88.449 Y129.067
G1 X86.351 Y128.891
G1 X86.505 Y130.966
G1 X84.473 Y130.855
G1 X84.557 Y132.859
G1 X82.650 Y132.874
G1 X82.522 Y134.668
G1 X80.678 Y134.745
G1 X80.669 Y136.657
G1 X78.870 Y136.779
G1 X78.680 Y138.510
G1 X77.064 Y138.815
G1 X76.764 Y140.436
G1 X75.193 Y140.787
G1 X74.742 Y142.257
G1 X73.039 Y142.475
G1 X72.764 Y144.120
G1 X71.216 Y144.494
G1 X70.923 Y146.122
G1 X69.222 Y146.342
G1 X69.052 Y148.093
G1 X67.408 Y148.371
G1 X67.060 Y149.944
G1 X65.543 Y150.347
G1 X65.117 Y151.843
G1 X63.609 Y152.256
M5
G0 X62.087 Y154.576
M3 S90
G1 X60.878 Y155.288
M5
G0 X59.300 Y157.553
M3 S90
G1 X58.001 Y158.175
G1 X57.271 Y159.367
G1 X55.967 Y159.983
M5
G0 X54.939 Y157.035
M3 S90
G1 X55.408 Y155.582
G1 X56.702 Y154.956
G1 X57.063 Y153.395
G1 X58.523 Y152.934
G1 X59.200 Y151.690
G1 X60.635 Y151.204
G1 X61.164 Y149.811
G1 X62.386 Y149.112
G1 X62.987 Y147.792
G1 X64.402 Y147.286
G1 X64.873 Y145.836
G1 X66.414 Y145.455
G1 X66.800 Y143.920
G1 X68.342 Y143.542
G1 X68.555 Y141.833
G1 X70.306 Y141.663
G1 X70.499 Y139.934
G1 X72.318 Y139.832
G1 X72.623 Y138.217
G1 X73.945 Y137.617
G1 X74.600 Y136.351
G1 X76.092 Y135.922
G1 X76.365 Y134.274
G1 X78.021 Y134.009
G1 X78.234 Y132.300
G1 X80.020 Y132.165
G1 X79.982 Y130.206
G1 X82.034 Y130.337
G1 X81.868 Y128.249
G1 X83.892 Y128.353
G1 X83.811 Y126.351
G1 X85.869 Y126.487
G1 X85.783 Y124.480
G1 X87.735 Y124.511
G1 X87.684 Y122.539
G1 X89.608 Y122.542
G1 X89.680 Y120.693
G1 X91.497 Y120.588
G1 X91.662 Y118.832
G1 X93.451 Y118.700
G1 X93.598 Y116.926
G1 X95.256 Y116.663
G1 X95.499 Y114.984
G1 X97.205 Y114.769
G1 X97.448 Y113.091
G1 X99.084 Y112.805
G1 X99.427 Y111.227
G1 X100.980 Y110.859
G1 X101.353 Y109.311
G1 X102.891 Y108.928
G1 X103.292 Y107.408
G1 X104.777 Y106.972
G1 X105.258 Y105.532
G1 X106.650 Y105.003
G1 X107.204 Y103.636
G1 X108.606 Y103.117
G1 X109.095 Y101.684
G1 X110.593 Y101.261
G1 X110.901 Y99.648
G1 X112.549 Y99.375
G1 X112.825 Y97.729
G1 X114.531 Y97.514
G1 X114.640 Y95.703
M5
G0 X112.620 Y95.604
M3 S90
G1 X112.270 Y97.174
G1 X110.627 Y97.452
G1 X110.286 Y99.033
G1 X108.766 Y99.434
G1 X108.294 Y100.884
G1 X106.862 Y101.372
G1 X106.386 Y102.817
G1 X104.931 Y103.284
G1 X104.465 Y104.739
G1 X102.964 Y105.159
G1 X102.569 Y106.685
G1 X101.043 Y107.081
G1 X100.658 Y108.616
G1 X99.117 Y108.997
G1 X98.751 Y110.552
G1 X97.148 Y110.870
G1 X96.888 Y112.531
G1 X95.212 Y112.776
G1 X94.947 Y114.432
G1 X93.278 Y114.685
G1 X93.041 Y116.368
G1 X91.315 Y116.563
G1 X91.142 Y118.312
G1 X89.368 Y118.460
G1 X89.284 Y120.296
G1 X87.442 Y120.376
G1 X87.360 Y122.215
G1 X85.478 Y122.254
G1 X85.461 Y124.159
G1 X83.545 Y124.163
G1 X83.616 Y126.155
G1 X81.558 Y126.019
G1 X81.717 Y128.099
G1 X79.657 Y127.960
G1 X79.736 Y129.960
G1 X77.716 Y129.861
G1 X77.453 Y131.519
G1 X75.955 Y131.943
G1 X75.788 Y133.697
G1 X74.112 Y133.942
G1 X73.791 Y135.542
G1 X72.226 Y135.898
G1 X71.971 Y137.564
G1 X70.217 Y137.731
G1 X70.019 Y139.455
G1 X68.233 Y139.590
M5
G0 X66.987 Y142.186
M3 S90
G1 X65.427 Y142.547
G1 X65.179 Y144.220
G1 X63.638 Y144.601
G1 X63.180 Y146.064
G1 X61.805 Y146.610
G1 X61.213 Y147.940
G1 X59.874 Y148.521
G1 X59.388 Y149.956
M5
G0 X56.949 Y151.360
M3 S90
G1 X56.305 Y152.637
M5
G0 X54.694 Y151.026
M3 S90
G1 X55.998 Y150.409
G1 X56.718 Y149.207
G1 X58.050 Y148.618
G1 X58.456 Y147.103
G1 X60.071 Y146.798
G1 X60.394 Y145.199
G1 X61.892 Y144.776
G1 X62.401 Y143.364
G1 X63.756 Y142.797
G1 X64.262 Y141.382
G1 X65.797 Y140.996
G1 X66.221 Y139.499
G1 X67.503 Y138.859
G1 X67.871 Y137.306
G1 X69.687 Y137.202
G1 X69.940 Y135.533
G1 X71.548 Y135.220
G1 X71.889 Y133.640
G1 X73.346 Y133.176
G1 X73.998 Y131.907
G1 X75.315 Y131.303
G1 X75.581 Y129.647
G1 X77.400 Y129.545
G1 X77.657 Y127.881
G1 X79.496 Y127.799
G1 X79.410 Y125.792
G1 X81.300 Y125.760
G1 X81.359 Y123.898
G1 X83.236 Y123.854
G1 X83.202 Y121.900
G1 X85.172 Y121.948
G1 X85.149 Y120.003
G1 X87.040 Y119.974
G1 X87.125 Y118.137
G1 X88.977 Y118.068
G1 X89.086 Y116.257
G1 X90.807 Y116.056
G1 X90.985 Y114.313
G1 X92.736 Y114.143
G1 X92.969 Y112.454
G1 X94.687 Y112.252
G1 X94.890 Y110.533
G1 X96.533 Y110.255
G1 X96.864 Y108.665
G1 X98.427 Y108.307
G1 X98.795 Y106.754
G1 X100.346 Y106.383
G1 X100.719 Y104.835
G1 X102.259 Y104.454
G1 X102.627 Y102.901
G1 X104.140 Y102.493
G1 X104.596 Y101.028
G1 X106.079 Y100.589
G1 X106.527 Y99.117
G1 X108.010 Y98.678
G1 X108.351 Y97.098
G1 X109.986 Y96.812
G1 X110.267 Y95.171
G1 X111.950 Y94.934
G1 X112.356 Y93.418
M5
G0 X112.644 Y91.785
M3 S90
G1 X112.952 Y90.172
G1 X114.580 Y89.879
G1 X115.001 Y88.379
G1 X116.471 Y87.928
G1 X116.814 Y86.350
G1 X118.174 Y85.788
G1 X118.319 Y84.012
G1 X120.454 Y84.226
G1 X120.579 Y82.430
G1 X122.308 Y82.237
G1 X122.342 Y80.350
G1 X124.106 Y80.193
G1 X124.313 Y78.479
G1 X126.009 Y78.254
G1 X126.292 Y76.616
G1 X127.948 Y76.351
G1 X128.233 Y74.715
G1 X129.837 Y74.397
G1 X130.160 Y72.799
G1 X131.745 Y72.463
G1 X132.093 Y70.890
G1 X133.563 Y70.439
G1 X134.005 Y68.959
G1 X135.530 Y68.563
G1 X135.918 Y67.030
G1 X137.486 Y66.677
G1 X137.932 Y65.202
G1 X139.282 Y64.630
G1 X139.861 Y63.288
G1 X141.231 Y62.737
G1 X141.631 Y61.217
G1 X143.322 Y60.986
G1 X143.748 Y59.491
G1 X145.045 Y58.867
G1 X145.682 Y57.583
G1 X147.092 Y57.071
G1 X147.473 Y55.531
G1 X148.965 Y55.102
G1 X149.431 Y53.647
G1 X150.949 Y53.244
G1 X151.368 Y51.741
G1 X152.878 Y51.330
G1 X153.271 Y49.802
G1 X154.817 Y49.427
G1 X155.150 Y47.839
G1 X156.735 Y47.503
G1 X157.013 Y45.860
G1 X158.677 Y45.602
G1 X158.914 Y43.919
M5
G0 X157.346 Y44.272
M3 S90
G1 X155.753 Y44.600
G1 X155.425 Y46.193
G1 X153.930 Y46.619
G1 X153.612 Y48.222
G1 X152.051 Y48.583
G1 X151.492 Y49.945
G1 X150.138 Y50.511
G1 X149.551 Y51.846
G1 X148.096 Y52.312
G1 X147.607 Y53.744
G1 X146.290 Y54.349
G1 X145.726 Y55.706
G1 X144.286 Y56.187
G1 X143.813 Y57.634
G1 X142.443 Y58.186
G1 X141.809 Y59.473
G1 X140.555 Y60.140
G1 X139.993 Y61.499
G1 X138.488 Y61.915
G1 X138.042 Y63.390
G1 X136.680 Y63.949
G1 X136.101 Y65.292
G1 X134.628 Y65.740
G1 X134.247 Y67.280
G1 X132.820 Y67.774
G1 X132.314 Y69.189
G1 X130.904 Y69.700
G1 X130.473 Y71.191
G1 X128.910 Y71.549
G1 X128.516 Y73.077
G1 X126.938 Y73.420
G1 X126.633 Y75.035
G1 X124.964 Y75.288
G1 X124.747 Y76.992
G1 X123.086 Y77.252
G1 X122.791 Y78.878
G1 X121.137 Y79.146
G1 X120.985 Y80.914
G1 X119.151 Y81.001
G1 X118.863 Y82.635
G1 X117.393 Y83.086
G1 X117.245 Y84.860
G1 X115.221 Y84.756
G1 X115.149 Y86.605
G1 X113.550 Y86.928
G1 X112.961 Y88.260
G1 X111.780 Y89.000
G1 X111.038 Y90.179
M5
G0 X108.539 Y91.523
M3 S90
G1 X108.480 Y93.384
G1 X106.731 Y93.557
G1 X106.431 Y95.177
G1 X104.863 Y95.531
G1 X104.509 Y97.099
G1 X102.982 Y97.492
G1 X102.558 Y98.990
G1 X101.030 Y99.383
G1 X100.670 Y100.943
G1 X99.107 Y101.302
G1 X98.748 Y102.865
G1 X97.193 Y103.230
G1 X96.842 Y104.801
G1 X95.242 Y105.121
G1 X94.944 Y106.745
G1 X93.230 Y106.952
G1 X93.033 Y108.676
G1 X91.359 Y108.924
G1 X91.139 Y110.625
G1 X89.315 Y110.722
G1 X89.215 Y112.543
G1 X87.379 Y112.628
G1 X87.415 Y114.585
G1 X85.483 Y114.574
G1 X85.604 Y116.616
G1 X83.499 Y116.432
G1 X83.560 Y118.415
G1 X81.660 Y118.436
G1 X81.576 Y120.273
G1 X79.852 Y120.471
G1 X79.524 Y122.064
G1 X78.067 Y122.527
G1 X77.488 Y123.869
G1 X76.216 Y124.519
G1 X75.529 Y125.753
G1 X74.305 Y126.450
G1 X73.610 Y127.677
G1 X71.876 Y127.864
G1 X72.040 Y129.949
G1 X70.091 Y129.921
G1 X70.207 Y131.958
G1 X68.383 Y132.055
G1 X68.173 Y133.766
G1 X66.417 Y133.931
G1 X66.018 Y135.454
G1 X64.661 Y136.018
G1 X64.137 Y137.415
G1 X62.504 Y137.703
M5
G0 X61.258 Y140.300
M3 S90
G1 X59.909 Y140.871
G1 X59.219 Y142.103
G1 X57.706 Y142.511
G1 X57.408 Y144.134
G1 X55.818 Y144.465
G1 X55.477 Y146.046
M5
G0 X53.189 Y147.600
M3 S90
G1 X52.467 Y148.799
G1 X51.095 Y149.348
G1 X50.852 Y151.027
G1 X48.943 Y151.038
G1 X48.693 Y152.709
G1 X47.225 Y153.163
G1 X46.769 Y154.628
G1 X45.392 Y155.172
G1 X44.911 Y156.612
M5
G0 X45.804 Y157.506
M3 S90
G1 X45.313 Y158.935
G1 X43.861 Y159.404
G1 X43.156 Y160.621
G1 X41.914 Y161.300
G1 X41.421 Y162.728
G1 X39.860 Y163.088
G1 X39.407 Y164.556
G1 X38.100 Y165.170
G1 X37.433 Y166.424
M5
G0 X35.894 Y164.886
M3 S90
G1 X37.321 Y164.392
G1 X37.577 Y162.726
G1 X39.082 Y162.310
G1 X39.586 Y160.893
M5
G0 X39.412 Y158.798
M3 S90
G1 X40.751 Y158.216
G1 X41.152 Y156.696
M5
G0 X42.420 Y157.963
M3 S90
G1 X42.097 Y159.561
M5
G0 X38.415 Y157.801
M3 S90
G1 X38.901 Y156.366
G1 X40.475 Y156.018
G1 X40.838 Y154.460
G1 X42.403 Y154.104
G1 X42.749 Y152.529
M5
G0 X43.698 Y155.400
M3 S90
G1 X44.004 Y153.784
G1 X45.444 Y153.303
G1 X45.960 Y151.898
G1 X47.428 Y151.444
M5
G0 X46.080 Y150.096
M3 S90
G1 X46.548 Y148.644
G1 X47.968 Y148.143
M5
G0 X47.671 Y145.925
M3 S90
G1 X46.425 Y146.599
G1 X45.748 Y147.843
G1 X44.519 Y148.535
G1 X43.804 Y149.742
G1 X42.414 Y150.273
G1 X42.099 Y151.879
G1 X40.556 Y152.257
G1 X40.152 Y153.775
G1 X38.610 Y154.153
G1 X38.216 Y155.681
M5
G0 X35.901 Y157.208
M3 S90
G1 X35.209 Y158.437
M5
G0 X31.146 Y156.295
M3 S90
G1 X32.737 Y155.965
G1 X33.208 Y154.515
G1 X34.537 Y153.923
G1 X35.081 Y152.546
G1 X36.702 Y152.246
G1 X36.975 Y150.597
G1 X38.608 Y150.309
G1 X38.969 Y148.749
G1 X40.439 Y148.298
G1 X40.847 Y146.785
G1 X42.305 Y146.321
M5
G0 X43.907 Y144.081
M3 S90
G1 X45.274 Y143.528
G1 X45.838 Y142.170
G1 X47.108 Y141.518
G1 X47.709 Y140.199
G1 X49.107 Y139.675
G1 X49.563 Y138.210
G1 X51.048 Y137.774
G1 X51.278 Y136.083
G1 X52.798 Y135.682
M5
G0 X54.403 Y133.445
M3 S90
G1 X55.881 Y133.001
G1 X56.129 Y131.328
M5
G0 X58.863 Y130.220
M3 S90
G1 X58.940 Y128.376
G1 X60.621 Y128.136
G1 X61.047 Y126.640
G1 X62.490 Y126.162
G1 X62.958 Y124.709
G1 X64.516 Y124.346
G1 X64.822 Y122.730
G1 X66.452 Y122.440
G1 X66.813 Y120.879
G1 X68.331 Y120.476
G1 X68.651 Y118.875
G1 X70.199 Y118.502
G1 X70.703 Y117.085
G1 X72.053 Y116.513
G1 X72.677 Y115.216
G1 X73.939 Y114.557
G1 X74.618 Y113.315
G1 X75.855 Y112.631
G1 X76.544 Y111.399
G1 X77.771 Y110.705
G1 X78.468 Y109.480
G1 X79.692 Y108.783
G1 X80.387 Y107.557
G1 X81.618 Y106.867
G1 X82.308 Y105.636
G1 X83.537 Y104.944
G1 X84.229 Y103.715
G1 X85.463 Y103.028
G1 X86.143 Y101.786
G1 X87.392 Y101.114
G1 X88.056 Y99.857
G1 X89.321 Y99.200
G1 X89.970 Y97.928
G1 X91.244 Y97.282
G1 X91.876 Y95.992
G1 X93.206 Y95.401
G1 X93.732 Y94.006
G1 X95.312 Y93.665
G1 X95.533 Y91.964
G1 X96.983 Y91.493
G1 X97.687 Y90.276
G1 X98.901 Y89.569
G1 X99.601 Y88.348
G1 X100.832 Y87.658
G1 X101.504 Y86.409
G1 X102.791 Y85.775
G1 X103.383 Y84.445
G1 X104.737 Y83.879
G1 X105.286 Y82.506
G1 X106.691 Y81.990
G1 X107.157 Y80.535
G1 X108.710 Y80.167
G1 X108.928 Y78.463
G1 X110.579 Y78.193
G1 X110.887 Y76.580
G1 X112.816 Y76.588
G1 X112.642 Y74.493
G1 X114.690 Y74.619
G1 X114.626 Y72.635
G1 X116.473 Y72.560
G1 X116.801 Y70.967
G1 X118.434 Y70.679
G1 X118.506 Y68.830
G1 X120.114 Y68.517
G1 X120.457 Y66.939
G1 X122.194 Y66.754
G1 X122.451 Y65.090
G1 X124.087 Y64.805
G1 X124.237 Y63.034
G1 X126.104 Y62.979
G1 X126.211 Y61.165
G1 X127.977 Y61.010
G1 X128.227 Y59.340
G1 X129.798 Y58.989
G1 X130.169 Y57.438
G1 X131.714 Y57.063
G1 X132.135 Y55.562
G1 X133.615 Y55.121
G1 X133.875 Y53.461
G1 X135.697 Y53.361
G1 X135.854 Y51.597
G1 X137.515 Y51.337
G1 X137.851 Y49.751
G1 X139.419 Y49.398
G1 X139.752 Y47.810
G1 X141.337 Y47.474
G1 X141.701 Y45.917
G1 X143.249 Y45.543
G1 X143.735 Y44.108
M5
G0 X141.948 Y44.243
M3 S90
G1 X140.350 Y44.566
G1 X140.072 Y46.209
G1 X138.469 Y46.527
G1 X138.091 Y48.070
G1 X136.483 Y48.383
G1 X136.283 Y50.104
G1 X134.667 Y50.410
G1 X134.209 Y51.872
G1 X132.902 Y52.487
G1 X132.383 Y53.889
G1 X130.923 Y54.350
G1 X130.394 Y55.742
G1 X128.816 Y56.086
G1 X128.646 Y57.837
G1 X126.837 Y57.949
G1 X126.767 Y59.801
G1 X124.883 Y59.837
G1 X124.783 Y61.659
G1 X123.246 Y62.042
G1 X122.787 Y63.505
G1 X121.136 Y63.775
G1 X120.981 Y65.541
G1 X119.378 Y65.859
G1 X119.045 Y67.448
G1 X117.294 Y67.618
G1 X116.875 Y69.120
G1 X115.353 Y69.519
G1 X115.213 Y71.300
G1 X113.286 Y71.294
G1 X113.420 Y73.349
G1 X111.327 Y73.178
G1 X111.524 Y75.295
G1 X109.388 Y75.081
G1 X109.301 Y76.915
G1 X107.844 Y77.379
G1 X107.310 Y78.766
G1 X105.943 Y79.320
G1 X105.386 Y80.685
G1 X104.019 Y81.239
G1 X103.462 Y82.604
G1 X102.115 Y83.178
G1 X101.499 Y84.482
G1 X100.222 Y85.126
G1 X99.557 Y86.383
G1 X98.311 Y87.058
G1 X97.626 Y88.294
G1 X96.400 Y88.989
G1 X95.713 Y90.223
G1 X94.476 Y90.907
G1 X93.801 Y92.154
G1 X92.540 Y92.813
G1 X91.873 Y94.068
G1 X90.624 Y94.740
G1 X89.947 Y95.984
G1 X88.710 Y96.668
G1 X88.030 Y97.910
G1 X86.786 Y98.587
G1 X86.109 Y99.831
G1 X84.865 Y100.508
G1 X84.181 Y101.745
G1 X82.946 Y102.432
G1 X82.262 Y103.669
G1 X81.028 Y104.356
G1 X80.338 Y105.587
G1 X79.109 Y106.279
G1 X78.420 Y107.511
G1 X77.178 Y108.190
G1 X76.506 Y109.440
G1 X75.252 Y110.106
G1 X74.597 Y111.373
G1 X73.308 Y112.005
G1 X72.699 Y113.317
G1 X71.347 Y113.886
G1 X70.873 Y115.334
G1 X69.315 Y115.697
G1 X68.997 Y117.300
G1 X67.474 Y117.698
G1 X66.950 Y119.096
G1 X65.415 Y119.481
G1 X65.097 Y121.084
G1 X63.632 Y121.541
G1 X63.269 Y123.099
G1 X61.575 Y123.326
G1 X61.395 Y125.067
G1 X59.787 Y125.380
G1 X59.205 Y126.720
G1 X57.818 Y127.254
G1 X57.385 Y128.742
G1 X55.915 Y129.193
G1 X55.366 Y130.565
G1 X54.144 Y131.264
G1 X53.429 Y132.471
G1 X52.193 Y133.155
G1 X51.589 Y134.472
G1 X50.244 Y135.049
G1 X49.944 Y136.670
G1 X48.230 Y136.877
M5
G0 X46.846 Y139.336
M3 S90
G1 X45.521 Y139.932
M5
G0 X47.334 Y143.666
M3 S90
G1 X46.080 Y144.333
G1 X45.456 Y145.630
G1 X44.239 Y146.335
G1 X43.520 Y147.536
G1 X42.225 Y148.163
G1 X41.752 Y149.611
G1 X40.241 Y150.021
G1 X39.770 Y151.471
M5
G0 X37.279 Y152.823
M3 S90
G1 X37.084 Y154.549
G1 X35.361 Y154.746
G1 X34.859 Y156.166
G1 X33.387 Y156.615
G1 X33.084 Y158.233
G1 X31.543 Y158.614
G1 X31.248 Y160.240
G1 X29.773 Y160.686
G1 X29.282 Y162.116
G1 X27.867 Y162.622
G1 X27.335 Y164.012
G1 X25.830 Y164.428
G1 X25.372 Y165.890
G1 X23.954 Y166.394
G1 X23.398 Y167.759
G1 X21.948 Y168.230
G1 X21.446 Y169.650
G1 X20.195 Y170.319
M5
G0 X21.470 Y171.594
M3 S90
G1 X20.765 Y172.811
M5
G0 X18.545 Y174.433
M3 S90
G1 X18.042 Y175.851
G1 X16.667 Y176.397
M5
G0 X15.703 Y175.433
M3 S90
G1 X16.269 Y174.079
G1 X17.554 Y173.442
M5
G0 X15.532 Y173.341
M3 S90
G1 X13.996 Y173.726
G1 X13.533 Y175.184
G1 X11.975 Y175.547
G1 X11.506 Y177.000
G1 X10.252 Y177.667
G1 X9.871 Y179.207
G1 X8.047 Y179.304
G1 X7.950 Y181.128
G1 X6.055 Y181.155
G1 X5.931 Y182.951
G1 X4.333 Y183.275
G1 X4.110 Y184.973
G1 X2.301 Y185.085
G1 X2.199 Y186.904
G1 X0.362 Y186.989
M5
G0 X0.075 Y184.781
M3 S90
G1 X1.827 Y184.611
G1 X2.039 Y182.902
G1 X3.758 Y182.700
G1 X3.935 Y180.956
G1 X5.747 Y180.846
G1 X5.826 Y179.005
G1 X7.605 Y178.862
G1 X7.705 Y177.041
G1 X9.574 Y176.989
G1 X9.634 Y175.127
G1 X11.445 Y175.018
M5
G0 X11.153 Y172.804
M3 S90
G1 X9.314 Y172.887
G1 X9.069 Y174.563
G1 X7.423 Y174.838
G1 X7.273 Y176.609
G1 X5.529 Y176.787
G1 X5.375 Y178.553
G1 X3.596 Y178.695
G1 X3.418 Y180.439
G1 X1.687 Y180.629
G1 X1.517 Y182.380
G1 X-0.252 Y182.533
M5
G0 X0.389 Y179.331
M3 S90
G1 X2.163 Y179.184
G1 X2.318 Y177.418
G1 X4.064 Y177.243
G1 X4.187 Y175.444
G1 X5.993 Y175.329
G1 X6.120 Y173.535
G1 X7.967 Y173.461
G1 X8.049 Y171.622
G1 X9.870 Y171.522
G1 X9.968 Y169.698
G1 X11.556 Y169.365
G1 X12.052 Y167.940
G1 X13.730 Y167.697
G1 X14.089 Y166.134
M5
G0 X12.695 Y164.741
M3 S90
G1 X14.033 Y164.157
M5
G0 X16.331 Y164.534
M3 S90
G1 X17.015 Y163.298
G1 X18.232 Y162.593
G1 X18.821 Y161.261
G1 X20.108 Y160.627
G1 X20.765 Y159.362
G1 X22.145 Y158.821
G1 X22.608 Y157.363
G1 X24.018 Y156.852
G1 X24.399 Y155.312
M5
G0 X22.612 Y153.525
M3 S90
G1 X20.951 Y153.785
G1 X20.613 Y155.368
G1 X18.990 Y155.666
G1 X18.815 Y157.412
G1 X17.159 Y157.677
G1 X16.695 Y159.135
G1 X15.363 Y159.724
G1 X14.729 Y161.011
G1 X13.482 Y161.685
G1 X12.808 Y162.932
G1 X11.300 Y163.345
G1 X11.102 Y165.069
G1 X9.414 Y165.302
G1 X9.086 Y166.895
G1 X7.553 Y167.283
G1 X7.255 Y168.906
G1 X5.529 Y169.101
G1 X5.334 Y170.828
G1 X3.575 Y170.990
G1 X3.423 Y172.759
G1 X1.659 Y172.916
G1 X1.514 Y174.693
G1 X-0.036 Y175.063
M5
G0 X0.050 Y177.070
M3 S90
G1 X1.846 Y176.946
G1 X1.951 Y175.129
G1 X3.750 Y175.007
G1 X3.940 Y173.276
G1 X5.611 Y173.026
G1 X5.843 Y171.337
G1 X7.605 Y171.177
G1 X7.762 Y169.413
G1 X9.531 Y169.261
G1 X9.663 Y167.472
G1 X11.470 Y167.358
M5
G0 X14.920 Y168.887
M3 S90
G1 X15.399 Y167.444
G1 X16.791 Y166.916
M5
G0 X18.168 Y164.450
M3 S90
G1 X19.585 Y163.946
G1 X20.059 Y162.498
G1 X21.463 Y161.982
G1 X21.985 Y160.582
M5
G0 X22.673 Y163.192
M3 S90
G1 X23.310 Y161.908
G1 X24.798 Y161.474
G1 X25.168 Y159.924
G1 X26.573 Y159.407
G1 X27.152 Y158.065
G1 X28.708 Y157.699
G1 X29.013 Y156.084
G1 X30.596 Y155.746
G1 X30.909 Y154.138
G1 X32.332 Y153.639
G1 X32.828 Y152.214
G1 X34.414 Y151.878
G1 X34.659 Y150.202
G1 X36.335 Y149.957
G1 X36.557 Y148.259
G1 X38.331 Y148.111
M5
G0 X39.590 Y145.527
M3 S90
G1 X41.105 Y145.122
G1 X41.483 Y143.579
M5
G0 X38.842 Y144.779
M3 S90
G1 X39.273 Y143.289
G1 X40.760 Y142.856
G1 X41.151 Y141.325
G1 X42.546 Y140.799
G1 X43.178 Y139.510
G1 X44.623 Y139.034
G1 X45.069 Y137.558
G1 X46.469 Y137.037
G1 X46.970 Y135.617
G1 X48.417 Y135.144
G1 X48.994 Y133.799
G1 X50.474 Y133.358
G1 X50.812 Y131.775
G1 X52.129 Y131.171
M5
G0 X50.465 Y129.507
M3 S90
G1 X51.990 Y129.111
G1 X52.334 Y127.533
G1 X54.110 Y127.388
G1 X54.225 Y125.581
G1 X55.913 Y125.349
G1 X56.171 Y123.685
G1 X57.945 Y123.538
G1 X58.145 Y121.817
G1 X59.685 Y121.436
M5
G0 X60.133 Y123.805
M3 S90
G1 X60.265 Y122.016
G1 X61.881 Y121.710
G1 X62.372 Y120.281
G1 X63.769 Y119.757
G1 X64.107 Y118.174
G1 X65.929 Y118.074
G1 X66.074 Y116.298
G1 X67.888 Y116.190
G1 X67.927 Y114.309
G1 X69.625 Y114.086
G1 X70.014 Y112.553
G1 X71.474 Y112.092
G1 X71.985 Y110.682
G1 X73.365 Y110.141
G1 X73.929 Y108.784
G1 X75.266 Y108.200
G1 X75.873 Y106.885
G1 X77.162 Y106.253
G1 X77.809 Y104.979
G1 X79.073 Y104.322
G1 X79.743 Y103.070
G1 X80.984 Y102.391
G1 X81.664 Y101.149
G1 X82.905 Y100.470
G1 X83.582 Y99.226
G1 X84.827 Y98.549
G1 X85.504 Y97.304
G1 X86.745 Y96.625
G1 X87.430 Y95.388
G1 X88.666 Y94.704
G1 X89.353 Y93.470
G1 X90.588 Y92.783
G1 X91.272 Y91.546
G1 X92.504 Y90.856
G1 X93.191 Y89.622
G1 X94.490 Y89.001
G1 X95.112 Y87.701
G1 X96.354 Y87.022
G1 X97.026 Y85.772
G1 X98.280 Y85.106
G1 X98.942 Y83.846
G1 X100.221 Y83.204
G1 X100.828 Y81.890
G1 X102.162 Y81.303
G1 X102.754 Y79.974
G1 X104.078 Y79.377
G1 X104.683 Y78.060
G1 X106.007 Y77.464
G1 X106.574 Y76.109
G1 X107.986 Y75.600
G1 X108.337 Y74.030
G1 X110.259 Y74.030
G1 X110.024 Y71.875
G1 X112.150 Y72.079
G1 X111.983 Y69.991
G1 X114.028 Y70.115
G1 X114.035 Y68.201
G1 X115.756 Y68.001
G1 X116.024 Y66.347
G1 X117.695 Y66.097
G1 X117.880 Y64.361
G1 X119.553 Y64.113
G1 X119.773 Y62.412
G1 X121.567 Y62.285
G1 X121.835 Y60.632
G1 X123.363 Y60.238
G1 X123.922 Y58.876
G1 X125.377 Y58.410
G1 X125.547 Y56.659
G1 X127.401 Y56.592
G1 X127.475 Y54.745
G1 X129.307 Y54.656
G1 X129.424 Y52.852
G1 X131.160 Y52.667
G1 X131.451 Y51.036
G1 X133.006 Y50.670
G1 X133.422 Y49.165
G1 X134.935 Y48.757
G1 X135.341 Y47.241
G1 X136.806 Y46.785
G1 X137.209 Y45.267
G1 X138.790 Y44.927
G1 X139.143 Y43.359
M5
G0 X136.062 Y44.120
M3 S90
G1 X135.493 Y45.472
G1 X133.988 Y45.888
G1 X133.607 Y47.429
G1 X132.039 Y47.782
G1 X131.849 Y49.513
G1 X130.038 Y49.623
G1 X129.956 Y51.462
G1 X128.124 Y51.551
G1 X128.027 Y53.375
G1 X126.188 Y53.458
G1 X126.030 Y55.221
G1 X124.483 Y55.595
G1 X124.112 Y57.145
G1 X122.489 Y57.443
G1 X122.188 Y59.064
G1 X120.467 Y59.264
G1 X120.392 Y61.110
G1 X118.772 Y61.411
G1 X118.208 Y62.768
G1 X116.547 Y63.028
G1 X116.254 Y64.656
G1 X114.714 Y65.037
G1 X114.421 Y66.665
G1 X112.905 Y67.071
G1 X112.510 Y68.597
G1 X110.967 Y68.975
G1 X110.596 Y70.525
G1 X108.985 Y70.836
G1 X108.778 Y72.549
G1 X106.999 Y72.692
G1 X106.739 Y74.353
G1 X105.278 Y74.814
G1 X104.722 Y76.178
G1 X103.402 Y76.780
G1 X102.783 Y78.082
G1 X101.499 Y78.719
G1 X100.875 Y80.016
G1 X99.550 Y80.612
G1 X98.948 Y81.932
G1 X97.659 Y82.564
G1 X97.000 Y83.825
G1 X95.738 Y84.485
G1 X95.079 Y85.747
G1 X93.854 Y86.444
G1 X93.333 Y87.843
G1 X91.835 Y88.267
G1 X91.236 Y89.589
G1 X89.989 Y90.263
G1 X89.308 Y91.502
G1 X88.068 Y92.184
G1 X87.391 Y93.429
G1 X86.145 Y94.103
G1 X85.473 Y95.352
G1 X84.218 Y96.019
G1 X83.557 Y97.279
G1 X82.290 Y97.933
G1 X81.638 Y99.202
G1 X80.354 Y99.839
G1 X79.739 Y101.146
G1 X78.417 Y101.745
G1 X77.833 Y103.082
G1 X76.484 Y103.654
G1 X75.922 Y105.013
G1 X74.542 Y105.555
G1 X74.024 Y106.957
G1 X72.599 Y107.453
G1 X72.140 Y108.916
G1 X70.632 Y109.329
G1 X70.312 Y110.930
G1 X68.553 Y111.092
G1 X68.499 Y112.959
G1 X66.659 Y113.041
G1 X66.507 Y114.810
G1 X64.821 Y115.045
G1 X64.571 Y116.716
G1 X62.958 Y117.024
G1 X62.567 Y118.554
G1 X61.129 Y119.038
M5
G0 X60.319 Y118.227
M3 S90
G1 X58.746 Y118.575
G1 X58.410 Y120.161
G1 X56.855 Y120.527
G1 X56.501 Y122.095
G1 X54.893 Y122.408
G1 X54.671 Y124.106
M5
G0 X52.016 Y125.295
M3 S90
G1 X51.688 Y126.888
G1 X50.128 Y127.248
M5
G0 X53.794 Y128.994
M3 S90
G1 X55.212 Y128.490
G1 X55.658 Y127.015
G1 X57.171 Y126.606
G1 X57.471 Y124.986
M5
G0 X54.859 Y118.531
M3 S90
G1 X55.250 Y117.001
G1 X56.775 Y116.605
G1 X57.292 Y115.200
G1 X58.719 Y114.707
G1 X59.032 Y113.098
G1 X60.929 Y113.074
G1 X60.933 Y111.157
G1 X62.554 Y110.857
G1 X62.997 Y109.379
G1 X64.593 Y109.054
G1 X64.846 Y107.385
G1 X66.562 Y107.180
G1 X66.712 Y105.409
G1 X68.596 Y105.372
G1 X68.834 Y103.688
G1 X70.216 Y103.149
G1 X70.546 Y101.559
G1 X72.155 Y101.246
G1 X72.626 Y99.796
G1 X74.342 Y99.591
G1 X74.351 Y97.679
G1 X76.107 Y97.514
G1 X76.335 Y95.821
G1 X78.006 Y95.570
G1 X78.229 Y93.872
G1 X79.927 Y93.649
G1 X80.180 Y91.981
G1 X81.798 Y91.678
G1 X82.156 Y90.115
M5
G0 X85.502 Y87.697
M3 S90
G1 X85.886 Y86.159
G1 X87.750 Y86.102
G1 X87.719 Y84.150
G1 X89.688 Y84.199
G1 X89.936 Y82.525
G1 X91.253 Y81.921
G1 X91.852 Y80.599
G1 X93.225 Y80.050
G1 X93.763 Y78.668
G1 X95.136 Y78.119
G1 X95.720 Y76.782
G1 X97.059 Y76.200
G1 X97.613 Y74.833
G1 X98.991 Y74.289
G1 X99.512 Y72.890
G1 X100.929 Y72.386
G1 X101.421 Y70.956
G1 X103.021 Y70.635
G1 X103.269 Y68.962
G1 X104.769 Y68.541
G1 X105.311 Y67.161
G1 X106.628 Y66.557
G1 X107.269 Y65.278
G1 X108.531 Y64.618
G1 X109.198 Y63.364
G1 X110.452 Y62.697
G1 X111.107 Y61.430
G1 X112.444 Y60.846
G1 X112.998 Y59.479
G1 X114.315 Y58.875
G1 X114.909 Y57.548
G1 X116.286 Y57.004
G1 X116.775 Y55.571
G1 X118.252 Y55.128
G1 X118.734 Y53.688
G1 X120.163 Y53.197
G1 X120.492 Y51.604
G1 X122.228 Y51.419
G1 X122.430 Y49.700
G1 X124.041 Y49.390
G1 X124.474 Y47.902
G1 X125.844 Y47.350
G1 X126.456 Y46.041
G1 X127.933 Y45.597
G1 X128.116 Y43.859
M5
G0 X126.114 Y43.778
M3 S90
G1 X125.565 Y45.150
G1 X124.155 Y45.661
G1 X123.747 Y47.174
G1 X122.118 Y47.467
G1 X121.682 Y48.952
G1 X120.295 Y49.486
G1 X119.869 Y50.981
G1 X118.404 Y51.437
G1 X117.920 Y52.875
G1 X116.433 Y53.308
G1 X116.042 Y54.839
G1 X114.527 Y55.244
G1 X114.088 Y56.727
G1 X112.630 Y57.191
G1 X112.162 Y58.643
G1 X110.677 Y59.079
G1 X110.251 Y60.574
G1 X108.826 Y61.071
G1 X108.224 Y62.390
G1 X106.940 Y63.027
G1 X106.311 Y64.319
G1 X105.001 Y64.931
G1 X104.430 Y66.280
G1 X103.020 Y66.791
G1 X102.604 Y68.297
G1 X100.928 Y68.542
G1 X100.640 Y70.175
G1 X99.180 Y70.636
G1 X98.711 Y72.089
G1 X97.251 Y72.550
G1 X96.795 Y74.015
G1 X95.255 Y74.396
G1 X94.889 Y75.951
G1 X93.379 Y76.362
G1 X92.940 Y77.845
G1 X91.460 Y78.286
G1 X91.062 Y79.809
G1 X89.531 Y80.199
G1 X89.035 Y81.624
G1 X87.309 Y81.819
G1 X87.362 Y83.794
G1 X85.536 Y83.889
G1 X85.424 Y85.698
G1 X83.951 Y86.146
G1 X83.470 Y87.586
G1 X81.699 Y87.736
G1 X81.564 Y89.522
G1 X79.803 Y89.682
G1 X79.645 Y91.446
G1 X77.934 Y91.656
G1 X77.714 Y93.357
M5
G0 X75.093 Y94.578
M3 S90
G1 X74.644 Y96.051
G1 X73.109 Y96.436
G1 X72.914 Y98.163
G1 X71.203 Y98.373
G1 X70.882 Y99.973
G1 X69.281 Y100.294
G1 X69.096 Y102.030
G1 X67.551 Y102.406
G1 X67.005 Y103.780
G1 X65.321 Y104.018
G1 X65.214 Y105.832
G1 X63.586 Y106.125
G1 X63.328 Y107.788
G1 X61.634 Y108.016
G1 X61.324 Y109.627
G1 X59.517 Y109.741
G1 X59.568 Y111.714
G1 X57.699 Y111.766
G1 X57.534 Y113.522
G1 X55.899 Y113.807
G1 X55.560 Y115.390
G1 X53.784 Y115.535
G1 X53.850 Y117.522
G1 X52.011 Y117.604
G1 X51.588 Y119.102
M5
G0 X52.421 Y119.935
M3 S90
G1 X52.095 Y121.531
G1 X50.562 Y121.919
G1 X50.177 Y123.455
G1 X48.438 Y123.637
G1 X48.235 Y125.356
G1 X46.630 Y125.671
G1 X46.191 Y127.154
G1 X44.746 Y127.630
G1 X44.145 Y128.950
G1 X42.644 Y129.371
G1 X42.517 Y131.164
G1 X40.816 Y131.385
G1 X40.468 Y132.958
G1 X38.960 Y133.371
M5
G0 X37.536 Y135.789
M3 S90
G1 X36.124 Y136.298
G1 X35.668 Y137.763
G1 X34.085 Y138.101
G1 X33.827 Y139.764
G1 X32.201 Y140.060
G1 X31.778 Y141.558
G1 X30.370 Y142.071
G1 X29.924 Y143.547
G1 X28.534 Y144.078
G1 X27.888 Y145.352
G1 X26.581 Y145.966
G1 X25.991 Y147.299
G1 X24.449 Y147.677
M5
G0 X23.347 Y146.575
M3 S90
G1 X22.830 Y147.980
M5
G0 X20.432 Y147.502
M3 S90
G1 X19.009 Y148.001
M5
G0 X19.194 Y146.265
M3 S90
G1 X19.871 Y145.020
M5
G0 X18.096 Y141.324
M3 S90
G1 X17.685 Y142.834
G1 X16.139 Y143.210
M5
G0 X14.494 Y143.485
M3 S90
G1 X12.853 Y143.766
G1 X12.771 Y145.605
G1 X10.924 Y145.679
G1 X10.825 Y147.501
G1 X9.174 Y147.771
G1 X8.893 Y149.412
G1 X7.255 Y149.695
G1 X6.934 Y151.295
G1 X5.163 Y151.445
G1 X5.061 Y153.264
G1 X3.270 Y153.394
G1 X3.147 Y155.193
M5
G0 X1.651 Y153.697
M3 S90
G1 X0.272 Y154.238
M5
G0 X2.948 Y151.151
M3 S90
G1 X4.734 Y151.016
G1 X4.929 Y149.290
G1 X6.680 Y149.120
G1 X6.812 Y147.331
G1 X8.551 Y147.149
G1 X8.736 Y145.412
G1 X10.485 Y145.240
G1 X10.650 Y143.484
G1 X12.429 Y143.341
G1 X12.483 Y141.475
M5
G0 X15.280 Y140.430
M3 S90
G1 X15.744 Y138.972
G1 X16.955 Y138.262
G1 X17.587 Y136.973
G1 X19.080 Y136.545
G1 X19.428 Y134.972
G1 X20.968 Y134.591
G1 X21.189 Y132.890
G1 X22.957 Y132.737
G1 X23.250 Y131.109
G1 X24.904 Y130.841
G1 X24.958 Y128.975
G1 X26.960 Y129.056
G1 X27.012 Y127.187
G1 X28.746 Y126.999
G1 X28.896 Y125.228
G1 X30.454 Y124.865
G1 X30.872 Y123.362
G1 X32.372 Y122.941
M5
G0 X33.778 Y124.346
M3 S90
G1 X32.270 Y124.760
G1 X31.812 Y126.222
G1 X30.219 Y126.551
G1 X29.875 Y128.129
G1 X28.139 Y128.314
G1 X28.180 Y130.276
G1 X26.321 Y130.338
G1 X26.211 Y132.149
G1 X24.453 Y132.311
G1 X24.195 Y133.975
G1 X22.627 Y134.328
G1 X22.183 Y135.806
G1 X20.728 Y136.272
G1 X20.217 Y137.682
G1 X18.782 Y138.168
G1 X18.238 Y139.545
G1 X17.031 Y140.260
M5
G0 X21.986 Y137.529
M3 S90
G1 X23.476 Y137.098
G1 X23.882 Y135.583
G1 X25.498 Y135.278
G1 X25.740 Y133.599
G1 X27.328 Y133.266
G1 X27.644 Y131.660
G1 X29.280 Y131.375
G1 X29.565 Y129.739
G1 X31.166 Y129.419
G1 X31.682 Y128.014
G1 X33.062 Y127.472
G1 X33.387 Y125.877
G1 X35.081 Y125.649
G1 X35.316 Y123.963
G1 X36.982 Y123.708
G1 X37.395 Y122.200
G1 X38.913 Y121.797
G1 X39.196 Y120.159
G1 X40.839 Y119.881
G1 X41.024 Y118.145
G1 X42.833 Y118.032
G1 X42.910 Y116.188
G1 X44.559 Y115.915
G1 X44.934 Y114.370
G1 X46.716 Y114.230
M5
G0 X43.175 Y112.610
M3 S90
G1 X41.554 Y112.911
G1 X41.244 Y114.522
G1 X39.505 Y114.704
G1 X39.242 Y116.362
G1 X37.476 Y116.517
G1 X37.381 Y118.344
G1 X35.642 Y118.526
G1 X35.329 Y120.134
G1 X33.942 Y120.668
M5
G0 X35.029 Y121.755
M3 S90
G1 X36.524 Y121.329
G1 X36.877 Y119.761
G1 X38.596 Y119.559
G1 X38.879 Y117.920
G1 X40.537 Y117.658
G1 X40.725 Y115.924
G1 X42.564 Y115.842
G1 X42.796 Y114.153
G1 X44.435 Y113.870
G1 X44.567 Y112.082
G1 X46.326 Y111.919
G1 X46.734 Y110.406
G1 X48.041 Y109.792
G1 X48.500 Y108.330
G1 X50.163 Y108.072
G1 X50.426 Y106.413
G1 X52.232 Y106.299
M5
G0 X52.564 Y106.630
M3 S90
G1 X52.394 Y108.381
G1 X50.766 Y108.674
G1 X50.330 Y110.159
G1 X49.035 Y110.786
M5
G0 X51.940 Y109.849
M3 S90
G1 X51.539 Y111.369
G1 X50.230 Y111.981
G1 X49.701 Y113.373
G1 X48.206 Y113.799
G1 X47.795 Y115.309
G1 X46.255 Y115.690
G1 X45.909 Y117.266
G1 X44.502 Y117.780
G1 X44.005 Y119.204
G1 X42.560 Y119.681
G1 X42.195 Y121.236
G1 X40.438 Y121.401
G1 X40.165 Y123.049
G1 X38.608 Y123.413
G1 X38.169 Y124.895
G1 X36.732 Y125.379
M5
G0 X35.272 Y127.762
M3 S90
G1 X33.923 Y128.333
M5
G0 X32.443 Y130.696
M3 S90
G1 X31.021 Y131.195
M5
G0 X28.548 Y134.486
M3 S90
G1 X27.073 Y134.932
G1 X26.780 Y136.560
G1 X25.082 Y136.783
G1 X24.646 Y138.268
G1 X23.434 Y138.978
M5
G0 X24.679 Y140.223
M3 S90
G1 X26.044 Y139.666
G1 X26.364 Y138.065
G1 X28.048 Y137.828
G1 X28.273 Y136.132
G1 X29.788 Y135.726
G1 X30.146 Y134.163
G1 X31.812 Y133.908
G1 X32.183 Y132.357
G1 X33.718 Y131.971
G1 X34.026 Y130.358
G1 X35.790 Y130.201
G1 X35.993 Y128.482
G1 X37.606 Y128.174
G1 X38.012 Y126.659
G1 X39.529 Y126.256
G1 X39.840 Y124.645
G1 X41.526 Y124.410
G1 X41.643 Y122.606
G1 X43.492 Y122.534
G1 X43.652 Y120.772
G1 X45.411 Y120.610
G1 X45.694 Y118.972
G1 X47.169 Y118.526
G1 X47.474 Y116.910
G1 X49.236 Y116.750
G1 X49.421 Y115.014
G1 X51.071 Y114.744
G1 X51.362 Y113.113
G1 X53.038 Y112.868
G1 X53.213 Y111.121
G1 X54.926 Y110.914
G1 X55.212 Y109.278
G1 X56.978 Y109.123
G1 X56.960 Y107.184
G1 X58.847 Y107.149
G1 X58.981 Y105.363
G1 X60.878 Y105.339
G1 X60.767 Y103.306
G1 X62.734 Y103.352
G1 X62.886 Y101.583
G1 X64.618 Y101.393
G1 X64.838 Y99.692
G1 X66.345 Y99.279
G1 X66.671 Y97.683
G1 X68.349 Y97.441
G1 X68.798 Y95.968
M5
G0 X67.277 Y94.447
M3 S90
G1 X67.007 Y96.098
G1 X65.584 Y96.597
G1 X65.228 Y98.162
G1 X63.658 Y98.513
G1 X63.207 Y99.983
G1 X61.521 Y100.218
G1 X61.384 Y102.002
G1 X59.477 Y102.016
G1 X59.588 Y104.049
M5
G0 X56.961 Y105.264
M3 S90
G1 X56.528 Y106.752
G1 X54.827 Y106.972
G1 X54.665 Y108.731
M5
G0 X55.371 Y105.595
M3 S90
G1 X55.315 Y103.618
G1 X57.367 Y103.749
G1 X57.336 Y101.797
G1 X59.291 Y101.830
G1 X59.504 Y100.122
G1 X61.049 Y99.746
G1 X61.380 Y98.156
G1 X62.822 Y97.677
G1 X63.308 Y96.242
G1 X64.748 Y95.761
G1 X65.154 Y94.245
G1 X66.858 Y94.028
G1 X66.950 Y92.199
G1 X68.525 Y91.853
G1 X69.132 Y90.539
G1 X70.630 Y90.115
G1 X70.875 Y88.439
G1 X72.506 Y88.149
G1 X72.909 Y86.631
G1 X74.359 Y86.160
G1 X74.848 Y84.727
G1 X76.438 Y84.397
G1 X76.641 Y82.678
G1 X78.319 Y82.436
G1 X78.585 Y80.780
G1 X80.241 Y80.514
G1 X80.481 Y78.833
G1 X82.169 Y78.601
G1 X82.417 Y76.927
G1 X84.095 Y76.685
G1 X84.321 Y74.989
G1 X86.042 Y74.789
G1 X86.267 Y73.093
G1 X87.953 Y72.857
G1 X88.128 Y71.111
G1 X90.007 Y71.069
G1 X90.202 Y69.343
G1 X91.773 Y68.993
G1 X91.968 Y67.266
G1 X93.741 Y67.119
G1 X93.876 Y65.333
G1 X95.622 Y65.158
G1 X95.717 Y63.331
G1 X97.559 Y63.252
G1 X97.829 Y61.601
G1 X99.377 Y61.228
G1 X99.788 Y59.717
G1 X101.268 Y59.276
G1 X101.729 Y57.816
G1 X103.227 Y57.393
G1 X103.613 Y55.857
G1 X105.143 Y55.467
G1 X105.586 Y53.989
G1 X107.019 Y53.500
G1 X107.560 Y52.120
G1 X108.922 Y51.561
G1 X109.373 Y50.091
G1 X110.874 Y49.670
G1 X111.275 Y48.150
G1 X112.978 Y47.932
G1 X113.128 Y46.161
G1 X114.834 Y45.946
G1 X115.001 Y44.192
G1 X116.815 Y44.085
M5
G0 X118.396 Y43.745
M3 S90
G1 X118.023 Y45.292
G1 X116.405 Y45.595
G1 X116.069 Y47.181
G1 X114.518 Y47.552
G1 X114.062 Y49.017
G1 X112.532 Y49.408
G1 X112.217 Y51.013
G1 X110.641 Y51.359
G1 X110.283 Y52.922
G1 X108.748 Y53.308
G1 X108.374 Y54.856
G1 X106.784 Y55.186
G1 X106.443 Y56.767
G1 X104.873 Y57.117
G1 X104.542 Y58.708
G1 X102.992 Y59.079
G1 X102.586 Y60.594
G1 X101.068 Y60.997
G1 X100.644 Y62.495
G1 X99.142 Y62.913
G1 X98.779 Y64.471
G1 X97.022 Y64.636
G1 X96.885 Y66.420
G1 X95.317 Y66.773
G1 X94.818 Y68.196
G1 X93.346 Y68.644
M5
G0 X91.944 Y71.085
M3 S90
G1 X90.439 Y71.501
G1 X90.171 Y73.154
G1 X88.533 Y73.437
G1 X88.197 Y75.023
G1 X86.601 Y75.348
G1 X86.271 Y76.939
G1 X84.798 Y77.387
G1 X84.420 Y78.930
G1 X82.729 Y79.161
G1 X82.499 Y80.852
G1 X80.823 Y81.097
G1 X80.527 Y82.722
G1 X78.897 Y83.013
G1 X78.626 Y84.664
G1 X76.960 Y84.919
G1 X76.740 Y86.620
G1 X75.085 Y86.885
G1 X74.774 Y88.496
G1 X73.224 Y88.867
G1 X72.745 Y90.309
G1 X71.378 Y90.863
G1 X70.824 Y92.230
M5
G0 X72.685 Y92.171
M3 S90
G1 X74.000 Y91.564
G1 X74.571 Y90.215
G1 X76.009 Y89.731
G1 X76.314 Y88.115
G1 X78.048 Y87.928
G1 X78.233 Y86.192
G1 X79.927 Y85.964
G1 X80.162 Y84.278
G1 X81.830 Y84.025
G1 X82.093 Y82.367
G1 X83.638 Y81.991
G1 X83.951 Y80.383
G1 X85.605 Y80.115
G1 X86.071 Y78.660
G1 X87.511 Y78.179
G1 X87.917 Y76.664
G1 X89.447 Y76.273
G1 X89.838 Y74.742
G1 X91.446 Y74.429
G1 X91.588 Y72.651
G1 X93.209 Y72.350
G1 X93.710 Y70.930
G1 X95.306 Y70.605
G1 X95.729 Y69.107
G1 X97.059 Y68.515
G1 X97.533 Y67.068
G1 X99.193 Y66.807
G1 X99.421 Y65.114
G1 X100.956 Y64.728
G1 X101.415 Y63.266
G1 X102.852 Y62.782
G1 X103.366 Y61.375
G1 X104.744 Y60.831
G1 X105.298 Y59.463
G1 X106.737 Y58.982
G1 X107.128 Y57.452
G1 X108.618 Y57.021
G1 X109.135 Y55.616
G1 X110.510 Y55.070
G1 X111.041 Y53.680
G1 X112.471 Y53.189
G1 X112.957 Y51.754
G1 X114.407 Y51.283
G1 X114.918 Y49.873
G1 X116.243 Y49.276
G1 X116.837 Y47.949
G1 X118.232 Y47.423
G1 X118.424 Y45.694
G1 X120.364 Y45.712
G1 X120.461 Y43.888
M5
G0 X124.335 Y43.920
M3 S90
G1 X122.797 Y44.303
G1 X122.512 Y45.939
G1 X120.763 Y46.112
G1 X120.585 Y47.855
G1 X118.869 Y48.060
G1 X118.757 Y49.869
G1 X116.848 Y49.881
G1 X116.869 Y51.823
G1 X114.879 Y51.755
G1 X114.769 Y53.566
G1 X113.359 Y54.077
G1 X112.682 Y55.321
G1 X111.453 Y56.013
G1 X110.817 Y57.298
G1 X109.407 Y57.809
G1 X108.961 Y59.284
G1 X107.508 Y59.753
G1 X106.959 Y61.125
G1 X105.637 Y61.724
G1 X105.053 Y63.061
G1 X103.703 Y63.633
G1 X103.159 Y65.010
G1 X101.740 Y65.511
G1 X101.324 Y67.017
G1 X99.670 Y67.284
G1 X99.392 Y68.928
G1 X97.930 Y69.386
G1 X97.496 Y70.874
G1 X95.943 Y71.242
G1 X95.487 Y72.707
G1 X94.015 Y73.156
G1 X93.631 Y74.694
G1 X92.079 Y75.062
G1 X91.748 Y76.653
G1 X90.135 Y76.961
G1 X89.827 Y78.574
G1 X88.304 Y78.972
G1 X87.773 Y80.362
G1 X86.159 Y80.670
G1 X86.090 Y82.521
G1 X84.492 Y82.844
G1 X84.088 Y84.362
G1 X82.370 Y84.565
G1 X82.172 Y86.288
G1 X80.451 Y86.489
G1 X80.244 Y88.202
G1 X78.558 Y88.437
G1 X78.348 Y90.148
G1 X76.667 Y90.389
G1 X76.193 Y91.836
G1 X74.924 Y92.488
G1 X74.405 Y93.890
M5
G0 X72.047 Y95.375
M3 S90
G1 X71.352 Y96.601
G1 X69.980 Y97.150
G1 X69.627 Y98.718
G1 X67.999 Y99.011
G1 X67.721 Y100.655
G1 X66.140 Y100.995
G1 X65.692 Y102.468
G1 X64.151 Y102.849
G1 X63.698 Y104.316
G1 X62.353 Y104.893
G1 X61.960 Y106.421
G1 X60.329 Y106.711
G1 X60.209 Y108.512
G1 X58.343 Y108.567
G1 X58.203 Y110.348
G1 X56.582 Y110.649
G1 X56.395 Y112.382
G1 X54.500 Y112.409
G1 X54.323 Y114.153
G1 X52.554 Y114.305
G1 X52.560 Y116.232
G1 X50.816 Y116.410
G1 X50.378 Y117.892
G1 X48.840 Y118.276
G1 X48.487 Y119.844
G1 X46.906 Y120.184
G1 X46.651 Y121.850
G1 X44.917 Y122.038
G1 X44.782 Y123.824
G1 X43.084 Y124.047
G1 X42.844 Y125.728
G1 X41.075 Y125.880
G1 X40.852 Y127.578
G1 X39.247 Y127.894
G1 X39.039 Y129.607
G1 X37.328 Y129.818
G1 X37.073 Y131.483
G1 X35.364 Y131.696
G1 X34.938 Y133.191
G1 X33.445 Y133.620
G1 X33.210 Y135.306
M5
G0 X30.752 Y136.690
M3 S90
G1 X30.329 Y138.187
G1 X28.542 Y138.322
G1 X28.302 Y140.003
G1 X26.752 Y140.374
G1 X26.230 Y141.774
M5
G0 X25.710 Y145.095
M3 S90
G1 X26.286 Y143.751
G1 X27.490 Y143.034
G1 X28.052 Y141.674
G1 X29.597 Y141.298
G1 X29.913 Y139.693
G1 X31.619 Y139.478
G1 X31.994 Y137.932
G1 X33.296 Y137.313
G1 X33.712 Y135.808
G1 X35.368 Y135.542
G1 X35.704 Y133.957
G1 X37.159 Y133.491
G1 X37.605 Y132.016
G1 X39.173 Y131.662
G1 X39.576 Y130.145
G1 X41.154 Y129.801
G1 X41.392 Y128.118
G1 X42.962 Y127.767
G1 X43.479 Y126.363
G1 X44.916 Y125.879
G1 X45.360 Y124.401
G1 X46.945 Y124.066
G1 X47.068 Y122.267
G1 X48.989 Y122.267
G1 X49.338 Y120.694
M5
G0 X46.120 Y130.925
M3 S90
G1 X46.005 Y132.731
G1 X44.520 Y133.167
G1 X43.964 Y134.532
M5
G0 X41.478 Y135.889
M3 S90
G1 X41.115 Y137.446
G1 X39.572 Y137.825
G1 X39.148 Y139.322
G1 X37.653 Y139.748
G1 X37.307 Y141.324
G1 X35.792 Y141.730
G1 X35.374 Y143.233
G1 X33.941 Y143.721
G1 X33.387 Y145.088
G1 X31.882 Y145.504
G1 X31.411 Y146.954
G1 X30.121 Y147.586
G1 X29.480 Y148.866
G1 X28.200 Y149.507
M5
G0 X26.191 Y149.419
M3 S90
G1 X24.879 Y150.028
M5
G0 X26.748 Y151.898
M3 S90
G1 X25.344 Y152.414
G1 X24.842 Y153.834
G1 X23.244 Y154.157
G1 X22.989 Y155.823
G1 X21.275 Y156.031
G1 X20.932 Y157.609
G1 X19.332 Y157.929
G1 X18.871 Y159.389
G1 X17.584 Y160.024
G1 X16.947 Y161.308
G1 X15.703 Y161.985
M5
G0 X20.481 Y164.842
M3 S90
G1 X20.040 Y166.322
G1 X18.598 Y166.801
G1 X18.003 Y168.128
G1 X16.684 Y168.729
G1 X16.032 Y169.999
G1 X14.612 Y170.500
G1 X14.088 Y171.897
G1 X12.794 Y172.524
M5
G0 X13.245 Y176.817
M3 S90
G1 X12.864 Y178.358
G1 X11.544 Y178.959
G1 X10.857 Y180.193
G1 X9.325 Y180.582
G1 X9.247 Y182.426
G1 X7.348 Y182.448
G1 X7.196 Y184.217
G1 X5.540 Y184.482
G1 X5.317 Y186.180
G1 X3.631 Y186.416
G1 X3.401 Y188.107
G1 X1.698 Y188.324
G1 X1.525 Y190.073
G1 X-0.261 Y190.208
M5
G0 X0.078 Y192.468
M3 S90
G1 X1.817 Y192.286
G1 X2.010 Y190.557
G1 X3.731 Y190.357
G1 X3.961 Y188.666
G1 X5.634 Y188.419
G1 X5.869 Y186.733
G1 X7.586 Y186.527
G1 X7.723 Y184.744
G1 X9.612 Y184.712
G1 X9.732 Y182.910
G1 X11.358 Y182.615
G1 X11.854 Y181.190
G1 X13.113 Y180.528
G1 X13.740 Y179.234
G1 X15.062 Y178.635
M5
G0 X16.921 Y178.572
M3 S90
G1 X16.362 Y179.935
G1 X15.000 Y180.494
G1 X14.398 Y181.813
G1 X12.993 Y182.329
G1 X12.490 Y183.747
G1 X11.012 Y184.190
M5
G0 X9.859 Y186.880
M3 S90
G1 X8.030 Y186.972
G1 X7.945 Y188.808
G1 X6.161 Y188.946
G1 X5.974 Y190.679
G1 X4.263 Y190.889
G1 X4.045 Y192.593
G1 X2.344 Y192.813
G1 X2.122 Y194.512
G1 X0.410 Y194.722
M5
G0 X-0.236 Y197.918
M3 S90
G1 X1.465 Y197.698
G1 X1.733 Y196.044
G1 X3.412 Y195.802
G1 X3.614 Y194.083
G1 X5.333 Y193.881
G1 X5.520 Y192.147
G1 X7.289 Y191.995
G1 X7.409 Y190.193
G1 X9.230 Y190.093
G1 X9.538 Y188.480
M5
G0 X11.886 Y186.986
M3 S90
G1 X12.367 Y185.546
G1 X13.707 Y184.964
G1 X14.371 Y183.707
G1 X15.791 Y183.206
G1 X16.150 Y181.643
G1 X17.600 Y181.172
G1 X18.297 Y179.948
G1 X19.619 Y179.349
G1 X20.190 Y177.999
G1 X21.474 Y177.362
M5
G0 X22.378 Y178.266
M3 S90
G1 X23.730 Y177.697
G1 X24.219 Y176.265
G1 X25.782 Y175.906
G1 X26.118 Y174.321
G1 X27.563 Y173.845
G1 X28.116 Y172.477
G1 X29.592 Y172.031
G1 X29.897 Y170.416
G1 X31.493 Y170.090
G1 X31.826 Y168.502
M5
G0 X30.223 Y168.820
M3 S90
G1 X28.768 Y169.286
G1 X28.156 Y170.596
M5
G0 X27.024 Y169.464
M3 S90
G1 X25.506 Y169.867
G1 X24.990 Y171.272
G1 X23.537 Y171.741
G1 X23.151 Y173.276
G1 X21.729 Y173.775
G1 X21.112 Y175.079
G1 X19.780 Y175.668
G1 X19.264 Y177.073
M5
G0 X20.959 Y180.689
M3 S90
G1 X19.514 Y181.165
G1 X19.053 Y182.625
G1 X17.470 Y182.964
M5
G0 X22.023 Y181.753
M3 S90
G1 X20.809 Y182.461
G1 X20.100 Y183.672
G1 X18.750 Y184.244
G1 X18.224 Y185.638
G1 X16.804 Y186.140
G1 X16.327 Y187.585
G1 X15.076 Y188.254
G1 X14.409 Y189.508
G1 X13.134 Y190.155
M5
G0 X11.567 Y192.430
M3 S90
G1 X10.107 Y192.891
G1 X9.679 Y194.384
G1 X8.073 Y194.700
G1 X7.916 Y196.463
G1 X6.157 Y196.626
G1 X5.984 Y198.374
G1 X4.331 Y198.642
G1 X4.051 Y200.283
G1 X2.350 Y200.503
G1 X2.122 Y202.197
G1 X0.393 Y202.389
M5
G0 X0.089 Y200.164
M3 S90
G1 X1.790 Y199.943
G1 X2.040 Y198.273
G1 X3.716 Y198.027
G1 X3.876 Y196.266
G1 X5.720 Y196.189
G1 X5.810 Y194.357
G1 X7.609 Y194.235
G1 X7.738 Y192.444
G1 X9.482 Y192.266
G1 X9.780 Y190.643
G1 X11.190 Y190.132
G1 X11.762 Y188.782
G1 X13.194 Y188.294
G1 X13.650 Y186.828
M5
G0 X17.935 Y193.035
M3 S90
G1 X17.263 Y194.284
G1 X15.859 Y194.800
G1 X15.367 Y196.230
G1 X14.050 Y196.835
G1 X13.389 Y198.094
G1 X12.152 Y198.778
G1 X11.598 Y200.146
G1 X9.992 Y200.461
G1 X9.539 Y201.929
G1 X8.254 Y202.565
G1 X7.939 Y204.171
G1 X6.135 Y204.288
G1 X5.985 Y206.060
G1 X4.251 Y206.247
G1 X4.036 Y207.953
G1 X2.355 Y208.193
G1 X2.095 Y209.854
G1 X0.419 Y210.099
M5
G0 X0.102 Y207.861
M3 S90
G1 X1.791 Y207.629
G1 X2.031 Y205.948
G1 X3.712 Y205.707
G1 X3.932 Y204.006
G1 X5.648 Y203.801
G1 X5.825 Y202.058
G1 X7.597 Y201.908
G1 X7.752 Y200.142
G1 X9.217 Y199.685
G1 X9.946 Y198.494
G1 X11.361 Y197.988
G1 X11.862 Y196.568
G1 X13.260 Y196.044
G1 X13.482 Y194.345
G1 X15.219 Y194.160
G1 X15.687 Y192.708
G1 X16.931 Y192.031
G1 X17.593 Y190.772
G1 X19.048 Y190.306
G1 X19.434 Y188.770
G1 X20.779 Y188.194
G1 X21.400 Y186.894
M5
G0 X23.002 Y188.496
M3 S90
G1 X23.684 Y187.256
M5
G0 X26.186 Y187.837
M3 S90
G1 X24.831 Y188.403
G1 X24.277 Y189.771
M5
G0 X25.662 Y191.156
M3 S90
G1 X26.239 Y189.812
G1 X27.631 Y189.283
G1 X28.095 Y187.825
M5
G0 X27.765 Y185.574
M3 S90
G1 X29.228 Y185.116
G1 X29.739 Y183.706
M5
G0 X29.864 Y181.910
M3 S90
G1 X28.394 Y182.361
M5
G0 X27.480 Y181.447
M3 S90
G1 X26.203 Y182.091
M5
G0 X24.881 Y180.769
M3 S90
G1 X26.275 Y180.242
G1 X26.940 Y178.985
G1 X28.131 Y178.256
G1 X28.655 Y176.858
G1 X30.223 Y176.505
G1 X30.699 Y175.060
G1 X32.210 Y174.649
M5
G0 X30.929 Y173.369
M3 S90
G1 X29.432 Y173.793
G1 X28.760 Y175.042
G1 X27.573 Y175.777
M5
G0 X25.946 Y177.991
M3 S90
G1 X24.476 Y178.442
M5
G0 X29.020 Y179.144
M3 S90
G1 X30.543 Y178.746
G1 X31.099 Y177.381
M5
G0 X33.988 Y180.270
M3 S90
G1 X32.405 Y180.608
G1 X32.080 Y182.204
M5
G0 X31.997 Y184.043
M3 S90
G1 X31.343 Y185.310
M5
G0 X32.639 Y188.527
M3 S90
G1 X33.868 Y187.835
M5
G0 X34.907 Y188.874
M3 S90
G1 X36.212 Y188.257
M5
G0 X35.254 Y191.142
M3 S90
G1 X36.569 Y190.536
G1 X36.965 Y189.010
G1 X38.437 Y188.562
G1 X38.964 Y187.167
G1 X40.409 Y186.691
G1 X40.865 Y185.226
G1 X42.300 Y184.740
M5
G0 X40.538 Y182.978
M3 S90
G1 X40.087 Y184.448
G1 X38.652 Y184.934
M5
G0 X38.807 Y183.168
M3 S90
G1 X39.285 Y181.725
G1 X40.753 Y181.272
M5
G0 X39.478 Y179.996
M3 S90
G1 X39.954 Y178.551
G1 X41.424 Y178.100
M5
G0 X38.037 Y178.556
M3 S90
G1 X38.661 Y177.259
G1 X40.099 Y176.775
G1 X40.532 Y175.287
G1 X41.872 Y174.706
M5
G0 X37.785 Y176.383
M3 S90
G1 X38.312 Y174.988
G1 X39.709 Y174.464
G1 X40.288 Y173.122
G1 X41.688 Y172.601
G1 X42.247 Y171.239
G1 X43.551 Y170.622
G1 X44.228 Y169.378
M5
G0 X46.133 Y169.361
M3 S90
G1 X45.920 Y171.069
M5
G0 X46.460 Y171.609
M3 S90
G1 X47.955 Y171.183
M5
G0 X47.762 Y172.912
M3 S90
G1 X47.329 Y174.399
M5
G0 X50.578 Y173.806
M3 S90
G1 X51.054 Y172.361
G1 X52.868 Y172.254
G1 X52.935 Y170.400
G1 X54.839 Y170.383
G1 X54.836 Y168.458
G1 X56.311 Y168.012
G1 X56.915 Y166.695
M5
G0 X55.572 Y165.353
M3 S90
G1 X55.049 Y166.750
G1 X53.656 Y167.279
G1 X53.253 Y168.797
G1 X51.647 Y169.112
G1 X51.347 Y170.733
M5
G0 X49.562 Y168.948
M3 S90
G1 X51.148 Y168.613
G1 X51.365 Y166.909
M5
G0 X51.566 Y165.188
M3 S90
G1 X52.150 Y163.851
M5
G0 X52.131 Y161.911
M3 S90
G1 X52.863 Y160.722
G1 X54.050 Y159.988
G1 X54.682 Y158.698
G1 X56.184 Y158.280
G1 X56.683 Y156.857
G1 X57.882 Y156.135
G1 X58.612 Y154.944
G1 X60.087 Y154.498
G1 X60.563 Y153.053
G1 X61.790 Y152.358
G1 X62.073 Y150.720
G1 X63.897 Y150.623
G1 X64.360 Y149.165
G1 X65.702 Y148.586
G1 X66.314 Y147.277
G1 X67.573 Y146.615
G1 X67.899 Y145.019
G1 X69.708 Y144.907
G1 X69.915 Y143.193
G1 X71.576 Y142.933
G1 X71.955 Y141.390
G1 X73.661 Y141.175
G1 X73.815 Y139.409
G1 X75.572 Y139.244
G1 X75.764 Y137.515
G1 X77.438 Y137.268
G1 X77.700 Y135.609
G1 X79.359 Y135.346
G1 X79.335 Y133.402
G1 X81.363 Y133.508
G1 X81.345 Y131.569
G1 X83.244 Y131.547
G1 X83.193 Y129.575
G1 X85.213 Y129.673
G1 X85.091 Y127.631
G1 X87.182 Y127.800
G1 X87.005 Y125.702
G1 X89.070 Y125.846
G1 X89.029 Y123.884
G1 X90.896 Y123.829
G1 X90.945 Y121.958
G1 X92.752 Y121.843
G1 X92.894 Y120.064
G1 X94.766 Y120.015
G1 X94.893 Y118.221
G1 X96.539 Y117.945
G1 X96.812 Y116.297
G1 X98.488 Y116.052
G1 X98.733 Y114.376
G1 X100.356 Y114.078
G1 X100.714 Y112.515
G1 X102.250 Y112.129
G1 X102.628 Y110.586
G1 X104.171 Y110.208
G1 X104.589 Y108.705
G1 X106.059 Y108.254
G1 X106.525 Y106.799
G1 X107.993 Y106.346
G1 X108.424 Y104.856
G1 X109.919 Y104.430
G1 X110.335 Y102.924
G1 X111.921 Y102.589
G1 X112.191 Y100.938
G1 X113.852 Y100.678
G1 X114.120 Y99.024
G1 X115.801 Y98.784
G1 X116.257 Y97.319
M5
G0 X118.472 Y95.692
M3 S90
G1 X119.043 Y94.342
G1 X120.395 Y93.773
G1 X121.004 Y92.461
G1 X122.316 Y91.852
G1 X122.903 Y90.517
G1 X124.308 Y90.001
G1 X124.731 Y88.503
G1 X126.324 Y88.175
G1 X126.575 Y86.504
G1 X128.293 Y86.302
G1 X128.624 Y84.711
G1 X129.978 Y84.144
G1 X130.600 Y82.845
G1 X132.028 Y82.351
G1 X132.506 Y80.909
G1 X133.833 Y80.315
G1 X134.284 Y78.845
G1 X135.797 Y78.436
G1 X136.288 Y77.006
G1 X137.746 Y76.543
G1 X138.255 Y75.130
G1 X139.657 Y74.611
G1 X140.128 Y73.161
G1 X141.561 Y72.673
G1 X142.152 Y71.343
G1 X143.632 Y70.902
G1 X144.066 Y69.414
G1 X145.528 Y68.956
G1 X145.801 Y67.308
G1 X147.314 Y66.899
G1 X147.861 Y65.524
G1 X149.275 Y65.018
G1 X149.885 Y63.706
G1 X151.199 Y63.100
G1 X151.766 Y61.745
G1 X153.002 Y61.060
G1 X153.697 Y59.834
G1 X154.966 Y59.182
G1 X155.367 Y57.662
G1 X156.912 Y57.286
G1 X157.486 Y55.939
G1 X158.941 Y55.473
G1 X159.285 Y53.895
G1 X160.883 Y53.572
G1 X161.085 Y51.853
G1 X162.877 Y51.723
G1 X163.089 Y50.015
G1 X164.971 Y49.975
G1 X164.850 Y47.933
G1 X166.855 Y48.016
G1 X166.836 Y46.077
G1 X168.668 Y45.987
G1 X168.838 Y44.236
G1 X170.511 Y43.988
M5
G0 X166.474 Y43.794
M3 S90
G1 X166.525 Y45.766
G1 X164.483 Y45.644
G1 X164.662 Y47.745
G1 X162.802 Y47.807
G1 X162.514 Y49.440
G1 X160.904 Y49.750
G1 X160.626 Y51.394
G1 X158.993 Y51.682
G1 X158.685 Y53.295
G1 X157.077 Y53.608
G1 X156.653 Y55.105
G1 X155.163 Y55.536
G1 X154.719 Y57.014
G1 X153.385 Y57.601
G1 X152.700 Y58.837
G1 X151.481 Y59.539
G1 X150.895 Y60.874
G1 X149.342 Y61.242
G1 X148.933 Y62.755
G1 X147.571 Y63.314
G1 X147.045 Y64.709
G1 X145.703 Y65.288
G1 X145.043 Y66.550
G1 X143.771 Y67.199
G1 X143.230 Y68.579
G1 X141.800 Y69.070
G1 X141.269 Y70.460
G1 X139.806 Y70.918
G1 X139.310 Y72.343
G1 X137.890 Y72.844
G1 X137.527 Y74.402
G1 X135.946 Y74.743
G1 X135.558 Y76.276
G1 X133.995 Y76.634
G1 X133.604 Y78.164
G1 X132.132 Y78.613
G1 X131.638 Y80.040
G1 X130.185 Y80.509
G1 X129.835 Y82.079
G1 X128.146 Y82.312
G1 X127.806 Y83.893
G1 X126.175 Y84.183
G1 X126.163 Y86.092
G1 X124.352 Y86.202
G1 X124.054 Y87.825
G1 X122.508 Y88.201
G1 X122.045 Y89.659
G1 X120.717 Y90.253
G1 X120.008 Y91.464
G1 X118.791 Y92.169
G1 X118.097 Y93.396
M5
G0 X118.775 Y90.232
M3 S90
G1 X119.387 Y88.923
G1 X120.805 Y88.419
M5
G0 X122.159 Y85.930
M3 S90
G1 X123.526 Y85.376
G1 X124.215 Y84.145
G1 X125.801 Y83.809
G1 X125.928 Y82.015
G1 X127.529 Y81.695
G1 X127.960 Y80.204
G1 X129.518 Y79.841
G1 X129.833 Y78.236
G1 X131.358 Y77.840
G1 X131.722 Y76.282
G1 X133.320 Y75.959
G1 X133.721 Y74.438
G1 X135.226 Y74.023
G1 X135.720 Y72.595
G1 X137.129 Y72.084
G1 X137.575 Y70.609
G1 X139.008 Y70.120
G1 X139.394 Y68.585
G1 X141.040 Y68.309
G1 X141.458 Y66.807
G1 X142.785 Y66.212
G1 X143.480 Y64.986
G1 X144.789 Y64.374
G1 X145.298 Y62.962
G1 X146.607 Y62.350
G1 X147.234 Y61.056
G1 X148.581 Y60.482
G1 X149.188 Y59.167
G1 X150.532 Y58.591
G1 X151.041 Y57.178
G1 X152.531 Y56.747
G1 X152.812 Y55.106
G1 X154.355 Y54.728
G1 X154.823 Y53.276
G1 X156.462 Y52.993
G1 X156.719 Y51.329
G1 X158.317 Y51.006
G1 X158.653 Y49.421
G1 X160.274 Y49.120
G1 X160.572 Y47.497
G1 X162.175 Y47.179
G1 X162.465 Y45.548
G1 X164.382 Y45.544
G1 X164.138 Y43.379
M5
G0 X162.861 Y44.023
M3 S90
G1 X161.183 Y44.266
G1 X160.925 Y45.929
G1 X159.269 Y46.194
G1 X158.926 Y47.772
G1 X157.368 Y48.136
G1 X157.085 Y49.774
G1 X155.515 Y50.125
G1 X155.094 Y51.625
G1 X153.528 Y51.980
G1 X153.152 Y53.526
G1 X151.607 Y53.902
G1 X151.168 Y55.384
G1 X149.696 Y55.833
G1 X149.147 Y57.205
G1 X147.840 Y57.819
G1 X147.248 Y59.149
G1 X145.994 Y59.816
G1 X145.490 Y61.233
G1 X144.101 Y61.764
G1 X143.589 Y63.174
G1 X142.137 Y63.643
G1 X141.520 Y64.947
G1 X140.188 Y65.536
G1 X139.689 Y66.959
G1 X138.114 Y67.305
G1 X137.853 Y68.965
G1 X136.305 Y69.339
G1 X135.837 Y70.791
G1 X134.301 Y71.177
G1 X133.968 Y72.765
G1 X132.466 Y73.183
G1 X132.055 Y74.694
G1 X130.487 Y75.047
G1 X130.169 Y76.650
G1 X128.583 Y76.986
G1 X128.190 Y78.513
G1 X126.612 Y78.857
G1 X126.321 Y80.487
G1 X124.633 Y80.720
G1 X124.493 Y82.501
G1 X122.792 Y82.722
G1 X122.326 Y84.177
G1 X120.625 Y84.397
G1 X120.485 Y86.178
G1 X118.967 Y86.581
G1 X118.441 Y87.976
G1 X116.863 Y88.319
G1 X116.555 Y89.933
G1 X115.271 Y90.569
G1 X114.581 Y91.801
M5
G0 X109.925 Y92.908
M3 S90
G1 X109.697 Y94.602
G1 X108.014 Y94.839
G1 X107.701 Y96.448
G1 X106.185 Y96.853
G1 X105.777 Y98.366
G1 X104.262 Y98.772
G1 X103.828 Y100.260
G1 X102.320 Y100.673
G1 X101.945 Y102.219
G1 X100.404 Y102.599
G1 X100.026 Y104.142
G1 X98.473 Y104.510
G1 X98.110 Y106.068
G1 X96.537 Y106.417
G1 X96.231 Y108.032
G1 X94.598 Y108.320
G1 X94.345 Y109.989
G1 X92.654 Y110.219
G1 X92.417 Y111.902
G1 X90.648 Y112.054
G1 X90.501 Y113.828
G1 X88.794 Y114.043
G1 X88.672 Y115.842
G1 X86.788 Y115.879
G1 X86.713 Y117.726
G1 X84.807 Y117.740
G1 X84.903 Y119.757
G1 X82.890 Y119.666
G1 X82.931 Y121.628
G1 X81.004 Y121.623
G1 X80.867 Y123.407
G1 X79.282 Y123.742
G1 X78.823 Y125.205
G1 X77.458 Y125.761
G1 X76.824 Y127.048
G1 X75.203 Y127.348
G1 X75.340 Y129.406
G1 X73.521 Y129.508
G1 X73.077 Y130.986
G1 X71.416 Y131.246
G1 X71.214 Y132.965
G1 X69.570 Y133.242
G1 X69.305 Y134.898
G1 X67.637 Y135.151
G1 X67.474 Y136.910
G1 X65.879 Y137.235
G1 X65.648 Y138.926
G1 X63.787 Y138.986
G1 X63.401 Y140.521
G1 X62.031 Y141.073
G1 X61.447 Y142.410
G1 X60.062 Y142.946
G1 X59.536 Y144.341
G1 X58.239 Y144.965
G1 X57.720 Y146.368
G1 X55.992 Y146.560
G1 X55.799 Y148.289
G1 X54.419 Y148.830
G1 X53.775 Y150.107
G1 X52.511 Y150.764
G1 X52.223 Y152.397
G1 X50.339 Y152.434
G1 X49.885 Y153.902
G1 X48.573 Y154.511
G1 X48.074 Y155.933
M5
G0 X47.102 Y158.803
M3 S90
G1 X46.520 Y160.143
G1 X44.837 Y160.380
G1 X44.745 Y162.210
G1 X43.009 Y162.394
G1 X42.527 Y163.834
G1 X41.165 Y164.393
G1 X40.747 Y165.896
G1 X39.292 Y166.362
G1 X38.848 Y167.840
G1 X37.328 Y168.241
G1 X36.902 Y169.736
G1 X35.394 Y170.149
M5
G0 X34.157 Y168.912
M3 S90
G1 X33.668 Y170.344
G1 X32.344 Y170.941
M5
G0 X34.926 Y173.524
M3 S90
G1 X36.120 Y172.797
G1 X36.870 Y171.625
M5
G0 X37.129 Y173.806
M3 S90
G1 X38.411 Y173.166
G1 X38.933 Y171.767
G1 X40.428 Y171.341
G1 X40.851 Y169.843
G1 X42.234 Y169.304
G1 X42.951 Y168.100
G1 X44.212 Y167.441
M5
G0 X46.666 Y167.974
M3 S90
G1 X47.075 Y166.461
G1 X48.377 Y165.841
G1 X48.730 Y164.274
M5
G0 X49.327 Y162.949
M3 S90
G1 X47.673 Y163.217
G1 X47.097 Y164.561
G1 X45.750 Y165.135
M5
G0 X49.160 Y166.625
M3 S90
G1 X48.661 Y168.047
M5
G0 X53.912 Y165.613
M3 S90
G1 X54.481 Y164.261
G1 X55.652 Y163.511
M5
G0 X58.931 Y168.711
M3 S90
G1 X57.225 Y168.926
G1 X56.746 Y170.369
G1 X55.369 Y170.912
G1 X54.908 Y172.373
G1 X53.382 Y172.768
M5
G0 X57.091 Y172.634
M3 S90
G1 X57.331 Y170.953
G1 X59.293 Y170.994
G1 X59.491 Y169.271
G1 X61.064 Y168.923
G1 X61.213 Y167.151
G1 X62.844 Y166.861
G1 X63.278 Y165.373
G1 X64.991 Y165.166
G1 X65.046 Y163.299
G1 X66.634 Y162.966
G1 X67.075 Y161.486
M5
G0 X71.124 Y159.771
M3 S90
G1 X72.870 Y159.596
G1 X73.080 Y157.885
G1 X74.726 Y157.610
G1 X74.921 Y155.884
G1 X76.552 Y155.593
G1 X77.058 Y154.178
G1 X78.736 Y153.936
G1 X78.989 Y152.267
G1 X80.625 Y151.982
G1 X80.649 Y150.085
G1 X82.601 Y150.116
G1 X82.570 Y148.164
G1 X84.537 Y148.210
G1 X84.537 Y146.288
G1 X86.401 Y146.231
G1 X86.473 Y144.382
G1 X88.330 Y144.317
G1 X88.246 Y142.312
G1 X90.248 Y142.394
G1 X90.295 Y140.519
G1 X92.240 Y140.543
G1 X92.151 Y138.533
G1 X94.098 Y138.559
G1 X94.127 Y136.667
G1 X96.009 Y136.628
G1 X96.134 Y134.831
G1 X97.822 Y134.598
G1 X98.088 Y132.943
G1 X99.764 Y132.697
G1 X99.976 Y130.989
G1 X101.667 Y130.759
G1 X101.877 Y129.048
G1 X103.611 Y128.860
G1 X103.844 Y127.172
G1 X105.485 Y126.891
G1 X105.825 Y125.311
G1 X107.376 Y124.940
G1 X107.754 Y123.397
G1 X109.299 Y123.021
G1 X109.713 Y121.513
G1 X111.180 Y121.060
G1 X111.631 Y119.590
G1 X113.119 Y119.156
G1 X113.530 Y117.646
G1 X115.065 Y117.260
G1 X115.423 Y115.697
G1 X117.017 Y115.369
G1 X117.299 Y113.731
G1 X118.968 Y113.478
G1 X119.193 Y111.782
G1 X120.899 Y111.567
G1 X121.119 Y109.866
G1 X122.815 Y109.641
G1 X123.008 Y107.912
G1 X124.817 Y107.800
G1 X124.881 Y105.943
G1 X126.773 Y105.914
G1 X126.742 Y103.962
G1 X128.493 Y103.792
G1 X129.015 Y102.392
G1 X130.286 Y101.743
G1 X130.956 Y100.491
G1 X132.208 Y99.822
G1 X132.864 Y98.557
G1 X134.154 Y97.926
G1 X134.748 Y96.599
G1 X136.143 Y96.072
G1 X136.581 Y94.590
G1 X138.169 Y94.257
G1 X138.442 Y92.608
G1 X140.113 Y92.358
G1 X140.376 Y90.700
G1 X142.027 Y90.429
G1 X142.352 Y88.834
G1 X143.895 Y88.455
G1 X144.356 Y86.995
G1 X145.759 Y86.477
G1 X146.142 Y84.939
G1 X147.647 Y84.523
G1 X148.249 Y83.203
G1 X149.561 Y82.594
G1 X149.932 Y81.044
G1 X151.474 Y80.665
G1 X151.966 Y79.235
G1 X153.358 Y78.707
G1 X153.909 Y77.337
G1 X155.392 Y76.898
G1 X155.833 Y75.418
G1 X157.353 Y75.017
G1 X157.681 Y73.424
G1 X159.217 Y73.038
G1 X159.658 Y71.558
G1 X161.203 Y71.183
G1 X161.499 Y69.557
G1 X163.167 Y69.304
G1 X163.370 Y67.585
G1 X165.319 Y67.614
G1 X165.160 Y65.534
G1 X167.142 Y65.595
G1 X167.094 Y63.625
G1 X169.023 Y63.633
G1 X169.083 Y61.772
G1 X171.020 Y61.788
G1 X171.177 Y60.024
G1 X172.610 Y59.535
G1 X173.166 Y58.170
G1 X174.498 Y57.581
G1 X175.102 Y56.264
G1 X176.482 Y55.723
G1 X176.619 Y53.939
G1 X178.767 Y54.166
G1 X178.521 Y51.998
G1 X180.686 Y52.242
G1 X180.507 Y50.142
G1 X182.336 Y50.050
G1 X182.599 Y48.391
G1 X184.528 Y48.400
G1 X184.287 Y46.237
G1 X186.457 Y46.486
G1 X186.218 Y44.326
G1 X188.348 Y44.535
M5
G0 X190.621 Y44.887
M3 S90
G1 X188.496 Y44.683
G1 X188.675 Y46.783
G1 X186.565 Y46.594
G1 X186.771 Y48.722
G1 X184.754 Y48.626
G1 X184.700 Y50.492
G1 X182.818 Y50.532
G1 X182.866 Y52.501
G1 X180.786 Y52.342
G1 X181.016 Y54.493
G1 X178.843 Y54.241
G1 X178.705 Y56.025
G1 X177.356 Y56.596
G1 X176.794 Y57.956
G1 X175.424 Y58.507
G1 X174.775 Y59.779
G1 X173.122 Y60.047
G1 X173.273 Y62.120
G1 X171.299 Y62.066
G1 X171.307 Y63.996
G1 X169.297 Y63.907
G1 X169.305 Y65.836
G1 X167.396 Y65.848
G1 X167.459 Y67.833
G1 X165.460 Y67.754
G1 X165.609 Y69.824
G1 X163.762 Y69.899
G1 X163.451 Y71.510
G1 X161.856 Y71.835
G1 X161.606 Y73.506
G1 X160.002 Y73.824
G1 X159.657 Y75.400
G1 X157.931 Y75.595
G1 X157.532 Y77.117
G1 X156.087 Y77.594
G1 X155.676 Y79.104
G1 X154.171 Y79.520
G1 X153.740 Y81.010
G1 X152.345 Y81.536
G1 X151.729 Y82.841
G1 X150.351 Y83.385
G1 X149.793 Y84.747
G1 X148.516 Y85.391
G1 X147.889 Y86.686
G1 X146.487 Y87.204
G1 X146.093 Y88.732
G1 X144.626 Y89.186
G1 X144.212 Y90.694
G1 X142.624 Y91.027
G1 X142.369 Y92.693
G1 X140.688 Y92.933
G1 X140.400 Y94.566
G1 X138.797 Y94.884
G1 X138.401 Y96.409
G1 X136.966 Y96.896
G1 X136.410 Y98.260
G1 X135.098 Y98.869
G1 X134.458 Y100.151
G1 X133.194 Y100.808
G1 X132.525 Y102.060
G1 X131.273 Y102.729
G1 X130.646 Y104.024
G1 X128.907 Y104.206
G1 X129.076 Y106.296
G1 X127.114 Y106.255
G1 X127.072 Y108.135
G1 X125.201 Y108.184
G1 X125.114 Y110.018
G1 X123.355 Y110.181
G1 X123.137 Y111.884
G1 X121.476 Y112.144
G1 X121.204 Y113.793
G1 X119.518 Y114.028
G1 X119.302 Y115.734
G1 X117.614 Y115.967
G1 X117.336 Y117.610
G1 X115.725 Y117.920
G1 X115.387 Y119.503
G1 X113.832 Y119.869
G1 X113.456 Y121.415
G1 X111.946 Y121.825
G1 X111.490 Y123.291
G1 X109.990 Y123.711
G1 X109.629 Y125.272
G1 X108.073 Y125.638
G1 X107.698 Y127.183
G1 X106.152 Y127.559
G1 X105.844 Y129.172
G1 X104.163 Y129.412
G1 X103.933 Y131.103
G1 X102.217 Y131.308
G1 X101.959 Y132.972
G1 X100.334 Y133.267
G1 X100.048 Y134.903
G1 X98.453 Y135.228
G1 X98.137 Y136.834
G1 X96.464 Y137.082
G1 X96.294 Y138.833
G1 X94.460 Y138.920
G1 X94.385 Y140.767
G1 X92.556 Y140.859
G1 X92.532 Y142.756
G1 X90.627 Y142.773
G1 X90.600 Y144.667
G1 X88.744 Y144.731
G1 X88.612 Y146.520
G1 X86.858 Y146.688
G1 X86.773 Y148.524
G1 X84.806 Y148.478
G1 X84.870 Y150.463
G1 X82.892 Y150.407
G1 X82.903 Y152.339
G1 X81.087 Y152.444
G1 X80.872 Y154.150
G1 X79.060 Y154.259
G1 X78.983 Y156.103
G1 X77.337 Y156.379
G1 X76.977 Y157.939
G1 X75.368 Y158.252
G1 X75.123 Y159.928
G1 X73.432 Y160.158
G1 X73.260 Y161.907
G1 X71.423 Y161.992
G1 X71.231 Y163.720
G1 X69.439 Y163.850
G1 X69.463 Y165.795
G1 X67.669 Y165.922
G1 X67.348 Y167.522
G1 X65.702 Y167.798
G1 X65.510 Y169.526
M5
G0 X66.070 Y170.086
M3 S90
G1 X67.871 Y169.966
G1 X67.840 Y168.014
G1 X69.830 Y168.083
G1 X69.734 Y166.066
G1 X71.736 Y166.147
G1 X71.793 Y164.283
G1 X73.680 Y164.248
G1 X73.707 Y162.354
G1 X75.450 Y162.176
G1 X75.613 Y160.418
G1 X77.316 Y160.200
G1 X77.730 Y158.692
G1 X79.285 Y158.327
G1 X79.457 Y156.578
G1 X81.266 Y156.466
G1 X81.346 Y154.624
G1 X83.260 Y154.617
G1 X83.242 Y152.678
G1 X85.121 Y152.636
G1 X85.133 Y150.726
G1 X87.073 Y150.745
G1 X87.052 Y148.803
G1 X88.911 Y148.741
G1 X89.068 Y146.977
G1 X90.842 Y146.830
G1 X90.964 Y145.031
G1 X92.751 Y144.896
G1 X92.948 Y143.172
G1 X94.674 Y142.977
G1 X94.787 Y141.168
G1 X96.643 Y141.104
G1 X96.700 Y139.240
G1 X98.484 Y139.102
G1 X98.759 Y137.457
G1 X100.353 Y137.129
G1 X100.686 Y135.540
G1 X102.336 Y135.270
G1 X102.569 Y133.582
G1 X104.263 Y133.354
G1 X104.495 Y131.666
G1 X106.164 Y131.413
G1 X106.459 Y129.787
G1 X108.022 Y129.429
G1 X108.395 Y127.881
G1 X109.936 Y127.500
G1 X110.322 Y125.965
G1 X111.812 Y125.534
G1 X112.288 Y124.089
G1 X113.761 Y123.640
G1 X114.161 Y122.120
G1 X115.727 Y121.764
G1 X116.042 Y120.159
G1 X117.663 Y119.858
G1 X117.966 Y118.240
G1 X119.644 Y117.997
G1 X119.870 Y116.301
G1 X121.536 Y116.046
G1 X121.828 Y114.418
G1 X123.429 Y114.097
G1 X123.692 Y112.439
G1 X125.395 Y112.221
G1 X125.530 Y110.435
G1 X127.389 Y110.373
G1 X127.424 Y108.486
G1 X129.396 Y108.537
G1 X129.270 Y106.490
G1 X131.038 Y106.337
G1 X131.557 Y104.935
G1 X132.854 Y104.311
G1 X133.519 Y103.054
G1 X134.768 Y102.382
G1 X135.432 Y101.125
G1 X136.702 Y100.473
G1 X137.328 Y99.179
G1 X138.663 Y98.592
G1 X139.184 Y97.192
G1 X140.677 Y96.764
G1 X141.002 Y95.168
G1 X142.641 Y94.886
G1 X142.893 Y93.217
G1 X144.642 Y93.045
G1 X144.865 Y91.346
G1 X146.332 Y90.893
G1 X146.786 Y89.425
G1 X148.341 Y89.059
G1 X148.810 Y87.607
G1 X150.232 Y87.108
G1 X150.749 Y85.703
G1 X152.106 Y85.139
G1 X152.524 Y83.636
G1 X154.092 Y83.283
G1 X154.405 Y81.675
G1 X156.134 Y81.483
G1 X156.475 Y79.902
G1 X157.900 Y79.406
G1 X158.320 Y77.906
G1 X159.856 Y77.520
G1 X160.267 Y76.010
G1 X161.827 Y75.649
G1 X162.130 Y74.031
G1 X163.718 Y73.698
G1 X163.810 Y71.869
G1 X165.931 Y72.068
G1 X165.792 Y70.008
G1 X167.764 Y70.059
G1 X167.720 Y68.094
G1 X169.580 Y68.032
G1 X169.765 Y66.296
G1 X171.408 Y66.018
G1 X171.610 Y64.299
G1 X173.580 Y64.348
G1 X173.461 Y62.308
G1 X175.456 Y62.381
G1 X175.478 Y60.482
G1 X177.380 Y60.463
G1 X177.653 Y58.814
G1 X178.927 Y58.168
G1 X179.584 Y56.903
G1 X181.011 Y56.410
G1 X181.068 Y54.545
G1 X183.224 Y54.780
G1 X183.095 Y52.730
G1 X185.062 Y52.776
G1 X185.094 Y50.886
G1 X187.016 Y50.887
G1 X186.950 Y48.900
G1 X188.917 Y48.946
G1 X188.878 Y46.986
G1 X190.873 Y47.060
G1 X190.747 Y45.012
G1 X192.819 Y45.164
G1 X192.648 Y43.071
M5
G0 X201.244 Y43.983
M3 S90
G1 X199.576 Y44.236
G1 X199.303 Y45.884
G1 X197.682 Y46.184
G1 X197.384 Y47.808
G1 X195.791 Y48.136
G1 X195.481 Y49.746
G1 X193.782 Y49.969
G1 X193.549 Y51.657
G1 X191.921 Y51.950
G1 X191.671 Y53.621
G1 X189.980 Y53.851
G1 X189.639 Y55.432
G1 X188.159 Y55.873
G1 X187.773 Y57.408
G1 X186.170 Y57.726
G1 X185.872 Y59.350
G1 X184.063 Y59.462
G1 X184.197 Y61.517
G1 X182.280 Y61.521
G1 X182.012 Y63.174
G1 X180.337 Y63.420
G1 X180.187 Y65.191
G1 X178.358 Y65.283
G1 X178.248 Y67.094
G1 X176.457 Y67.224
G1 X176.302 Y68.991
G1 X174.694 Y69.304
G1 X174.303 Y70.834
G1 X172.815 Y71.267
G1 X172.326 Y72.700
G1 X170.889 Y73.184
G1 X170.440 Y74.656
G1 X168.852 Y74.989
G1 X168.710 Y76.768
G1 X166.853 Y76.833
G1 X166.774 Y78.674
G1 X164.792 Y78.613
G1 X164.993 Y80.736
G1 X163.116 Y80.780
G1 X162.866 Y82.451
G1 X161.230 Y82.737
G1 X160.930 Y84.357
G1 X159.234 Y84.582
G1 X158.923 Y86.193
G1 X157.333 Y86.524
G1 X157.070 Y88.182
G1 X155.535 Y88.568
G1 X155.174 Y90.128
G1 X153.631 Y90.507
G1 X153.032 Y91.829
G1 X151.630 Y92.347
G1 X151.251 Y93.890
G1 X149.631 Y94.191
G1 X149.295 Y95.776
G1 X147.719 Y96.122
G1 X147.442 Y97.765
G1 X145.821 Y98.066
G1 X145.445 Y99.611
G1 X144.005 Y100.092
G1 X143.451 Y101.460
G1 X142.129 Y102.059
G1 X141.497 Y103.348
G1 X140.236 Y104.007
G1 X139.566 Y105.259
G1 X138.324 Y105.939
G1 X137.648 Y107.183
G1 X136.381 Y107.837
G1 X135.804 Y109.182
G1 X134.437 Y109.736
G1 X133.840 Y111.060
G1 X132.501 Y111.642
G1 X132.258 Y113.320
G1 X130.582 Y113.566
G1 X130.229 Y115.134
G1 X128.415 Y115.241
G1 X128.245 Y116.992
G1 X126.587 Y117.255
G1 X126.261 Y118.850
G1 X124.650 Y119.161
G1 X124.380 Y120.812
G1 X122.722 Y121.075
G1 X122.532 Y122.806
G1 X120.771 Y122.966
G1 X120.533 Y124.649
G1 X118.872 Y124.909
G1 X118.652 Y126.610
G1 X117.046 Y126.926
G1 X116.663 Y128.464
G1 X115.148 Y128.870
G1 X114.687 Y130.330
G1 X113.267 Y130.831
G1 X112.813 Y132.299
G1 X111.308 Y132.714
G1 X110.899 Y134.227
G1 X109.372 Y134.621
G1 X108.938 Y136.108
G1 X107.460 Y136.552
G1 X107.060 Y138.072
G1 X105.539 Y138.473
G1 X105.297 Y140.151
G1 X103.460 Y140.236
G1 X103.205 Y141.902
G1 X101.599 Y142.217
G1 X101.266 Y143.805
G1 X99.748 Y144.209
G1 X99.480 Y145.862
G1 X97.664 Y145.967
G1 X97.579 Y147.803
G1 X95.775 Y147.921
G1 X95.643 Y149.709
G1 X93.832 Y149.819
G1 X93.802 Y151.711
G1 X91.913 Y151.743
G1 X91.793 Y153.544
G1 X90.017 Y153.689
G1 X89.900 Y155.493
G1 X88.071 Y155.585
G1 X88.112 Y157.547
G1 X86.112 Y157.469
G1 X86.210 Y159.488
G1 X84.143 Y159.342
G1 X84.211 Y161.332
G1 X82.237 Y161.278
G1 X82.275 Y163.238
G1 X80.348 Y163.232
G1 X80.304 Y165.109
G1 X78.422 Y165.148
G1 X78.275 Y166.922
G1 X76.466 Y167.034
G1 X76.246 Y168.735
G1 X74.527 Y168.938
G1 X74.425 Y170.757
G1 X72.772 Y171.025
G1 X72.644 Y172.819
G1 X70.702 Y172.798
G1 X70.359 Y174.376
G1 X69.080 Y175.018
G1 X68.559 Y176.417
M5
G0 X70.012 Y177.871
M3 S90
G1 X70.395 Y176.333
G1 X71.893 Y175.909
G1 X72.050 Y174.146
G1 X73.892 Y174.066
G1 X74.077 Y172.330
G1 X75.790 Y172.122
G1 X75.737 Y170.148
G1 X77.862 Y170.352
G1 X77.856 Y168.425
G1 X79.460 Y168.107
G1 X79.853 Y166.579
G1 X81.544 Y166.349
G1 X81.596 Y164.480
G1 X83.553 Y164.515
G1 X83.509 Y162.551
G1 X85.539 Y162.660
G1 X85.413 Y160.612
G1 X87.450 Y160.728
G1 X87.359 Y158.716
G1 X89.349 Y158.785
G1 X89.318 Y156.833
G1 X91.175 Y156.768
G1 X91.345 Y155.017
G1 X93.181 Y154.932
G1 X93.145 Y152.975
G1 X95.012 Y152.921
G1 X95.144 Y151.132
G1 X96.953 Y151.020
G1 X97.053 Y149.198
G1 X98.897 Y149.121
G1 X98.994 Y147.297
G1 X100.678 Y147.059
G1 X100.950 Y145.411
G1 X102.576 Y145.116
G1 X102.877 Y143.495
G1 X104.648 Y143.345
G1 X104.738 Y141.514
G1 X106.381 Y141.236
G1 X106.839 Y139.773
G1 X108.330 Y139.342
G1 X108.733 Y137.824
G1 X110.213 Y137.383
G1 X110.667 Y135.916
G1 X112.147 Y135.475
G1 X112.580 Y133.987
G1 X114.091 Y133.576
G1 X114.534 Y132.098
G1 X115.974 Y131.617
G1 X116.398 Y130.120
G1 X117.953 Y129.754
G1 X118.301 Y128.181
G1 X119.904 Y127.863
G1 X120.200 Y126.237
G1 X121.773 Y125.889
G1 X122.098 Y124.293
G1 X123.779 Y124.053
G1 X124.007 Y122.360
G1 X125.635 Y122.067
G1 X125.913 Y120.423
G1 X127.591 Y120.181
G1 X127.869 Y118.537
G1 X129.528 Y118.275
G1 X129.640 Y116.466
G1 X131.567 Y116.471
G1 X131.523 Y114.507
G1 X133.553 Y114.616
G1 X133.798 Y112.940
G1 X135.105 Y112.325
G1 X135.720 Y111.018
G1 X137.170 Y110.547
G1 X137.651 Y109.107
G1 X138.930 Y108.465
G1 X139.605 Y107.219
G1 X140.841 Y106.534
G1 X141.521 Y105.293
G1 X142.770 Y104.621
G1 X143.422 Y103.351
G1 X144.721 Y102.730
G1 X145.310 Y101.398
G1 X146.700 Y100.866
G1 X147.131 Y99.376
G1 X148.734 Y99.058
G1 X149.007 Y97.410
G1 X150.545 Y97.026
G1 X150.966 Y95.526
G1 X152.504 Y95.143
G1 X152.917 Y93.635
G1 X154.395 Y93.192
G1 X154.813 Y91.689
G1 X156.316 Y91.270
G1 X156.795 Y89.828
G1 X158.338 Y89.450
G1 X158.643 Y87.834
G1 X160.254 Y87.523
G1 X160.542 Y85.890
G1 X162.127 Y85.555
G1 X162.538 Y84.044
G1 X164.099 Y83.684
G1 X164.135 Y81.799
G1 X166.170 Y81.913
G1 X166.200 Y80.021
G1 X167.971 Y79.871
G1 X168.066 Y78.045
G1 X169.714 Y77.772
G1 X170.223 Y76.360
G1 X171.703 Y75.919
G1 X172.166 Y74.461
G1 X173.591 Y73.965
G1 X174.025 Y72.477
G1 X175.540 Y72.071
G1 X175.848 Y70.458
G1 X177.607 Y70.296
G1 X177.729 Y68.497
G1 X179.518 Y68.365
G1 X179.751 Y66.676
G1 X181.402 Y66.406
G1 X181.612 Y64.695
G1 X183.370 Y64.532
G1 X183.515 Y62.756
G1 X185.264 Y62.583
G1 X185.454 Y60.852
G1 X187.160 Y60.637
G1 X187.423 Y58.979
G1 X189.021 Y58.656
G1 X189.336 Y57.050
G1 X190.887 Y56.679
G1 X191.366 Y55.237
G1 X192.818 Y54.768
G1 X193.244 Y53.273
G1 X194.830 Y52.938
G1 X195.115 Y51.302
G1 X196.824 Y51.089
G1 X197.084 Y49.428
G1 X198.632 Y49.055
G1 X199.000 Y47.502
G1 X200.606 Y47.187
G1 X200.848 Y45.508
G1 X202.507 Y45.245
G1 X202.747 Y43.564
M5
G0 X204.990 Y43.886
M3 S90
G1 X204.750 Y45.567
G1 X203.164 Y45.903
G1 X202.763 Y47.423
G1 X201.251 Y47.832
G1 X200.835 Y49.337
G1 X199.360 Y49.783
G1 X198.899 Y51.243
G1 X197.441 Y51.707
G1 X196.975 Y53.162
G1 X195.495 Y53.603
G1 X195.079 Y55.108
G1 X193.566 Y55.516
G1 X193.208 Y57.079
G1 X191.627 Y57.420
G1 X191.244 Y58.958
G1 X189.679 Y59.313
G1 X189.396 Y60.952
G1 X187.745 Y61.222
G1 X187.452 Y62.850
G1 X185.814 Y63.133
G1 X185.591 Y64.832
G1 X183.875 Y65.037
G1 X183.647 Y66.730
G1 X181.934 Y66.938
G1 X181.751 Y68.677
G1 X180.043 Y68.889
G1 X179.833 Y70.600
G1 X178.212 Y70.901
G1 X177.763 Y72.373
G1 X176.338 Y72.870
G1 X175.832 Y74.284
G1 X174.417 Y74.791
G1 X173.934 Y76.228
G1 X172.509 Y76.724
G1 X171.980 Y78.117
G1 X170.602 Y78.661
G1 X170.192 Y80.171
G1 X168.523 Y80.424
G1 X168.270 Y82.092
G1 X166.522 Y82.264
G1 X166.457 Y84.121
G1 X164.505 Y84.090
G1 X164.559 Y86.065
G1 X162.817 Y86.245
G1 X162.457 Y87.805
G1 X160.936 Y88.206
G1 X160.538 Y89.729
G1 X158.963 Y90.075
G1 X158.592 Y91.625
G1 X157.044 Y91.998
G1 X156.656 Y93.531
G1 X155.186 Y93.982
G1 X154.805 Y95.523
G1 X153.222 Y95.861
G1 X152.876 Y97.436
G1 X151.230 Y97.712
G1 X150.972 Y99.375
G1 X149.344 Y99.668
G1 X148.973 Y101.218
G1 X147.528 Y101.694
G1 X146.969 Y103.057
G1 X145.660 Y103.668
G1 X145.016 Y104.945
G1 X143.761 Y105.612
G1 X143.087 Y106.859
G1 X141.845 Y107.538
G1 X141.156 Y108.770
G1 X139.914 Y109.449
G1 X139.280 Y110.736
G1 X137.890 Y111.268
G1 X137.351 Y112.650
G1 X136.057 Y113.277
G1 X135.437 Y114.579
G1 X134.095 Y115.158
G1 X133.868 Y116.851
G1 X131.938 Y116.843
G1 X131.871 Y118.697
G1 X130.130 Y118.877
G1 X129.912 Y120.581
G1 X128.214 Y120.803
G1 X127.919 Y122.429
G1 X126.305 Y122.737
G1 X125.960 Y124.312
G1 X124.294 Y124.568
G1 X124.039 Y126.234
G1 X122.440 Y126.557
G1 X122.142 Y128.180
G1 X120.514 Y128.473
G1 X120.199 Y130.078
G1 X118.638 Y130.439
G1 X118.242 Y131.964
G1 X116.747 Y132.390
G1 X116.276 Y133.840
G1 X114.859 Y134.344
G1 X114.395 Y135.802
G1 X112.900 Y136.228
G1 X112.439 Y137.688
G1 X111.059 Y138.229
G1 X110.583 Y139.674
G1 X109.083 Y140.095
G1 X108.682 Y141.615
G1 X107.194 Y142.049
G1 X106.728 Y143.504
G1 X105.220 Y143.917
G1 X104.862 Y145.480
G1 X103.201 Y145.741
G1 X102.963 Y147.424
G1 X101.283 Y147.664
G1 X100.997 Y149.300
G1 X99.371 Y149.595
G1 X99.196 Y151.342
G1 X97.382 Y151.449
G1 X97.250 Y153.238
G1 X95.404 Y153.312
G1 X95.357 Y155.187
G1 X93.490 Y155.241
G1 X93.405 Y157.078
G1 X91.596 Y157.190
G1 X91.527 Y159.041
G1 X89.655 Y159.091
G1 X89.666 Y161.023
G1 X87.669 Y160.947
G1 X87.745 Y162.944
G1 X85.740 Y162.860
G1 X85.819 Y164.860
G1 X83.819 Y164.782
G1 X83.857 Y166.741
G1 X82.169 Y166.974
G1 X81.723 Y168.449
G1 X80.107 Y168.754
G1 X79.751 Y170.320
G1 X78.256 Y170.746
G1 X78.121 Y172.532
G1 X76.277 Y172.609
G1 X75.989 Y174.243
G1 X74.522 Y174.696
G1 X74.141 Y176.236
G1 X72.651 Y176.667
G1 X72.363 Y178.301
G1 X70.712 Y178.571
G1 X70.108 Y179.888
M5
G0 X70.941 Y180.721
M3 S90
G1 X72.489 Y180.348
G1 X72.687 Y178.625
G1 X74.360 Y178.377
G1 X74.598 Y176.693
G1 X76.334 Y176.508
G1 X76.712 Y174.965
G1 X78.514 Y174.846
G1 X78.460 Y172.871
G1 X80.073 Y172.563
G1 X80.580 Y171.148
G1 X82.000 Y170.647
G1 X82.534 Y169.260
G1 X84.194 Y168.999
G1 X84.204 Y167.087
G1 X86.113 Y167.076
G1 X86.102 Y165.144
G1 X88.052 Y165.172
G1 X88.046 Y163.245
G1 X89.945 Y163.223
G1 X89.977 Y161.334
G1 X91.851 Y161.287
G1 X91.918 Y159.433
G1 X93.727 Y159.321
G1 X93.769 Y157.442
G1 X95.679 Y157.430
G1 X95.701 Y155.530
G1 X97.560 Y155.468
G1 X97.667 Y153.654
G1 X99.541 Y153.607
G1 X99.719 Y151.864
G1 X101.369 Y151.593
G1 X101.549 Y149.852
G1 X103.198 Y149.579
G1 X103.669 Y148.129
G1 X105.099 Y147.638
G1 X105.615 Y146.233
G1 X106.907 Y145.604
G1 X107.491 Y144.267
G1 X108.976 Y143.831
G1 X109.410 Y142.343
G1 X110.820 Y141.832
G1 X111.318 Y140.410
G1 X112.716 Y139.886
G1 X113.270 Y138.519
G1 X114.682 Y138.010
G1 X115.198 Y136.605
G1 X116.583 Y136.069
G1 X117.082 Y134.646
G1 X118.595 Y134.238
G1 X118.953 Y132.675
G1 X120.536 Y132.337
G1 X120.816 Y130.696
G1 X122.485 Y130.443
G1 X122.755 Y128.792
G1 X124.421 Y128.537
G1 X124.676 Y126.871
G1 X126.204 Y126.478
G1 X126.678 Y125.030
G1 X128.231 Y124.662
G1 X128.498 Y123.009
G1 X130.164 Y122.753
G1 X130.266 Y120.934
G1 X132.188 Y120.935
G1 X132.205 Y119.031
G1 X134.192 Y119.097
G1 X134.116 Y117.100
G1 X135.787 Y116.849
G1 X136.349 Y115.490
G1 X137.678 Y114.898
G1 X138.287 Y113.586
G1 X139.642 Y113.020
G1 X140.193 Y111.650
G1 X141.493 Y111.028
G1 X142.167 Y109.781
G1 X143.399 Y109.092
G1 X144.089 Y107.860
G1 X145.323 Y107.173
G1 X145.997 Y105.927
G1 X147.266 Y105.275
G1 X147.893 Y103.980
G1 X149.218 Y103.384
G1 X149.744 Y101.989
G1 X151.267 Y101.591
G1 X151.567 Y99.970
G1 X153.246 Y99.727
G1 X153.478 Y98.039
G1 X155.177 Y97.816
G1 X155.447 Y96.165
G1 X157.008 Y95.804
G1 X157.343 Y94.219
G1 X158.949 Y93.903
G1 X159.247 Y92.280
G1 X160.905 Y92.017
G1 X161.206 Y90.397
G1 X162.897 Y90.167
G1 X163.129 Y88.478
G1 X164.956 Y88.383
G1 X164.795 Y86.301
G1 X166.819 Y86.405
G1 X166.874 Y84.538
G1 X168.630 Y84.373
G1 X168.908 Y82.730
G1 X170.305 Y82.206
G1 X170.869 Y80.849
G1 X172.395 Y80.453
G1 X172.504 Y78.641
G1 X174.584 Y78.800
G1 X174.566 Y76.861
G1 X176.405 Y76.779
G1 X176.357 Y74.809
G1 X178.196 Y74.727
G1 X178.524 Y73.134
G1 X179.984 Y72.673
G1 X180.508 Y71.275
G1 X182.021 Y70.867
G1 X182.231 Y69.156
G1 X183.969 Y68.973
G1 X184.167 Y67.250
G1 X185.903 Y67.065
G1 X186.058 Y65.299
G1 X187.872 Y65.191
G1 X187.818 Y63.217
G1 X189.630 Y63.107
G1 X190.006 Y61.562
G1 X191.606 Y61.241
G1 X191.944 Y59.658
G1 X193.510 Y59.302
G1 X193.830 Y57.702
G1 X195.459 Y57.409
G1 X195.782 Y55.811
G1 X197.284 Y55.392
G1 X197.745 Y53.932
G1 X199.228 Y53.494
G1 X199.644 Y51.989
G1 X201.152 Y51.575
G1 X201.590 Y50.092
G1 X203.050 Y49.631
G1 X203.519 Y48.179
G1 X205.019 Y47.758
G1 X205.408 Y46.225
G1 X207.001 Y45.897
G1 X207.053 Y44.028
G1 X209.015 Y44.069
M5
G0 X209.459 Y44.513
M3 S90
G1 X209.495 Y46.470
G1 X207.641 Y46.537
G1 X207.260 Y48.077
G1 X205.750 Y48.488
G1 X205.321 Y49.981
G1 X203.884 Y50.465
G1 X203.430 Y51.932
G1 X201.887 Y52.311
G1 X201.504 Y53.848
G1 X199.943 Y54.209
G1 X199.636 Y55.822
G1 X198.073 Y56.180
G1 X197.687 Y57.716
G1 X196.129 Y58.079
G1 X195.725 Y59.597
G1 X194.265 Y60.058
G1 X193.787 Y61.500
G1 X192.352 Y61.987
G1 X192.212 Y63.768
G1 X190.069 Y63.546
G1 X190.296 Y65.694
G1 X188.163 Y65.483
G1 X188.365 Y67.605
G1 X186.500 Y67.662
G1 X186.160 Y69.243
G1 X184.582 Y69.586
G1 X184.173 Y71.099
G1 X182.334 Y71.181
G1 X182.521 Y73.288
G1 X180.659 Y73.348
G1 X180.409 Y75.019
G1 X178.818 Y75.349
G1 X178.460 Y76.912
G1 X176.854 Y77.228
G1 X176.855 Y79.150
G1 X174.695 Y78.911
G1 X174.711 Y80.848
G1 X173.105 Y81.163
G1 X172.584 Y82.563
G1 X171.327 Y83.227
G1 X170.680 Y84.502
G1 X169.207 Y84.950
G1 X168.937 Y86.601
G1 X167.193 Y86.779
G1 X167.104 Y88.610
G1 X165.144 Y88.572
G1 X165.278 Y90.627
G1 X163.479 Y90.749
G1 X163.108 Y92.299
G1 X161.500 Y92.612
G1 X161.212 Y94.246
G1 X159.617 Y94.571
G1 X159.314 Y96.189
G1 X157.673 Y96.470
G1 X157.335 Y98.053
G1 X155.729 Y98.368
G1 X155.426 Y99.986
G1 X153.795 Y100.277
G1 X153.530 Y101.933
G1 X151.930 Y102.253
G1 X151.504 Y103.748
G1 X150.114 Y104.280
G1 X149.512 Y105.599
G1 X148.235 Y106.244
G1 X147.568 Y107.498
G1 X146.327 Y108.177
G1 X145.642 Y109.414
G1 X144.408 Y110.101
G1 X143.721 Y111.335
G1 X142.469 Y112.005
G1 X141.858 Y113.314
G1 X140.500 Y113.878
G1 X139.939 Y115.238
G1 X138.582 Y115.802
G1 X138.030 Y117.171
G1 X136.636 Y117.698
G1 X136.129 Y119.113
G1 X134.416 Y119.320
G1 X134.341 Y121.167
G1 X132.570 Y121.317
G1 X132.505 Y123.173
G1 X130.543 Y123.132
G1 X130.456 Y124.967
G1 X128.735 Y125.167
G1 X128.578 Y126.930
G1 X126.889 Y127.163
G1 X126.621 Y128.816
G1 X124.865 Y128.981
G1 X124.730 Y130.768
G1 X122.979 Y130.938
G1 X122.849 Y132.729
G1 X121.188 Y132.989
G1 X120.855 Y134.577
G1 X119.312 Y134.956
G1 X118.851 Y136.416
G1 X117.436 Y136.922
G1 X116.898 Y138.304
G1 X115.498 Y138.826
G1 X115.024 Y140.273
G1 X113.529 Y140.699
G1 X113.075 Y142.167
G1 X111.613 Y142.625
G1 X111.154 Y144.088
G1 X109.699 Y144.554
G1 X109.261 Y146.037
G1 X107.878 Y146.575
G1 X107.309 Y147.928
G1 X105.842 Y148.381
G1 X105.408 Y149.869
G1 X104.026 Y150.408
G1 X103.449 Y151.752
G1 X102.042 Y152.266
G1 X101.686 Y153.832
G1 X100.053 Y154.120
G1 X99.793 Y155.780
G1 X97.966 Y155.875
G1 X97.867 Y157.697
G1 X96.048 Y157.799
G1 X96.013 Y159.685
G1 X94.137 Y159.730
G1 X94.044 Y161.559
G1 X92.230 Y161.666
G1 X92.158 Y163.515
G1 X90.277 Y163.555
G1 X90.280 Y165.479
G1 X88.283 Y165.403
G1 X88.381 Y167.423
G1 X86.482 Y167.445
G1 X86.407 Y169.291
G1 X84.561 Y169.366
G1 X84.351 Y171.077
G1 X82.808 Y171.455
G1 X82.254 Y172.822
G1 X81.020 Y173.509
G1 X80.491 Y174.902
G1 X78.730 Y175.062
G1 X78.786 Y177.039
G1 X76.856 Y177.030
G1 X76.448 Y178.543
G1 X75.098 Y179.115
G1 X74.901 Y180.838
G1 X72.964 Y180.823
G1 X72.696 Y182.476
G1 X71.211 Y182.912
M5
G0 X71.001 Y186.545
M3 S90
G1 X71.643 Y185.265
G1 X72.922 Y184.624
G1 X73.486 Y183.267
G1 X75.180 Y183.039
G1 X75.229 Y181.167
G1 X76.951 Y180.967
G1 X77.525 Y179.620
G1 X79.143 Y179.317
G1 X78.951 Y177.204
G1 X80.713 Y177.044
G1 X81.068 Y175.479
G1 X82.762 Y175.251
G1 X83.019 Y173.588
G1 X84.675 Y173.323
G1 X84.933 Y171.659
G1 X86.667 Y171.472
G1 X86.759 Y169.643
G1 X88.661 Y169.623
G1 X88.632 Y167.674
G1 X90.577 Y167.697
G1 X90.636 Y165.836
G1 X92.463 Y165.741
G1 X92.540 Y163.897
G1 X94.377 Y163.812
G1 X94.509 Y162.023
G1 X96.295 Y161.889
G1 X96.355 Y160.027
G1 X98.264 Y160.015
G1 X98.376 Y158.206
G1 X100.120 Y158.029
G1 X100.398 Y156.385
G1 X102.029 Y156.095
G1 X102.384 Y154.529
G1 X103.731 Y153.955
G1 X104.340 Y152.643
G1 X105.670 Y152.052
G1 X106.239 Y150.700
G1 X107.586 Y150.126
G1 X108.133 Y148.751
G1 X109.475 Y148.172
G1 X110.011 Y146.787
G1 X111.536 Y146.391
G1 X112.028 Y144.961
G1 X113.337 Y144.350
G1 X113.969 Y143.060
G1 X115.306 Y142.476
G1 X115.807 Y141.056
G1 X117.227 Y140.555
G1 X117.759 Y139.165
G1 X119.168 Y138.654
G1 X119.657 Y137.221
G1 X121.107 Y136.750
G1 X121.541 Y135.263
G1 X123.139 Y134.940
G1 X123.427 Y133.306
G1 X125.075 Y133.033
G1 X125.280 Y131.317
G1 X126.946 Y131.062
G1 X127.191 Y129.386
G1 X128.880 Y129.154
G1 X129.110 Y127.462
G1 X130.801 Y127.232
G1 X131.054 Y125.564
G1 X132.775 Y125.364
G1 X132.962 Y123.630
G1 X134.653 Y123.400
G1 X134.665 Y121.491
G1 X136.439 Y121.343
G1 X136.955 Y119.938
G1 X138.375 Y119.437
G1 X138.876 Y118.017
G1 X140.274 Y117.493
G1 X140.810 Y116.109
G1 X142.230 Y115.607
G1 X142.759 Y114.215
G1 X144.063 Y113.598
G1 X144.725 Y112.339
G1 X145.959 Y111.652
G1 X146.651 Y110.423
G1 X147.880 Y109.731
G1 X148.565 Y108.494
G1 X149.814 Y107.822
G1 X150.468 Y106.556
G1 X151.768 Y105.934
G1 X152.332 Y104.577
G1 X153.779 Y104.103
G1 X154.125 Y102.528
G1 X155.796 Y102.277
G1 X156.071 Y100.631
G1 X157.682 Y100.321
G1 X158.038 Y98.756
G1 X159.596 Y98.392
G1 X159.889 Y96.764
G1 X161.572 Y96.526
G1 X161.822 Y94.855
G1 X163.425 Y94.537
G1 X163.500 Y92.691
G1 X165.595 Y92.865
G1 X165.479 Y90.827
G1 X167.411 Y90.838
G1 X167.530 Y89.037
G1 X169.317 Y88.902
G1 X169.567 Y87.231
G1 X170.912 Y86.654
G1 X171.576 Y85.398
G1 X172.878 Y84.779
G1 X173.111 Y83.090
G1 X174.867 Y82.925
G1 X175.285 Y81.422
G1 X176.818 Y81.034
G1 X177.146 Y79.441
G1 X178.787 Y79.161
G1 X179.158 Y77.610
G1 X180.666 Y77.197
G1 X181.082 Y75.692
G1 X182.584 Y75.273
G1 X183.158 Y73.926
G1 X184.701 Y73.548
G1 X184.708 Y71.633
G1 X186.713 Y71.717
G1 X186.805 Y69.888
G1 X188.275 Y69.437
G1 X188.892 Y68.132
G1 X190.176 Y67.496
G1 X190.785 Y66.184
G1 X192.183 Y65.660
G1 X192.691 Y64.247
G1 X194.084 Y63.719
G1 X194.218 Y61.932
G1 X196.296 Y62.089
G1 X196.376 Y60.247
G1 X197.878 Y59.829
G1 X198.482 Y58.512
G1 X199.870 Y57.978
G1 X200.258 Y56.445
G1 X201.716 Y55.981
G1 X202.219 Y54.564
G1 X203.770 Y54.193
G1 X204.181 Y52.683
G1 X205.668 Y52.249
G1 X206.089 Y50.749
G1 X207.582 Y50.321
G1 X208.015 Y48.833
G1 X209.764 Y48.660
M5
G0 X209.730 Y50.547
M3 S90
G1 X208.315 Y51.054
G1 X207.846 Y52.506
G1 X206.331 Y52.912
G1 X205.938 Y54.440
G1 X204.289 Y54.713
G1 X204.363 Y56.707
G1 X202.233 Y56.498
G1 X202.409 Y58.596
G1 X200.465 Y58.573
G1 X200.383 Y60.412
G1 X198.428 Y60.378
G1 X198.278 Y62.150
G1 X196.575 Y62.367
G1 X196.477 Y64.191
G1 X194.739 Y64.374
G1 X194.549 Y66.105
G1 X192.835 Y66.312
G1 X192.698 Y68.096
G1 X190.871 Y68.191
G1 X190.711 Y69.952
G1 X188.968 Y70.130
G1 X188.881 Y71.964
G1 X186.954 Y71.958
G1 X187.000 Y73.925
G1 X185.168 Y74.015
G1 X184.953 Y75.721
G1 X183.322 Y76.011
G1 X182.834 Y77.444
G1 X181.363 Y77.895
G1 X180.922 Y79.375
G1 X179.568 Y79.941
G1 X179.172 Y81.467
G1 X177.624 Y81.840
G1 X177.000 Y83.137
G1 X175.502 Y83.560
G1 X175.307 Y85.286
G1 X173.807 Y85.707
G1 X173.140 Y86.961
G1 X171.981 Y87.724
M5
G0 X174.440 Y88.262
M3 S90
G1 X175.152 Y87.053
G1 X176.381 Y86.361
G1 X176.657 Y84.715
G1 X178.491 Y84.628
G1 X178.836 Y83.052
G1 X180.244 Y82.538
G1 X180.815 Y81.189
G1 X182.175 Y80.627
G1 X182.779 Y79.310
G1 X184.465 Y79.075
G1 X184.690 Y77.379
G1 X186.010 Y76.777
G1 X186.511 Y75.357
G1 X188.102 Y75.027
G1 X188.349 Y73.353
G1 X190.171 Y73.254
G1 X190.263 Y71.425
G1 X191.954 Y71.195
G1 X192.267 Y69.586
G1 X193.908 Y69.306
G1 X194.178 Y67.655
G1 X195.824 Y67.380
G1 X196.079 Y65.714
G1 X197.803 Y65.516
G1 X197.807 Y63.600
G1 X199.769 Y63.640
G1 X199.743 Y61.693
G1 X201.720 Y61.749
G1 X201.682 Y59.790
G1 X203.436 Y59.622
G1 X203.749 Y58.014
G1 X205.392 Y57.736
G1 X205.426 Y55.850
G1 X207.584 Y56.086
G1 X207.342 Y53.923
G1 X209.438 Y54.097
G1 X209.294 Y52.032
M5
G0 X209.855 Y56.436
M3 S90
G1 X207.840 Y56.342
G1 X207.658 Y58.081
G1 X205.962 Y58.306
G1 X205.744 Y60.010
G1 X204.033 Y60.220
G1 X203.831 Y61.938
G1 X202.180 Y62.209
G1 X201.824 Y63.774
G1 X200.015 Y63.886
G1 X200.199 Y65.992
G1 X198.184 Y65.898
G1 X198.002 Y67.637
G1 X196.456 Y68.012
G1 X196.281 Y69.759
G1 X194.450 Y69.848
G1 X194.154 Y71.474
G1 X192.554 Y71.794
G1 X192.228 Y73.390
G1 X190.608 Y73.691
G1 X190.242 Y75.246
G1 X188.744 Y75.669
G1 X188.436 Y77.283
G1 X186.856 Y77.623
G1 X186.568 Y79.257
G1 X184.892 Y79.502
G1 X184.531 Y81.062
G1 X183.048 Y81.501
M5
G0 X181.873 Y84.167
M3 S90
G1 X179.820 Y84.036
G1 X179.578 Y85.715
M5
G0 X179.900 Y87.958
M3 S90
G1 X180.594 Y86.731
G1 X182.177 Y86.393
G1 X182.382 Y84.677
G1 X183.840 Y84.213
G1 X184.256 Y82.708
G1 X185.779 Y82.310
G1 X186.292 Y80.902
G1 X187.632 Y80.321
G1 X188.013 Y78.780
G1 X189.972 Y78.819
G1 X190.042 Y76.967
G1 X191.570 Y76.574
G1 X192.021 Y75.104
G1 X193.436 Y74.597
G1 X193.779 Y73.019
G1 X195.399 Y72.719
G1 X195.946 Y71.344
G1 X197.484 Y70.961
G1 X197.629 Y69.185
G1 X199.337 Y68.972
G1 X199.344 Y67.058
G1 X201.261 Y67.053
G1 X201.539 Y65.410
G1 X203.152 Y65.102
G1 X203.497 Y63.527
G1 X205.078 Y63.186
G1 X205.313 Y61.500
G1 X207.024 Y61.290
G1 X207.169 Y59.514
G1 X208.930 Y59.354
G1 X209.110 Y57.612
M5
G0 X210.241 Y60.664
M3 S90
G1 X208.527 Y60.871
G1 X208.267 Y62.532
G1 X206.648 Y62.835
G1 X206.366 Y64.474
G1 X204.705 Y64.734
G1 X204.477 Y66.427
G1 X202.753 Y66.625
G1 X202.528 Y68.321
G1 X200.614 Y68.328
G1 X200.389 Y70.024
G1 X199.067 Y70.623
G1 X198.538 Y72.015
G1 X197.176 Y72.574
G1 X196.509 Y73.828
G1 X195.149 Y74.390
G1 X194.856 Y76.018
G1 X193.220 Y76.303
G1 X192.867 Y77.871
G1 X191.229 Y78.154
G1 X190.883 Y79.730
G1 X189.348 Y80.116
G1 X188.960 Y81.649
G1 X187.655 Y82.265
G1 X187.111 Y83.643
G1 X185.596 Y84.048
G1 X185.090 Y85.463
G1 X183.667 Y85.962
G1 X183.166 Y87.382
G1 X181.636 Y87.773
G1 X181.177 Y89.235
G1 X179.913 Y89.892
G1 X179.311 Y91.212
G1 X177.921 Y91.743
G1 X177.465 Y93.208
G1 X175.835 Y93.499
G1 X175.730 Y95.315
G1 X174.102 Y95.608
G1 X173.698 Y97.126
G1 X172.135 Y97.484
G1 X171.737 Y99.007
G1 X169.973 Y99.164
G1 X169.889 Y101.001
G1 X168.100 Y101.133
G1 X168.058 Y103.012
G1 X166.133 Y103.009
G1 X166.235 Y105.031
G1 X164.192 Y104.910
G1 X164.334 Y106.973
G1 X162.424 Y106.984
G1 X162.094 Y108.575
G1 X160.661 Y109.064
G1 X160.090 Y110.413
G1 X158.773 Y111.017
G1 X158.146 Y112.312
G1 X156.882 Y112.969
G1 X156.202 Y114.210
G1 X154.975 Y114.905
G1 X154.268 Y116.119
G1 X153.059 Y116.831
G1 X152.352 Y118.045
G1 X151.121 Y118.735
G1 X150.637 Y120.172
G1 X148.898 Y120.355
G1 X148.982 Y122.359
G1 X146.836 Y122.135
G1 X147.015 Y124.235
G1 X144.890 Y124.031
G1 X145.142 Y126.204
G1 X142.972 Y125.955
G1 X143.213 Y128.118
G1 X141.060 Y127.886
G1 X141.177 Y129.924
G1 X139.212 Y129.880
G1 X139.296 Y131.885
G1 X137.597 Y132.108
G1 X137.053 Y133.485
G1 X135.771 Y134.124
G1 X135.069 Y135.343
M5
G0 X132.915 Y137.031
M3 S90
G1 X132.183 Y138.220
G1 X130.953 Y138.912
G1 X130.244 Y140.124
G1 X129.010 Y140.810
G1 X128.355 Y142.077
G1 X127.028 Y142.671
G1 X126.575 Y144.139
G1 X125.057 Y144.542
G1 X124.588 Y145.995
G1 X123.214 Y146.541
G1 X122.624 Y147.873
G1 X121.343 Y148.513
G1 X120.708 Y149.800
G1 X119.374 Y150.386
G1 X118.722 Y151.655
G1 X117.488 Y152.342
G1 X116.786 Y153.562
G1 X115.624 Y154.321
G1 X114.895 Y155.513
G1 X113.580 Y156.120
G1 X113.122 Y157.582
G1 X111.742 Y158.124
G1 X111.138 Y159.441
M5
G0 X112.049 Y160.352
M3 S90
G1 X111.407 Y161.631
G1 X110.050 Y162.195
G1 X109.451 Y163.517
G1 X108.214 Y164.201
M5
G0 X106.589 Y166.419
M3 S90
G1 X105.257 Y167.008
G1 X104.919 Y168.591
G1 X103.243 Y168.836
G1 X103.098 Y170.613
G1 X101.113 Y170.549
G1 X101.187 Y172.544
G1 X99.247 Y172.525
G1 X99.226 Y174.425
G1 X97.266 Y174.386
G1 X97.309 Y176.351
G1 X95.367 Y176.330
G1 X95.383 Y178.267
G1 X93.486 Y178.291
G1 X93.384 Y180.110
G1 X91.570 Y180.218
G1 X91.498 Y182.067
G1 X89.714 Y182.204
G1 X89.560 Y183.970
G1 X87.899 Y184.231
G1 X87.498 Y185.751
G1 X85.993 Y186.167
G1 X85.647 Y187.742
G1 X83.958 Y187.975
G1 X83.784 Y189.721
G1 X82.088 Y189.946
G1 X81.669 Y191.449
M5
G0 X79.294 Y192.916
M3 S90
G1 X78.727 Y194.271
G1 X77.403 Y194.867
G1 X76.783 Y196.169
G1 X75.549 Y196.856
G1 X75.003 Y198.231
M5
G0 X72.705 Y199.776
M3 S90
G1 X71.988 Y200.980
M5
G0 X71.653 Y198.724
M3 S90
G1 X72.360 Y197.510
G1 X73.683 Y196.911
G1 X74.234 Y195.541
M5
G0 X71.903 Y195.131
M3 S90
G1 X73.308 Y194.615
G1 X73.781 Y193.167
G1 X75.492 Y192.957
G1 X75.818 Y191.362
G1 X77.155 Y190.777
G1 X77.737 Y189.438
G1 X79.071 Y188.851
G1 X79.605 Y187.464
G1 X81.118 Y187.056
G1 X81.341 Y185.357
G1 X82.956 Y185.052
G1 X83.553 Y183.727
G1 X84.797 Y183.050
G1 X85.421 Y181.753
G1 X86.866 Y181.277
G1 X87.064 Y179.553
G1 X88.916 Y179.484
G1 X89.003 Y177.650
G1 X90.902 Y177.628
G1 X90.934 Y175.739
G1 X92.793 Y175.677
G1 X92.852 Y173.815
G1 X94.797 Y173.838
G1 X94.688 Y171.809
G1 X96.640 Y171.839
G1 X96.660 Y169.938
G1 X98.577 Y169.933
G1 X98.626 Y168.062
G1 X100.508 Y168.022
G1 X100.444 Y166.038
G1 X102.472 Y166.144
G1 X102.626 Y164.377
G1 X104.081 Y163.911
G1 X104.497 Y162.406
M5
G0 X106.961 Y161.027
M3 S90
G1 X107.560 Y159.705
G1 X108.804 Y159.028
G1 X109.484 Y157.786
G1 X110.826 Y157.207
G1 X111.392 Y155.853
G1 X112.747 Y155.286
G1 X113.248 Y153.866
G1 X114.575 Y153.272
G1 X115.300 Y152.076
G1 X116.551 Y151.406
G1 X117.136 Y150.069
G1 X118.503 Y149.515
G1 X119.087 Y148.178
G1 X120.346 Y147.516
G1 X120.990 Y146.239
G1 X122.260 Y145.588
G1 X122.949 Y144.356
G1 X124.186 Y143.671
G1 X124.833 Y142.397
G1 X126.170 Y141.813
G1 X126.588 Y140.310
G1 X128.199 Y140.000
G1 X128.540 Y138.419
G1 X130.143 Y138.101
G1 X130.388 Y136.425
G1 X132.114 Y136.230
G1 X132.307 Y134.502
G1 X134.015 Y134.289
G1 X134.205 Y132.558
G1 X135.966 Y132.398
G1 X136.136 Y130.647
G1 X137.852 Y130.442
G1 X137.914 Y128.582
G1 X139.964 Y128.711
G1 X139.803 Y126.629
G1 X141.933 Y126.838
G1 X141.704 Y124.687
G1 X143.578 Y124.641
G1 X143.803 Y122.945
G1 X145.625 Y122.845
G1 X145.624 Y120.923
G1 X147.684 Y121.062
G1 X147.478 Y118.934
G1 X149.163 Y118.699
G1 X149.850 Y117.465
G1 X151.072 Y116.765
G1 X151.774 Y115.546
G1 X152.991 Y114.841
G1 X153.693 Y113.622
G1 X154.932 Y112.940
G1 X155.601 Y111.689
G1 X156.861 Y111.027
G1 X157.505 Y109.750
G1 X158.812 Y109.136
G1 X159.366 Y107.768
G1 X160.839 Y107.320
G1 X161.119 Y105.679
G1 X163.056 Y105.695
G1 X162.849 Y103.567
G1 X164.957 Y103.754
G1 X164.848 Y101.724
G1 X166.830 Y101.785
G1 X166.855 Y99.888
G1 X168.636 Y99.748
G1 X168.819 Y98.010
G1 X170.369 Y97.639
G1 X170.900 Y96.249
G1 X172.333 Y95.760
G1 X172.518 Y94.024
G1 X174.498 Y94.083
G1 X174.836 Y92.500
G1 X176.193 Y91.936
M5
G0 X174.750 Y90.492
M3 S90
G1 X173.533 Y91.197
G1 X173.009 Y92.594
G1 X171.589 Y93.095
G1 X170.930 Y94.357
G1 X169.422 Y94.771
G1 X169.252 Y96.522
G1 X167.488 Y96.679
G1 X167.449 Y98.561
G1 X165.492 Y98.525
G1 X165.560 Y100.515
G1 X163.495 Y100.371
G1 X163.694 Y102.491
G1 X161.554 Y102.272
G1 X161.781 Y104.420
G1 X159.869 Y104.429
G1 X159.619 Y106.100
G1 X158.058 Y106.461
G1 X157.539 Y107.863
G1 X156.220 Y108.465
G1 X155.583 Y109.749
G1 X154.321 Y110.408
G1 X153.644 Y111.653
G1 X152.408 Y112.337
G1 X151.718 Y113.569
G1 X150.494 Y114.266
G1 X149.792 Y115.485
G1 X148.570 Y116.185
G1 X147.888 Y117.424
G1 X146.217 Y117.674
G1 X146.291 Y119.669
G1 X144.442 Y119.741
G1 X144.232 Y121.452
G1 X142.669 Y121.810
G1 X142.255 Y123.318
G1 X140.687 Y123.671
G1 X140.312 Y125.216
G1 X138.490 Y125.316
G1 X138.687 Y127.434
G1 X136.624 Y127.292
G1 X136.500 Y129.089
G1 X134.894 Y129.404
G1 X134.679 Y131.110
G1 X132.978 Y131.330
G1 X132.740 Y133.014
G1 X131.011 Y133.206
G1 X130.771 Y134.887
G1 X129.160 Y135.198
G1 X128.910 Y136.869
G1 X127.234 Y137.114
G1 X126.974 Y138.775
G1 X125.323 Y139.045
G1 X125.020 Y140.663
G1 X123.440 Y141.004
G1 X123.034 Y142.519
G1 X121.571 Y142.978
G1 X121.113 Y144.440
G1 X119.690 Y144.939
G1 X119.129 Y146.299
G1 X117.814 Y146.906
G1 X117.165 Y148.177
G1 X115.785 Y148.719
G1 X115.296 Y150.151
G1 X113.851 Y150.627
G1 X113.282 Y151.980
G1 X111.991 Y152.609
G1 X111.479 Y154.019
G1 X110.024 Y154.485
G1 X109.450 Y155.832
G1 X108.113 Y156.416
M5
G0 X108.188 Y154.569
M3 S90
G1 X106.833 Y155.136
G1 X106.347 Y156.571
G1 X104.992 Y157.137
G1 X104.380 Y158.447
G1 X103.036 Y159.023
G1 X102.607 Y160.516
G1 X100.851 Y160.681
G1 X100.751 Y162.502
G1 X98.910 Y162.582
G1 X98.838 Y164.431
G1 X97.039 Y164.553
G1 X96.944 Y166.380
G1 X95.138 Y166.495
G1 X95.061 Y168.339
G1 X93.136 Y168.335
G1 X93.135 Y170.255
G1 X91.278 Y170.319
G1 X91.201 Y172.163
G1 X89.337 Y172.220
G1 X89.252 Y174.057
G1 X87.400 Y174.127
G1 X87.308 Y175.956
G1 X85.575 Y176.143
G1 X85.352 Y177.842
G1 X83.591 Y178.002
G1 X83.431 Y179.763
G1 X81.564 Y179.817
G1 X81.542 Y181.717
G1 X80.017 Y182.112
M5
G0 X78.836 Y184.774
M3 S90
G1 X77.133 Y184.992
G1 X76.629 Y186.409
G1 X75.227 Y186.928
G1 X74.688 Y188.310
G1 X73.326 Y188.869
G1 X72.699 Y190.164
G1 X71.409 Y190.795
G1 X70.763 Y192.070
G1 X69.405 Y192.634
M5
G0 X69.500 Y190.807
M3 S90
G1 X67.935 Y191.163
M5
G0 X67.405 Y190.633
M3 S90
G1 X65.975 Y191.124
G1 X65.270 Y192.341
G1 X63.793 Y192.784
G1 X63.603 Y194.516
M5
G0 X60.926 Y195.681
M3 S90
G1 X60.623 Y197.299
G1 X58.970 Y197.567
G1 X58.509 Y199.027
G1 X57.207 Y199.647
M5
G0 X57.321 Y197.840
M3 S90
G1 X55.982 Y198.422
G1 X55.420 Y199.781
G1 X54.011 Y200.293
G1 X53.559 Y201.763
G1 X51.999 Y202.123
G1 X51.716 Y203.762
G1 X50.048 Y204.015
G1 X49.619 Y205.507
G1 X48.071 Y205.880
G1 X47.758 Y207.489
G1 X46.231 Y207.882
G1 X45.955 Y209.528
G1 X44.370 Y209.863
G1 X43.934 Y211.349
G1 X42.474 Y211.810
G1 X42.005 Y213.262
G1 X40.530 Y213.708
G1 X40.099 Y215.198
G1 X38.641 Y215.662
G1 X38.145 Y217.087
G1 X36.720 Y217.583
M5
G0 X31.298 Y217.925
M3 S90
G1 X30.907 Y219.455
M5
G0 X31.673 Y220.221
M3 S90
G1 X31.237 Y221.706
G1 X29.752 Y222.142
G1 X29.123 Y223.434
M5
G0 X30.846 Y223.236
M3 S90
G1 X32.314 Y222.783
M5
G0 X34.322 Y224.791
M3 S90
G1 X34.167 Y226.557
G1 X32.468 Y226.780
G1 X32.058 Y228.290
G1 X30.520 Y228.673
M5
G0 X29.075 Y231.071
M3 S90
G1 X27.826 Y231.743
G1 X27.235 Y233.073
M5
G0 X24.959 Y232.718
M3 S90
G1 X25.442 Y231.280
G1 X26.845 Y230.762
G1 X27.487 Y229.482
G1 X28.889 Y228.964
G1 X29.350 Y227.503
G1 X30.792 Y227.025
G1 X31.163 Y225.474
M5
G0 X29.392 Y225.624
M3 S90
G1 X28.175 Y226.329
G1 X27.453 Y227.528
G1 X26.224 Y228.220
M5
G0 X25.285 Y227.281
M3 S90
G1 X23.976 Y227.893
G1 X23.387 Y229.225
G1 X22.090 Y229.849
M5
G0 X20.346 Y230.026
M3 S90
G1 X18.841 Y230.442
G1 X18.196 Y231.719
G1 X16.970 Y232.414
G1 X16.396 Y233.761
G1 X14.943 Y234.229
G1 X14.379 Y235.587
G1 X12.974 Y236.103
G1 X12.493 Y237.543
G1 X11.211 Y238.182
G1 X10.605 Y239.497
G1 X9.217 Y240.031
G1 X8.781 Y241.516
G1 X7.279 Y241.934
G1 X6.845 Y243.422
M5
G0 X4.520 Y244.939
M3 S90
G1 X4.034 Y246.374
G1 X2.303 Y246.564
G1 X2.113 Y248.295
G1 X0.381 Y248.485
M5
G0 X0.105 Y246.287
M3 S90
G1 X1.685 Y245.946
G1 X2.023 Y244.363
G1 X3.772 Y244.191
G1 X4.165 Y242.663
G1 X5.590 Y242.167
G1 X5.991 Y240.647
G1 X7.444 Y240.178
G1 X7.882 Y238.695
G1 X9.317 Y238.209
G1 X9.846 Y236.817
G1 X11.216 Y236.265
G1 X11.682 Y234.810
G1 X13.197 Y234.404
G1 X13.595 Y232.882
G1 X15.229 Y232.594
G1 X15.451 Y230.895
G1 X17.037 Y230.560
G1 X17.533 Y229.135
G1 X19.063 Y228.744
M5
G0 X20.585 Y232.187
M3 S90
G1 X19.128 Y232.650
G1 X18.644 Y234.088
G1 X17.214 Y234.579
G1 X16.750 Y236.037
G1 X15.230 Y236.438
G1 X14.769 Y237.898
G1 X13.324 Y238.374
G1 X12.768 Y239.738
G1 X11.463 Y240.355
G1 X10.922 Y241.735
G1 X9.524 Y242.259
G1 X8.975 Y243.631
G1 X7.578 Y244.155
G1 X7.072 Y245.570
G1 X5.707 Y246.126
G1 X5.229 Y247.569
G1 X3.696 Y247.957
G1 X3.425 Y249.608
G1 X1.651 Y249.755
G1 X1.494 Y251.519
G1 X-0.320 Y251.626
M5
G0 X-0.197 Y244.064
M3 S90
G1 X1.501 Y243.841
G1 X1.666 Y242.085
G1 X3.432 Y241.930
G1 X3.567 Y240.144
G1 X5.293 Y239.949
G1 X5.594 Y238.328
G1 X7.167 Y237.980
G1 X7.522 Y236.414
G1 X9.028 Y235.999
G1 X9.416 Y234.466
G1 X10.969 Y234.097
G1 X11.407 Y232.615
G1 X12.860 Y232.146
G1 X13.336 Y230.701
G1 X14.738 Y230.182
G1 X15.275 Y228.798
G1 X16.695 Y228.296
G1 X17.239 Y226.919
G1 X18.536 Y226.295
G1 X18.984 Y224.822
M5
G0 X17.213 Y224.972
M3 S90
G1 X16.039 Y225.719
M5
G0 X14.980 Y224.660
M3 S90
G1 X15.699 Y223.459
G1 X17.061 Y222.900
G1 X17.500 Y221.417
G1 X18.975 Y220.971
G1 X19.411 Y219.486
G1 X20.936 Y219.090
G1 X21.300 Y217.532
G1 X22.875 Y217.186
G1 X23.218 Y215.608
G1 X24.776 Y215.245
G1 X25.114 Y213.662
G1 X26.735 Y213.362
G1 X27.101 Y211.806
G1 X28.624 Y211.408
G1 X28.856 Y209.719
G1 X30.422 Y209.364
M5
G0 X27.067 Y207.930
M3 S90
G1 X25.421 Y208.205
G1 X24.990 Y209.695
M5
G0 X24.757 Y211.384
M3 S90
G1 X24.472 Y213.019
G1 X22.796 Y213.265
G1 X22.581 Y214.971
G1 X21.018 Y215.329
M5
G0 X19.717 Y217.870
M3 S90
G1 X18.056 Y218.130
G1 X17.705 Y219.701
G1 X16.227 Y220.144
G1 X15.827 Y221.665
G1 X14.422 Y222.181
G1 X13.740 Y223.420
G1 X12.455 Y224.057
G1 X11.821 Y225.344
G1 X10.552 Y225.996
M5
G0 X9.329 Y224.773
M3 S90
G1 X10.491 Y224.013
G1 X11.198 Y222.799
G1 X12.467 Y222.148
M5
G0 X9.955 Y219.635
M3 S90
G1 X10.493 Y218.253
G1 X11.913 Y217.752
G1 X12.309 Y216.226
G1 X13.892 Y215.888
G1 X14.240 Y214.315
M5
G0 X13.429 Y211.582
M3 S90
G1 X11.783 Y211.858
M5
G0 X13.405 Y207.716
M3 S90
G1 X12.813 Y209.046
G1 X11.260 Y209.414
G1 X10.819 Y210.894
G1 X9.487 Y211.483
G1 X9.204 Y213.121
G1 X7.619 Y213.457
G1 X7.112 Y214.872
G1 X5.514 Y215.195
G1 X5.344 Y216.946
G1 X3.621 Y217.144
G1 X3.411 Y218.855
G1 X1.609 Y218.974
G1 X1.474 Y220.761
G1 X-0.232 Y220.976
M5
G0 X0.133 Y223.262
M3 S90
G1 X1.799 Y223.006
G1 X2.022 Y221.308
G1 X3.683 Y221.048
G1 X3.875 Y219.319
G1 X5.661 Y219.184
G1 X5.856 Y217.458
M5
G0 X6.173 Y219.696
M3 S90
G1 X6.001 Y221.445
G1 X4.235 Y221.600
G1 X3.987 Y223.273
G1 X2.316 Y223.524
G1 X2.048 Y225.177
G1 X0.448 Y225.497
M5
G0 X-0.213 Y228.679
M3 S90
G1 X1.460 Y228.431
G1 X1.690 Y226.740
G1 X3.338 Y226.467
G1 X3.677 Y224.884
G1 X5.390 Y224.676
G1 X5.758 Y223.123
G1 X7.093 Y222.537
G1 X7.589 Y221.112
M5
G0 X12.671 Y218.510
M3 S90
G1 X14.162 Y218.079
G1 X14.535 Y216.531
G1 X16.128 Y216.203
G1 X16.386 Y214.539
G1 X18.089 Y214.322
G1 X18.410 Y212.721
G1 X20.103 Y212.493
G1 X20.288 Y210.757
G1 X21.753 Y210.301
M5
G0 X22.542 Y211.089
M3 S90
G1 X22.254 Y212.722
G1 X20.590 Y212.980
G1 X20.177 Y214.488
G1 X18.782 Y215.014
G1 X18.178 Y216.331
G1 X16.788 Y216.863
G1 X16.478 Y218.473
G1 X15.085 Y219.002
M5
G0 X16.897 Y213.129
M3 S90
G1 X17.331 Y211.642
G1 X18.698 Y211.088
G1 X19.224 Y209.693
G1 X20.559 Y209.106
M5
G0 X18.185 Y208.654
M3 S90
G1 X18.892 Y207.440
G1 X20.206 Y206.833
G1 X20.796 Y205.501
G1 X22.291 Y205.075
G1 X22.687 Y203.550
G1 X24.106 Y203.048
M5
G0 X25.963 Y202.984
M3 S90
G1 X25.231 Y204.173
G1 X23.947 Y204.810
G1 X23.483 Y206.267
G1 X22.005 Y206.711
M5
G0 X18.608 Y205.234
M3 S90
G1 X19.995 Y204.700
G1 X20.378 Y203.162
G1 X21.848 Y202.711
G1 X22.279 Y201.221
G1 X23.654 Y200.675
G1 X24.100 Y199.200
M5
G0 X21.733 Y196.833
M3 S90
G1 X23.000 Y196.178
G1 X23.654 Y194.911
G1 X24.961 Y194.297
G1 X25.533 Y192.948
G1 X27.035 Y192.529
M5
G0 X25.953 Y195.289
M3 S90
G1 X25.369 Y196.626
G1 X23.848 Y197.027
G1 X23.595 Y198.695
G1 X21.892 Y198.913
G1 X21.662 Y200.604
G1 X19.966 Y200.829
M5
G0 X20.417 Y199.359
M3 S90
G1 X18.824 Y199.687
M5
G0 X18.038 Y198.901
M3 S90
G1 X18.605 Y197.546
G1 X19.909 Y196.930
G1 X20.481 Y195.580
G1 X21.998 Y195.177
G1 X22.419 Y193.676
M5
G0 X20.196 Y193.375
M3 S90
G1 X21.395 Y192.652
G1 X22.082 Y191.418
M5
G0 X20.379 Y191.636
M3 S90
G1 X20.800 Y190.136
M5
G0 X18.508 Y195.529
M3 S90
G1 X17.257 Y196.199
G1 X16.851 Y197.714
M5
G0 X15.602 Y200.308
M3 S90
G1 X15.071 Y201.697
M5
G0 X16.035 Y202.661
M3 S90
G1 X17.256 Y201.962
M5
G0 X18.527 Y203.232
M3 S90
G1 X17.257 Y203.884
M5
G0 X13.452 Y200.079
M3 S90
G1 X12.998 Y201.546
G1 X11.340 Y201.809
G1 X11.065 Y203.455
G1 X9.386 Y203.697
G1 X9.016 Y205.248
G1 X7.691 Y205.845
G1 X7.288 Y207.362
G1 X5.476 Y207.472
G1 X5.367 Y209.283
G1 X3.585 Y209.423
G1 X3.415 Y211.175
G1 X1.702 Y211.382
G1 X1.461 Y213.063
G1 X-0.182 Y213.341
M5
G0 X0.002 Y215.446
M3 S90
G1 X1.879 Y215.402
G1 X1.956 Y213.558
G1 X3.780 Y213.460
G1 X4.018 Y211.777
G1 X5.633 Y211.471
G1 X5.941 Y209.858
G1 X7.467 Y209.462
G1 X8.051 Y208.125
G1 X9.215 Y207.368
G1 X9.759 Y205.991
G1 X11.299 Y205.610
G1 X11.800 Y204.190
M5
G0 X12.170 Y206.481
M3 S90
G1 X11.483 Y207.715
G1 X10.156 Y208.309
G1 X9.913 Y209.988
G1 X8.117 Y210.113
G1 X7.836 Y211.753
G1 X6.140 Y211.978
G1 X5.991 Y213.750
G1 X4.249 Y213.930
G1 X4.047 Y215.648
G1 X2.351 Y215.874
G1 X2.095 Y217.539
G1 X0.417 Y217.782
M5
G0 X5.662 Y226.869
M3 S90
G1 X3.979 Y227.107
G1 X3.655 Y228.705
G1 X2.057 Y229.028
G1 X1.734 Y230.626
G1 X0.099 Y230.912
M5
G0 X0.411 Y233.145
M3 S90
G1 X2.114 Y232.927
G1 X2.332 Y231.224
G1 X4.073 Y231.044
G1 X4.218 Y229.267
G1 X5.843 Y228.972
G1 X6.417 Y227.625
G1 X7.606 Y226.893
M5
G0 X11.479 Y230.766
M3 S90
G1 X10.248 Y231.455
G1 X9.636 Y232.765
G1 X8.264 Y233.314
G1 X7.758 Y234.728
G1 X6.192 Y235.084
G1 X5.824 Y236.637
G1 X4.278 Y237.013
G1 X4.071 Y238.726
G1 X2.327 Y238.904
G1 X2.120 Y240.617
G1 X0.416 Y240.835
M5
G0 X0.104 Y238.602
M3 S90
G1 X1.745 Y238.322
G1 X1.993 Y236.648
G1 X3.744 Y236.478
G1 X3.894 Y234.707
G1 X5.424 Y234.316
M5
G0 X5.320 Y232.291
M3 S90
G1 X3.589 Y232.481
G1 X3.422 Y234.235
G1 X1.686 Y234.420
G1 X1.473 Y236.129
G1 X-0.226 Y236.351
M5
G0 X7.424 Y247.843
M3 S90
G1 X7.910 Y246.408
G1 X9.345 Y245.922
G1 X9.856 Y244.512
G1 X11.254 Y243.988
G1 X11.765 Y242.578
G1 X13.105 Y241.997
G1 X13.706 Y240.677
G1 X15.084 Y240.133
G1 X15.545 Y238.673
G1 X17.070 Y238.277
G1 X17.461 Y236.747
G1 X18.851 Y236.216
G1 X19.384 Y234.828
G1 X20.877 Y234.400
G1 X21.431 Y233.033
G1 X22.921 Y232.602
G1 X23.340 Y231.099
G1 X24.569 Y230.407
M5
G0 X24.884 Y234.565
M3 S90
G1 X24.385 Y235.987
G1 X23.088 Y236.611
G1 X22.492 Y237.936
G1 X20.896 Y238.261
G1 X20.824 Y240.110
G1 X19.023 Y240.230
G1 X18.727 Y241.856
G1 X17.230 Y242.279
G1 X16.756 Y243.727
G1 X15.376 Y244.268
G1 X14.760 Y245.573
G1 X13.397 Y246.132
G1 X12.763 Y247.419
G1 X11.403 Y247.980
G1 X10.942 Y249.440
M5
G0 X10.643 Y247.220
M3 S90
G1 X9.168 Y247.666
G1 X8.722 Y249.141
M5
G0 X14.134 Y248.789
M3 S90
G1 X14.399 Y247.133
G1 X16.333 Y247.147
G1 X16.260 Y245.152
G1 X17.926 Y244.897
G1 X18.452 Y243.502
G1 X19.927 Y243.056
G1 X20.484 Y241.691
G1 X21.705 Y240.991
G1 X22.262 Y239.627
G1 X23.747 Y239.191
G1 X24.291 Y237.814
M5
G0 X22.721 Y234.323
M3 S90
G1 X22.097 Y235.620
G1 X20.677 Y236.121
G1 X20.108 Y237.473
G1 X18.673 Y237.959
G1 X18.360 Y239.568
G1 X16.707 Y239.835
G1 X16.386 Y241.436
G1 X14.961 Y241.932
G1 X14.523 Y243.415
G1 X13.153 Y243.966
M5
G0 X14.414 Y252.912
M3 S90
G1 X15.620 Y252.197
G1 X16.305 Y250.960
G1 X17.797 Y250.532
G1 X18.233 Y249.047
G1 X19.452 Y248.345
G1 X19.914 Y246.884
G1 X21.449 Y246.499
G1 X22.076 Y245.204
G1 X23.355 Y244.562
G1 X23.914 Y243.200
G1 X25.384 Y242.749
G1 X25.740 Y241.184
G1 X27.345 Y240.868
G1 X27.709 Y239.310
G1 X29.181 Y238.862
G1 X29.607 Y237.367
G1 X31.180 Y237.018
M5
G0 X33.534 Y237.451
M3 S90
G1 X32.019 Y237.857
G1 X31.440 Y239.199
G1 X29.708 Y239.389
G1 X29.501 Y241.102
G1 X27.900 Y241.423
G1 X27.637 Y243.081
G1 X26.170 Y243.535
G1 X25.676 Y244.962
G1 X24.244 Y245.451
G1 X23.629 Y246.758
G1 X22.300 Y247.350
G1 X21.839 Y248.810
G1 X20.426 Y249.318
G1 X19.885 Y250.698
G1 X18.570 Y251.305
G1 X17.868 Y252.524
G1 X16.629 Y253.206
M5
G0 X19.692 Y252.427
M3 S90
G1 X21.097 Y251.911
G1 X21.649 Y250.541
G1 X23.101 Y250.072
G1 X23.432 Y248.482
G1 X25.012 Y248.141
G1 X25.456 Y246.663
G1 X26.984 Y246.270
G1 X27.455 Y244.820
G1 X28.872 Y244.316
G1 X29.404 Y242.926
G1 X30.773 Y242.375
G1 X31.305 Y240.985
G1 X32.787 Y240.547
G1 X33.213 Y239.051
G1 X34.786 Y238.703
M5
G0 X39.132 Y239.207
M3 S90
G1 X37.677 Y239.673
G1 X37.106 Y241.023
G1 X35.824 Y241.662
G1 X35.149 Y242.909
G1 X33.908 Y243.588
G1 X33.344 Y244.945
G1 X31.961 Y245.484
G1 X31.470 Y246.914
G1 X30.040 Y247.405
G1 X29.383 Y248.670
G1 X28.134 Y249.342
G1 X27.625 Y250.754
G1 X26.143 Y251.192
G1 X25.569 Y252.540
G1 X24.129 Y253.021
M5
G0 X22.041 Y252.854
M3 S90
G1 X23.597 Y252.489
G1 X23.754 Y250.725
G1 X25.535 Y250.585
G1 X25.826 Y248.954
G1 X27.356 Y248.563
G1 X27.782 Y247.068
G1 X29.285 Y246.650
G1 X29.623 Y245.067
G1 X31.148 Y244.671
G1 X31.584 Y243.186
G1 X33.067 Y242.747
G1 X33.445 Y241.204
G1 X34.822 Y240.660
G1 X35.554 Y239.471
G1 X36.771 Y238.767
G1 X37.360 Y237.435
G1 X38.800 Y236.954
G1 X39.246 Y235.479
G1 X40.822 Y235.133
G1 X41.285 Y233.675
G1 X42.637 Y233.106
G1 X43.237 Y231.784
G1 X44.536 Y231.163
G1 X45.077 Y229.783
G1 X46.487 Y229.272
G1 X46.953 Y227.816
G1 X48.434 Y227.375
G1 X48.832 Y225.853
G1 X50.397 Y225.497
G1 X50.735 Y223.914
G1 X52.276 Y223.533
G1 X52.697 Y222.033
G1 X54.154 Y221.569
G1 X54.573 Y220.067
G1 X56.163 Y219.736
G1 X56.499 Y218.150
G1 X57.959 Y217.689
G1 X58.425 Y216.234
G1 X59.812 Y215.700
M5
G0 X63.941 Y212.144
M3 S90
G1 X64.068 Y210.350
M5
G0 X64.303 Y208.664
M3 S90
G1 X64.963 Y207.403
M5
G0 X65.025 Y205.543
M3 S90
G1 X63.555 Y205.994
G1 X63.023 Y207.384
G1 X61.812 Y208.094
M5
G0 X59.087 Y209.212
M3 S90
G1 X59.518 Y207.722
G1 X60.946 Y207.228
G1 X61.259 Y205.620
G1 X62.917 Y205.357
G1 X63.366 Y203.884
G1 X64.675 Y203.273
M5
G0 X63.040 Y199.717
M3 S90
G1 X61.568 Y200.165
G1 X61.119 Y201.638
M5
G0 X59.044 Y201.484
M3 S90
G1 X59.392 Y199.911
G1 X61.015 Y199.613
G1 X61.268 Y197.945
G1 X62.967 Y197.722
M5
G0 X58.758 Y195.435
M3 S90
G1 X60.417 Y195.172
G1 X60.584 Y193.418
G1 X62.370 Y193.283
G1 X62.623 Y191.615
G1 X64.103 Y191.174
G1 X64.615 Y189.764
G1 X66.168 Y189.396
M5
G0 X64.167 Y187.395
M3 S90
G1 X63.724 Y188.873
G1 X62.253 Y189.324
M5
G0 X60.439 Y189.431
M3 S90
G1 X61.172 Y188.242
G1 X62.398 Y187.548
G1 X63.058 Y186.286
G1 X64.344 Y185.652
G1 X64.926 Y184.312
G1 X66.311 Y183.776
M5
G0 X67.079 Y184.544
M3 S90
G1 X66.683 Y186.069
M5
G0 X63.202 Y184.509
M3 S90
G1 X61.511 Y184.740
G1 X61.236 Y186.385
G1 X59.891 Y186.962
G1 X59.496 Y188.487
G1 X57.995 Y188.908
M5
G0 X59.959 Y192.793
M3 S90
G1 X58.441 Y193.196
G1 X58.183 Y194.860
M5
G0 X51.223 Y187.899
M3 S90
G1 X52.437 Y187.192
G1 X53.184 Y186.018
M5
G0 X51.859 Y184.693
M3 S90
G1 X53.093 Y184.006
M5
G0 X51.896 Y182.809
M3 S90
G1 X52.525 Y181.517
G1 X53.732 Y180.802
M5
G0 X51.275 Y180.267
M3 S90
G1 X52.560 Y179.630
G1 X53.144 Y178.293
M5
G0 X48.923 Y177.915
M3 S90
G1 X47.561 Y178.474
G1 X47.223 Y180.057
M5
G0 X48.067 Y180.901
M3 S90
G1 X47.352 Y182.107
M5
G0 X49.671 Y184.426
M3 S90
G1 X49.029 Y185.706
M5
G0 X47.667 Y192.028
M3 S90
G1 X46.177 Y192.459
M5
G0 X43.649 Y189.931
M3 S90
G1 X43.268 Y191.472
G1 X41.688 Y191.812
G1 X41.392 Y193.438
G1 X39.892 Y193.859
G1 X39.459 Y195.347
G1 X37.989 Y195.798
M5
G0 X36.230 Y195.960
M3 S90
G1 X36.596 Y194.405
M5
G0 X34.433 Y194.163
M3 S90
G1 X36.041 Y193.850
G1 X36.517 Y192.405
G1 X37.714 Y191.680
G1 X38.268 Y190.313
G1 X39.815 Y189.940
G1 X40.226 Y188.430
M5
G0 X41.068 Y191.192
M3 S90
G1 X39.650 Y191.696
G1 X39.142 Y193.109
M5
G0 X32.357 Y192.087
M3 S90
G1 X31.052 Y192.704
M5
G0 X22.345 Y183.997
M3 S90
G1 X21.116 Y184.689
G1 X20.499 Y185.993
G1 X19.260 Y186.675
G1 X18.583 Y187.919
G1 X17.324 Y188.581
G1 X16.755 Y189.933
G1 X15.420 Y190.520
G1 X14.711 Y191.731
G1 X13.431 Y192.373
G1 X13.023 Y193.886
G1 X11.417 Y194.202
G1 X10.843 Y195.549
G1 X9.426 Y196.052
G1 X8.935 Y197.482
G1 X7.419 Y197.888
G1 X7.282 Y199.672
G1 X5.571 Y199.882
G1 X5.326 Y201.558
G1 X3.630 Y201.783
G1 X3.382 Y203.457
G1 X1.709 Y203.704
G1 X1.463 Y205.380
G1 X-0.228 Y205.611
M5
G0 X21.717 Y219.870
M3 S90
G1 X21.329 Y221.403
M5
G0 X14.341 Y227.864
M3 S90
G1 X13.147 Y228.591
M5
G0 X27.538 Y252.588
M3 S90
G1 X28.903 Y252.032
G1 X29.392 Y250.599
G1 X30.746 Y250.033
G1 X31.323 Y248.688
G1 X32.610 Y248.054
G1 X33.234 Y246.757
G1 X34.548 Y246.150
G1 X35.153 Y244.833
G1 X36.512 Y244.272
G1 X37.074 Y242.912
G1 X38.469 Y242.386
G1 X38.922 Y240.918
G1 X40.410 Y240.484
G1 X40.959 Y239.112
G1 X42.248 Y238.480
G1 X42.895 Y237.206
G1 X44.127 Y236.517
G1 X44.824 Y235.293
G1 X46.151 Y234.698
G1 X46.594 Y233.221
G1 X48.162 Y232.868
G1 X48.493 Y231.277
G1 X50.096 Y230.959
G1 X50.334 Y229.276
G1 X51.972 Y228.993
G1 X52.353 Y227.452
G1 X54.019 Y227.197
G1 X54.284 Y225.541
G1 X55.731 Y225.068
G1 X56.228 Y223.643
G1 X57.668 Y223.161
G1 X58.189 Y221.762
G1 X59.805 Y221.456
G1 X60.098 Y219.828
G1 X61.447 Y219.256
G1 X61.853 Y217.741
G1 X63.559 Y217.526
G1 X63.842 Y215.888
G1 X65.490 Y215.615
G1 X65.650 Y213.854
M5
G0 X67.215 Y211.576
M3 S90
G1 X65.293 Y211.575
G1 X65.251 Y213.454
G1 X63.502 Y213.627
G1 X63.014 Y215.059
G1 X61.800 Y215.766
G1 X61.303 Y217.191
G1 X59.788 Y217.597
G1 X59.415 Y219.145
G1 X57.654 Y219.305
G1 X57.363 Y220.936
G1 X55.878 Y221.372
G1 X55.583 Y222.997
G1 X53.974 Y223.310
G1 X53.614 Y224.871
G1 X52.134 Y225.312
G1 X51.705 Y226.805
G1 X50.110 Y227.130
G1 X49.679 Y228.620
G1 X48.171 Y229.034
G1 X47.908 Y230.692
G1 X46.250 Y230.955
G1 X45.869 Y232.495
G1 X44.474 Y233.022
G1 X43.925 Y234.394
G1 X42.548 Y234.938
G1 X41.944 Y236.255
G1 X40.644 Y236.877
M5
G0 X41.554 Y241.629
M3 S90
G1 X42.246 Y240.400
G1 X43.641 Y239.874
G1 X44.200 Y238.511
G1 X45.377 Y237.767
G1 X46.116 Y236.585
G1 X47.386 Y235.933
G1 X47.902 Y234.528
G1 X49.495 Y234.200
G1 X49.735 Y232.519
G1 X51.394 Y232.257
G1 X51.599 Y230.541
G1 X53.282 Y230.303
G1 X53.618 Y228.717
G1 X55.236 Y228.414
G1 X55.491 Y226.748
G1 X57.104 Y226.440
G1 X57.490 Y224.905
G1 X59.011 Y224.504
G1 X59.401 Y222.974
G1 X60.967 Y222.618
G1 X61.177 Y220.907
G1 X62.938 Y220.747
G1 X63.337 Y219.224
G1 X64.714 Y218.681
G1 X65.245 Y217.291
G1 X66.806 Y216.930
G1 X67.018 Y215.221
G1 X68.797 Y215.079
G1 X69.092 Y213.453
G1 X70.578 Y213.017
G1 X71.106 Y211.625
G1 X72.278 Y210.875
G1 X73.023 Y209.699
G1 X74.194 Y208.949
M5
G0 X76.701 Y209.535
M3 S90
G1 X77.142 Y208.055
G1 X78.537 Y207.528
G1 X78.812 Y205.882
G1 X80.337 Y205.487
G1 X80.695 Y203.924
G1 X82.467 Y203.774
G1 X82.850 Y202.236
M5
G0 X85.145 Y200.689
M3 S90
G1 X85.717 Y199.339
G1 X87.214 Y198.916
G1 X87.532 Y197.313
G1 X89.131 Y196.990
G1 X89.529 Y195.467
G1 X91.037 Y195.053
G1 X91.372 Y193.468
G1 X93.068 Y193.243
G1 X93.160 Y191.414
G1 X95.047 Y191.379
G1 X95.087 Y189.497
G1 X97.031 Y189.521
G1 X96.917 Y187.486
G1 X98.970 Y187.617
G1 X98.826 Y185.552
G1 X100.921 Y185.726
G1 X100.750 Y183.634
G1 X102.792 Y183.755
G1 X102.683 Y181.725
G1 X104.733 Y181.854
G1 X104.592 Y179.791
G1 X106.602 Y179.880
G1 X106.892 Y178.249
G1 X108.455 Y177.891
M5
G0 X106.914 Y176.350
M3 S90
G1 X105.477 Y176.833
G1 X105.394 Y178.672
G1 X103.335 Y178.534
G1 X103.388 Y180.508
G1 X101.436 Y180.477
G1 X101.532 Y182.495
G1 X99.492 Y182.376
G1 X99.583 Y184.388
G1 X97.581 Y184.307
G1 X97.665 Y186.312
G1 X95.708 Y186.276
G1 X95.726 Y188.216
G1 X93.827 Y188.237
G1 X93.777 Y190.109
G1 X91.928 Y190.181
G1 X91.683 Y191.857
M5
G0 X88.347 Y194.284
M3 S90
G1 X87.710 Y195.569
G1 X86.483 Y196.263
M5
G0 X84.793 Y198.415
M3 S90
G1 X83.348 Y198.892
G1 X82.970 Y200.434
G1 X81.467 Y200.853
G1 X80.976 Y202.283
G1 X79.714 Y202.942
G1 X79.072 Y204.222
G1 X77.577 Y204.648
G1 X77.186 Y206.178
G1 X75.568 Y206.481
M5
G0 X71.319 Y204.153
M3 S90
G1 X72.069 Y202.982
G1 X73.251 Y202.242
G1 X73.983 Y201.053
G1 X75.187 Y200.336
G1 X75.645 Y198.874
G1 X77.110 Y198.417
G1 X77.737 Y197.123
G1 X79.172 Y196.637
G1 X79.565 Y195.109
G1 X81.133 Y194.756
G1 X81.467 Y193.168
G1 X83.080 Y192.860
G1 X83.290 Y191.149
G1 X85.064 Y191.001
G1 X85.219 Y189.235
G1 X86.892 Y188.987
G1 X87.305 Y187.480
G1 X88.823 Y187.076
G1 X89.106 Y185.438
G1 X90.875 Y185.286
G1 X90.964 Y183.454
G1 X92.776 Y183.344
G1 X92.840 Y181.488
G1 X94.742 Y181.468
G1 X94.749 Y179.554
G1 X96.706 Y179.590
G1 X96.718 Y177.681
G1 X98.620 Y177.661
G1 X98.621 Y175.742
G1 X100.461 Y175.660
G1 X100.515 Y173.793
G1 X102.462 Y173.819
G1 X102.469 Y171.904
G1 X104.235 Y171.750
G1 X104.628 Y170.222
G1 X105.905 Y169.577
G1 X106.364 Y168.115
G1 X107.864 Y167.694
G1 X108.443 Y166.352
G1 X109.743 Y165.730
G1 X110.435 Y164.501
G1 X111.854 Y164.000
G1 X112.371 Y162.595
G1 X113.585 Y161.888
G1 X114.289 Y160.671
G1 X115.682 Y160.142
G1 X116.175 Y158.715
G1 X117.563 Y158.181
G1 X118.159 Y156.856
G1 X119.376 Y156.152
G1 X120.035 Y154.890
G1 X121.365 Y154.299
G1 X121.946 Y152.959
G1 X123.238 Y152.330
G1 X123.908 Y151.078
G1 X125.144 Y150.393
G1 X125.829 Y149.157
G1 X127.081 Y148.487
G1 X127.743 Y147.228
G1 X129.037 Y146.601
G1 X129.629 Y145.272
G1 X130.878 Y144.600
M5
G0 X132.513 Y142.393
M3 S90
G1 X133.840 Y141.798
G1 X134.349 Y140.386
G1 X135.809 Y139.925
G1 X136.247 Y138.442
G1 X137.702 Y137.976
G1 X138.284 Y136.637
G1 X139.628 Y136.060
G1 X139.939 Y134.449
G1 X141.858 Y134.448
G1 X141.747 Y132.415
G1 X143.842 Y132.589
G1 X143.653 Y130.479
G1 X145.781 Y130.686
G1 X145.529 Y128.513
G1 X147.707 Y128.769
G1 X147.478 Y126.619
G1 X149.591 Y126.811
G1 X149.419 Y124.718
G1 X151.560 Y124.937
G1 X151.694 Y123.151
G1 X153.039 Y122.574
G1 X153.658 Y121.272
G1 X154.925 Y120.618
G1 X155.617 Y119.389
G1 X156.834 Y118.684
G1 X157.536 Y117.465
G1 X158.767 Y116.776
G1 X159.429 Y115.516
G1 X160.736 Y114.902
G1 X161.267 Y113.512
G1 X162.695 Y113.019
G1 X163.219 Y111.621
G1 X164.631 Y111.113
G1 X165.062 Y109.622
G1 X166.831 Y109.470
G1 X166.757 Y107.475
G1 X168.617 Y107.413
G1 X168.817 Y105.692
G1 X170.430 Y105.384
G1 X170.979 Y104.012
G1 X172.248 Y103.360
G1 X172.779 Y101.970
G1 X174.252 Y101.522
G1 X174.598 Y99.946
G1 X176.296 Y99.724
G1 X176.654 Y98.161
G1 X178.180 Y97.765
G1 X178.523 Y96.187
G1 X179.988 Y95.731
G1 X180.198 Y94.020
G1 X182.271 Y94.171
G1 X182.541 Y92.520
G1 X183.810 Y91.868
G1 X184.367 Y90.504
G1 X185.711 Y89.927
M5
G0 X187.533 Y89.827
M3 S90
G1 X188.827 Y89.201
M5
G0 X187.341 Y87.715
M3 S90
G1 X188.573 Y87.025
G1 X189.247 Y85.779
G1 X190.474 Y85.084
G1 X191.133 Y83.822
G1 X192.368 Y83.135
G1 X192.901 Y81.748
G1 X194.447 Y81.372
G1 X194.669 Y79.674
G1 X196.619 Y79.702
G1 X196.475 Y77.637
G1 X198.560 Y77.801
G1 X198.710 Y76.030
G1 X200.145 Y75.543
G1 X200.679 Y74.156
G1 X202.059 Y73.615
G1 X202.477 Y72.112
G1 X204.050 Y71.764
G1 X204.436 Y70.229
G1 X205.981 Y69.853
G1 X206.377 Y68.327
G1 X207.923 Y67.952
G1 X208.243 Y66.351
G1 X209.851 Y66.038
M5
G0 X209.595 Y63.860
M3 S90
G1 X207.883 Y64.070
G1 X207.671 Y65.779
G1 X205.962 Y65.991
G1 X205.735 Y67.685
G1 X204.134 Y68.005
G1 X203.701 Y69.493
G1 X202.178 Y69.891
G1 X201.809 Y71.444
G1 X200.337 Y71.893
G1 X199.800 Y73.278
G1 X198.463 Y73.862
M5
G0 X196.061 Y77.223
M3 S90
G1 X194.480 Y77.563
G1 X194.273 Y79.277
G1 X192.449 Y79.374
G1 X192.028 Y80.874
M5
G0 X189.846 Y82.535
M3 S90
G1 X189.294 Y83.904
G1 X187.784 Y84.315
G1 X187.325 Y85.778
G1 X185.986 Y86.359
G1 X185.399 Y87.694
G1 X184.050 Y88.265
G1 X183.443 Y89.580
G1 X182.219 Y90.277
G1 X181.499 Y91.478
G1 X180.182 Y92.083
G1 X179.701 Y93.523
G1 X178.115 Y93.858
M5
G0 X176.892 Y96.477
M3 S90
G1 X175.500 Y97.006
M5
G0 X174.226 Y99.575
M3 S90
G1 X172.580 Y99.850
G1 X172.059 Y101.250
G1 X170.571 Y101.683
G1 X170.148 Y103.181
G1 X168.495 Y103.449
G1 X168.352 Y105.228
G1 X166.576 Y105.373
G1 X166.506 Y107.224
G1 X164.489 Y107.128
G1 X164.379 Y108.940
G1 X162.862 Y109.343
G1 X162.358 Y110.760
G1 X160.981 Y111.304
G1 X160.419 Y112.664
G1 X159.095 Y113.261
G1 X158.465 Y114.552
G1 X157.211 Y115.219
G1 X156.517 Y116.446
G1 X155.297 Y117.148
G1 X154.590 Y118.362
G1 X153.371 Y119.064
G1 X152.722 Y120.336
G1 X151.347 Y120.882
G1 X150.944 Y122.400
G1 X149.075 Y122.452
G1 X149.274 Y124.572
G1 X147.151 Y124.371
G1 X147.395 Y126.536
G1 X145.210 Y126.272
G1 X145.467 Y128.450
G1 X143.301 Y128.206
G1 X143.493 Y130.318
G1 X141.465 Y130.212
G1 X141.536 Y132.204
G1 X139.534 Y132.123
G1 X139.615 Y134.126
G1 X137.801 Y134.233
G1 X137.378 Y135.730
G1 X135.905 Y136.179
G1 X135.565 Y137.760
G1 X133.986 Y138.103
G1 X133.643 Y139.681
G1 X132.098 Y140.056
G1 X131.602 Y141.481
G1 X130.232 Y142.033
G1 X129.640 Y143.362
G1 X128.291 Y143.934
G1 X127.739 Y145.304
G1 X126.442 Y145.928
G1 X125.768 Y147.175
G1 X124.571 Y147.899
G1 X123.864 Y149.113
G1 X122.605 Y149.775
G1 X121.946 Y151.037
G1 X120.717 Y151.729
G1 X120.097 Y153.031
G1 X118.657 Y153.512
G1 X118.126 Y154.902
G1 X116.754 Y155.451
G1 X116.165 Y156.783
G1 X114.976 Y157.515
G1 X114.344 Y158.804
M5
G0 X116.899 Y161.360
M3 S90
G1 X115.605 Y161.986
G1 X114.865 Y163.168
G1 X113.699 Y163.923
G1 X113.142 Y165.287
G1 X111.607 Y165.673
G1 X111.208 Y167.196
G1 X109.854 Y167.762
G1 X109.177 Y169.007
G1 X107.581 Y169.332
G1 X107.210 Y170.883
G1 X105.951 Y171.545
G1 X105.613 Y173.128
G1 X103.729 Y173.164
G1 X103.775 Y175.132
G1 X101.778 Y175.056
G1 X101.816 Y177.015
G1 X99.871 Y176.992
G1 X99.895 Y178.936
G1 X97.888 Y178.850
G1 X97.941 Y180.825
G1 X96.004 Y180.809
G1 X96.012 Y182.738
G1 X94.116 Y182.763
G1 X94.101 Y184.670
G1 X92.209 Y184.699
G1 X92.142 Y186.553
G1 X90.341 Y186.673
G1 X90.058 Y188.311
G1 X88.621 Y188.795
G1 X88.082 Y190.177
G1 X86.597 Y190.613
G1 X86.324 Y192.261
G1 X84.673 Y192.532
G1 X84.317 Y194.097
G1 X82.767 Y194.468
G1 X82.316 Y195.938
G1 X80.888 Y196.432
G1 X80.415 Y197.879
G1 X79.088 Y198.473
M5
G0 X80.686 Y200.072
M3 S90
G1 X81.188 Y198.652
G1 X82.598 Y198.141
G1 X83.229 Y196.852
G1 X84.443 Y196.145
G1 X85.176 Y194.956
G1 X86.450 Y194.309
G1 X86.966 Y192.904
G1 X88.391 Y192.408
G1 X88.930 Y191.025
G1 X90.312 Y190.487
G1 X90.753 Y189.006
G1 X92.437 Y188.769
G1 X92.529 Y186.940
G1 X94.403 Y186.893
G1 X94.427 Y184.996
G1 X96.354 Y185.002
G1 X96.391 Y183.117
G1 X98.326 Y183.131
G1 X98.240 Y181.124
G1 X100.209 Y181.172
G1 X100.118 Y179.160
G1 X102.171 Y179.291
G1 X102.110 Y177.309
G1 X104.049 Y177.327
G1 X103.943 Y175.300
G1 X105.797 Y175.233
G1 X106.248 Y173.763
G1 X107.575 Y173.169
G1 X108.177 Y171.849
G1 X109.524 Y171.275
G1 X110.003 Y169.832
G1 X111.342 Y169.251
M5
G0 X112.657 Y170.566
M3 S90
G1 X111.222 Y171.052
G1 X110.779 Y172.530
M5
G0 X109.842 Y175.435
M3 S90
G1 X111.096 Y174.768
G1 X111.675 Y173.426
G1 X113.075 Y172.905
G1 X113.365 Y171.274
G1 X114.888 Y170.876
G1 X115.585 Y169.652
G1 X116.867 Y169.012
G1 X117.438 Y167.663
G1 X118.748 Y167.051
G1 X119.415 Y165.797
M5
G0 X121.632 Y164.172
M3 S90
G1 X122.322 Y162.940
G1 X123.553 Y162.251
G1 X124.240 Y161.016
G1 X125.472 Y160.327
G1 X126.167 Y159.100
G1 X127.353 Y158.366
G1 X128.075 Y157.166
G1 X129.360 Y156.530
G1 X130.024 Y155.273
M5
G0 X132.250 Y155.577
M3 S90
G1 X131.568 Y156.817
G1 X130.231 Y157.401
G1 X129.621 Y158.713
G1 X128.415 Y159.427
G1 X127.680 Y160.614
G1 X126.466 Y161.321
M5
G0 X127.997 Y162.852
M3 S90
G1 X128.621 Y161.555
G1 X129.951 Y160.963
G1 X130.633 Y159.724
M5
G0 X130.988 Y162.000
M3 S90
G1 X130.253 Y163.186
G1 X129.031 Y163.886
G1 X128.349 Y165.125
G1 X127.045 Y165.742
G1 X126.416 Y167.034
G1 X125.212 Y167.751
G1 X124.575 Y169.035
G1 X123.142 Y169.524
G1 X122.553 Y170.856
G1 X121.354 Y171.578
G1 X120.707 Y172.853
G1 X119.149 Y173.216
G1 X118.698 Y174.686
G1 X117.504 Y175.413
G1 X116.873 Y176.702
G1 X115.485 Y177.236
G1 X115.029 Y178.701
G1 X113.446 Y179.039
G1 X113.264 Y180.778
G1 X111.397 Y180.833
G1 X111.440 Y182.797
G1 X109.393 Y182.671
G1 X109.582 Y184.781
G1 X107.434 Y184.554
G1 X107.663 Y186.705
G1 X105.541 Y186.503
G1 X105.732 Y188.616
G1 X103.612 Y188.417
G1 X103.803 Y190.530
G1 X101.711 Y190.358
G1 X101.887 Y192.456
G1 X99.765 Y192.254
G1 X99.979 Y194.389
G1 X97.828 Y194.160
G1 X98.037 Y196.290
G1 X95.987 Y196.162
G1 X96.069 Y198.164
G1 X94.114 Y198.131
G1 X93.964 Y199.902
G1 X92.552 Y200.411
G1 X91.935 Y201.715
G1 X90.412 Y202.113
M5
G0 X89.314 Y204.858
M3 S90
G1 X87.377 Y204.842
G1 X87.300 Y206.686
G1 X85.795 Y207.102
G1 X85.299 Y208.527
G1 X83.618 Y208.767
G1 X83.578 Y210.649
G1 X81.601 Y210.593
G1 X81.564 Y212.477
G1 X79.740 Y212.574
G1 X79.480 Y214.235
G1 X77.977 Y214.654
G1 X77.589 Y216.187
G1 X75.881 Y216.399
G1 X75.693 Y218.133
G1 X74.082 Y218.443
G1 X73.892 Y220.174
G1 X72.387 Y220.590
G1 X71.672 Y221.797
G1 X70.335 Y222.381
G1 X69.784 Y223.751
G1 X68.352 Y224.239
G1 X68.046 Y225.855
G1 X66.614 Y226.344
G1 X66.145 Y227.796
G1 X64.630 Y228.202
G1 X64.076 Y229.569
G1 X62.493 Y229.908
G1 X62.393 Y231.729
G1 X60.594 Y231.851
G1 X60.374 Y233.552
G1 X58.768 Y233.868
G1 X58.332 Y235.353
G1 X56.747 Y235.689
G1 X56.316 Y237.179
G1 X54.933 Y237.718
G1 X54.490 Y239.195
G1 X53.000 Y239.626
G1 X52.516 Y241.064
G1 X51.209 Y241.678
G1 X50.535 Y242.925
G1 X49.152 Y243.464
G1 X48.711 Y244.944
G1 X47.394 Y245.548
G1 X46.788 Y246.862
G1 X45.245 Y247.241
G1 X44.995 Y248.912
G1 X43.507 Y249.345
G1 X43.023 Y250.783
G1 X41.438 Y251.118
G1 X41.122 Y252.724
G1 X39.519 Y253.042
M5
G0 X37.251 Y252.695
M3 S90
G1 X38.879 Y252.402
G1 X39.114 Y250.716
G1 X40.818 Y250.498
G1 X41.201 Y248.960
G1 X42.623 Y248.462
G1 X42.982 Y246.899
G1 X44.695 Y246.691
G1 X45.176 Y245.251
M5
G0 X47.326 Y243.558
M3 S90
G1 X47.943 Y242.254
G1 X49.270 Y241.660
G1 X49.942 Y240.410
G1 X51.429 Y239.977
G1 X51.667 Y238.293
G1 X53.386 Y238.091
G1 X53.553 Y236.337
G1 X55.239 Y236.102
G1 X55.537 Y234.479
G1 X57.140 Y234.161
G1 X57.518 Y232.618
G1 X59.081 Y232.260
G1 X59.502 Y230.759
G1 X61.078 Y230.414
G1 X61.411 Y228.826
G1 X62.715 Y228.209
G1 X63.259 Y226.832
G1 X64.657 Y226.308
G1 X65.037 Y224.768
G1 X66.894 Y224.703
G1 X67.119 Y223.007
G1 X68.700 Y222.666
G1 X69.023 Y221.068
G1 X70.543 Y220.667
G1 X70.753 Y218.956
G1 X72.582 Y218.864
G1 X72.702 Y217.063
G1 X74.410 Y216.850
G1 X74.781 Y215.300
G1 X76.284 Y214.881
G1 X76.868 Y213.544
G1 X78.047 Y212.802
G1 X78.533 Y211.367
G1 X80.289 Y211.202
G1 X80.364 Y209.356
G1 X82.206 Y209.276
G1 X82.355 Y207.505
G1 X84.097 Y207.325
M5
G0 X83.790 Y205.097
M3 S90
G1 X81.945 Y205.174
M5
G0 X80.767 Y207.838
M3 S90
G1 X79.229 Y208.221
G1 X78.731 Y209.643
G1 X77.361 Y210.195
G1 X77.088 Y211.843
G1 X75.317 Y211.993
G1 X74.863 Y213.461
G1 X73.396 Y213.914
G1 X73.191 Y215.630
G1 X71.479 Y215.840
G1 X71.224 Y217.506
G1 X69.546 Y217.749
G1 X69.137 Y219.262
G1 X67.760 Y219.806
G1 X67.522 Y221.489
G1 X65.593 Y221.481
G1 X65.619 Y223.428
G1 X63.710 Y223.440
G1 X63.625 Y225.276
G1 X61.816 Y225.389
G1 X61.546 Y227.039
G1 X60.181 Y227.596
G1 X59.514 Y228.850
G1 X57.984 Y229.241
G1 X57.779 Y230.957
G1 X56.098 Y231.197
G1 X55.785 Y232.805
G1 X54.199 Y233.141
G1 X53.909 Y234.772
G1 X52.338 Y235.122
G1 X51.917 Y236.623
G1 X50.317 Y236.943
G1 X50.081 Y238.629
G1 X48.629 Y239.098
G1 X47.977 Y240.367
G1 X46.755 Y241.067
G1 X46.051 Y242.283
G1 X44.854 Y243.008
G1 X44.381 Y244.455
G1 X42.657 Y244.653
G1 X42.447 Y246.364
G1 X40.758 Y246.597
G1 X40.350 Y248.109
G1 X38.923 Y248.603
G1 X38.552 Y250.154
G1 X37.140 Y250.662
G1 X36.483 Y251.927
G1 X35.103 Y252.468
M5
G0 X31.939 Y253.147
M3 S90
G1 X33.286 Y252.573
G1 X33.961 Y251.326
G1 X35.396 Y250.840
G1 X35.814 Y249.337
G1 X37.136 Y248.738
G1 X37.650 Y247.331
G1 X39.128 Y246.887
G1 X39.616 Y245.455
G1 X40.994 Y244.911
G1 X41.528 Y243.523
G1 X42.882 Y242.957
G1 X43.481 Y241.635
G1 X44.859 Y241.091
G1 X45.367 Y239.679
G1 X46.730 Y239.120
G1 X47.273 Y237.742
G1 X48.739 Y237.286
G1 X49.227 Y235.854
G1 X50.692 Y235.398
G1 X51.101 Y233.885
G1 X52.568 Y233.431
G1 X52.824 Y231.765
G1 X54.429 Y231.450
G1 X54.770 Y229.869
G1 X56.569 Y229.747
G1 X56.801 Y228.059
G1 X58.327 Y227.663
G1 X58.913 Y226.328
G1 X60.213 Y225.707
G1 X60.621 Y224.194
G1 X62.275 Y223.926
G1 X62.570 Y222.300
G1 X64.171 Y221.980
G1 X64.531 Y220.419
G1 X66.205 Y220.171
G1 X66.467 Y218.513
G1 X68.148 Y218.273
G1 X68.205 Y216.409
G1 X70.037 Y216.319
G1 X70.217 Y214.578
G1 X71.820 Y214.260
M5
G0 X70.762 Y209.359
M3 S90
G1 X72.245 Y208.921
G1 X72.517 Y207.273
G1 X74.065 Y206.899
G1 X74.346 Y205.259
G1 X75.796 Y204.787
G1 X76.350 Y203.420
G1 X78.003 Y203.152
G1 X78.198 Y201.426
M5
G0 X77.658 Y200.887
M3 S90
G1 X76.213 Y201.363
G1 X75.481 Y202.552
G1 X74.307 Y203.299
G1 X73.590 Y204.503
G1 X72.296 Y205.130
G1 X71.654 Y206.409
G1 X70.475 Y207.151
M5
G0 X58.677 Y206.881
M3 S90
G1 X57.132 Y207.256
M5
G0 X72.677 Y192.063
M3 S90
G1 X73.966 Y191.431
G1 X74.571 Y190.114
G1 X75.817 Y189.440
G1 X76.487 Y188.188
G1 X77.874 Y187.654
G1 X78.363 Y186.222
G1 X80.086 Y186.024
G1 X79.988 Y184.004
G1 X81.807 Y183.902
G1 X81.919 Y182.093
G1 X83.796 Y182.049
G1 X83.948 Y180.280
G1 X85.606 Y180.017
G1 X85.892 Y178.381
G1 X87.660 Y178.229
G1 X87.755 Y176.402
G1 X89.599 Y176.325
G1 X89.649 Y174.454
G1 X91.518 Y174.402
G1 X91.567 Y172.530
G1 X93.444 Y172.486
G1 X93.428 Y170.549
G1 X95.405 Y170.605
G1 X95.430 Y168.708
G1 X97.299 Y168.656
G1 X97.338 Y166.774
G1 X99.215 Y166.730
G1 X99.192 Y164.785
G1 X101.191 Y164.864
G1 X101.168 Y162.919
G1 X102.869 Y162.699
G1 X103.262 Y161.171
G1 X104.677 Y160.665
G1 X105.292 Y159.358
G1 X106.691 Y158.837
M5
G0 X108.702 Y160.847
M3 S90
G1 X108.201 Y162.267
G1 X106.753 Y162.741
G1 X106.282 Y164.191
G1 X104.975 Y164.805
G1 X104.421 Y166.172
G1 X102.770 Y166.442
G1 X102.799 Y168.392
G1 X100.764 Y168.278
G1 X100.915 Y170.351
G1 X98.938 Y170.295
G1 X98.891 Y172.169
G1 X96.977 Y172.176
G1 X96.972 Y174.093
G1 X95.040 Y174.082
G1 X95.064 Y176.026
G1 X93.169 Y176.053
G1 X93.112 Y177.917
G1 X91.243 Y177.969
G1 X91.206 Y179.854
G1 X89.367 Y179.936
G1 X89.238 Y181.727
G1 X87.416 Y181.827
G1 X87.198 Y183.530
G1 X85.824 Y184.077
G1 X85.335 Y185.509
G1 X83.825 Y185.920
G1 X83.454 Y187.471
G1 X81.966 Y187.904
G1 X81.324 Y189.183
G1 X79.970 Y189.750
G1 X79.366 Y191.067
G1 X78.069 Y191.691
G1 X77.590 Y193.134
M5
G0 X74.225 Y185.926
M3 S90
G1 X73.026 Y186.649
G1 X72.379 Y187.923
G1 X71.057 Y188.522
M5
G0 X75.516 Y183.375
M3 S90
G1 X77.503 Y183.441
G1 X77.726 Y181.743
G1 X79.121 Y181.216
G1 X79.366 Y179.540
G1 X81.060 Y179.313
G1 X81.378 Y177.710
G1 X83.024 Y177.434
G1 X83.437 Y175.927
G1 X85.080 Y175.649
G1 X85.225 Y173.872
G1 X87.029 Y173.755
G1 X87.078 Y171.883
G1 X88.963 Y171.846
G1 X88.967 Y169.930
G1 X90.911 Y169.953
G1 X90.948 Y168.069
G1 X92.800 Y167.999
G1 X92.812 Y166.090
G1 X94.696 Y166.053
G1 X94.813 Y164.249
G1 X96.635 Y164.149
G1 X96.707 Y162.300
G1 X98.558 Y162.231
G1 X98.841 Y160.592
G1 X100.439 Y160.269
G1 X100.509 Y158.418
G1 X102.145 Y158.132
G1 X102.686 Y156.753
G1 X104.053 Y156.199
G1 X104.668 Y154.892
G1 X105.919 Y154.222
G1 X106.531 Y152.913
G1 X107.991 Y152.452
G1 X108.535 Y151.074
G1 X109.865 Y150.483
G1 X110.459 Y149.156
G1 X111.665 Y148.441
G1 X112.350 Y147.204
G1 X113.637 Y146.570
G1 X114.175 Y145.188
G1 X115.583 Y144.674
G1 X116.122 Y143.292
G1 X117.532 Y142.781
G1 X118.096 Y141.423
G1 X119.430 Y140.837
G1 X120.014 Y139.500
G1 X121.359 Y138.923
G1 X121.865 Y137.508
G1 X123.418 Y137.140
G1 X123.706 Y135.507
G1 X125.377 Y135.257
G1 X125.562 Y133.520
G1 X127.268 Y133.305
G1 X127.568 Y131.685
G1 X129.234 Y131.429
G1 X129.535 Y129.809
G1 X131.042 Y129.395
G1 X131.441 Y127.872
G1 X133.232 Y127.743
G1 X133.254 Y125.843
G1 X134.978 Y125.646
G1 X135.313 Y124.060
G1 X137.120 Y123.945
G1 X137.275 Y122.179
G1 X138.677 Y121.660
G1 X139.193 Y120.256
G1 X140.631 Y119.772
G1 X141.087 Y118.307
G1 X142.539 Y117.838
G1 X143.005 Y116.383
G1 X144.408 Y115.864
G1 X145.032 Y114.567
G1 X146.281 Y113.895
G1 X146.968 Y112.661
G1 X148.197 Y111.969
G1 X148.889 Y110.740
G1 X150.121 Y110.051
G1 X150.803 Y108.811
G1 X152.060 Y108.147
G1 X152.697 Y106.863
G1 X154.016 Y106.261
G1 X154.547 Y104.871
G1 X156.080 Y104.483
G1 X156.331 Y102.812
G1 X157.994 Y102.554
G1 X158.282 Y100.921
G1 X159.888 Y100.605
G1 X160.236 Y99.032
G1 X161.876 Y98.752
G1 X162.174 Y97.129
G1 X164.023 Y97.057
G1 X163.822 Y94.934
G1 X165.899 Y95.090
G1 X165.856 Y93.126
G1 X167.703 Y93.051
G1 X167.855 Y91.282
G1 X169.601 Y91.108
M5
G0 X171.260 Y90.845
M3 S90
G1 X170.794 Y92.300
G1 X169.173 Y92.600
G1 X168.948 Y94.296
G1 X167.174 Y94.444
G1 X167.097 Y96.288
G1 X165.238 Y96.350
G1 X165.294 Y98.327
G1 X163.168 Y98.123
G1 X163.403 Y100.278
G1 X161.483 Y100.280
G1 X161.170 Y101.888
G1 X159.585 Y102.224
G1 X159.279 Y103.839
G1 X157.606 Y104.087
G1 X157.298 Y105.700
G1 X155.850 Y106.174
G1 X155.291 Y107.536
G1 X153.987 Y108.153
G1 X153.337 Y109.425
G1 X152.093 Y110.101
G1 X151.406 Y111.336
G1 X150.170 Y112.020
G1 X149.480 Y113.252
G1 X148.251 Y113.944
G1 X147.559 Y115.173
G1 X146.302 Y115.837
G1 X146.054 Y117.511
G1 X144.218 Y117.595
G1 X143.887 Y119.186
G1 X142.327 Y119.547
G1 X141.918 Y121.059
G1 X140.471 Y121.533
G1 X139.980 Y122.963
G1 X138.497 Y123.402
G1 X138.202 Y125.027
G1 X136.322 Y125.069
G1 X136.223 Y126.891
G1 X134.569 Y127.159
G1 X134.389 Y128.900
G1 X132.678 Y129.110
G1 X132.390 Y130.743
G1 X130.732 Y131.006
G1 X130.469 Y132.664
G1 X128.811 Y132.927
G1 X128.508 Y134.545
G1 X126.882 Y134.841
G1 X126.511 Y136.391
G1 X125.006 Y136.807
G1 X124.640 Y138.362
G1 X123.150 Y138.793
G1 X122.684 Y140.248
G1 X121.259 Y140.745
G1 X120.718 Y142.124
G1 X119.378 Y142.706
G1 X118.797 Y144.046
G1 X117.522 Y144.692
G1 X116.916 Y146.007
G1 X115.528 Y146.541
G1 X114.952 Y147.885
G1 X113.597 Y148.452
G1 X113.046 Y149.822
G1 X111.626 Y150.323
G1 X111.107 Y151.725
G1 X109.697 Y152.237
M5
G0 X118.444 Y159.062
M3 S90
G1 X119.663 Y158.360
G1 X120.277 Y157.053
G1 X121.684 Y156.539
G1 X122.279 Y155.212
G1 X123.535 Y154.548
G1 X124.232 Y153.324
G1 X125.456 Y152.627
G1 X126.156 Y151.405
G1 X127.373 Y150.700
G1 X128.085 Y149.491
G1 X129.274 Y148.759
G1 X130.016 Y147.580
G1 X131.215 Y146.858
G1 X131.867 Y145.589
G1 X133.176 Y144.977
G1 X133.743 Y143.622
G1 X135.115 Y143.073
G1 X135.626 Y141.664
G1 X137.149 Y141.265
G1 X137.495 Y139.690
G1 X139.115 Y139.389
G1 X139.534 Y137.887
G1 X141.117 Y137.548
G1 X141.179 Y135.689
G1 X143.141 Y135.730
G1 X143.062 Y133.730
G1 X145.095 Y133.842
G1 X144.911 Y131.737
G1 X147.061 Y131.966
G1 X146.809 Y129.793
G1 X148.960 Y130.022
G1 X148.773 Y127.914
G1 X150.866 Y128.086
G1 X150.745 Y126.043
G1 X152.782 Y126.160
G1 X153.052 Y124.509
G1 X154.279 Y123.814
G1 X154.973 Y122.588
G1 X156.195 Y121.888
G1 X156.897 Y120.669
G1 X158.114 Y119.964
G1 X158.813 Y118.743
G1 X160.047 Y118.056
G1 X160.704 Y116.791
G1 X162.024 Y116.190
G1 X162.535 Y114.780
G1 X163.968 Y114.291
G1 X164.491 Y112.894
G1 X165.954 Y112.435
G1 X166.204 Y110.764
G1 X168.006 Y110.645
G1 X168.118 Y108.836
G1 X169.834 Y108.631
G1 X170.200 Y107.075
M5
G0 X172.611 Y107.565
M3 S90
G1 X174.101 Y107.134
G1 X174.090 Y105.203
G1 X175.817 Y105.007
M5
G0 X172.896 Y105.930
M3 S90
G1 X173.197 Y104.309
G1 X174.534 Y103.725
G1 X175.171 Y102.440
G1 X176.483 Y101.831
G1 X176.871 Y100.298
G1 X178.477 Y99.983
G1 X178.918 Y98.503
G1 X180.320 Y97.984
G1 X180.503 Y96.245
G1 X182.452 Y96.274
G1 X182.421 Y94.322
G1 X184.381 Y94.360
G1 X184.247 Y92.305
G1 X185.983 Y92.120
M5
G0 X189.157 Y91.451
M3 S90
G1 X187.461 Y91.677
G1 X187.359 Y93.496
G1 X185.728 Y93.786
G1 X185.385 Y95.364
G1 X183.671 Y95.572
G1 X183.860 Y97.682
G1 X182.076 Y97.819
G1 X181.698 Y99.362
G1 X180.190 Y99.775
G1 X179.641 Y101.148
G1 X178.211 Y101.639
M5
G0 X178.820 Y106.090
M3 S90
G1 X178.424 Y107.615
G1 X176.889 Y108.001
G1 X176.659 Y109.692
G1 X175.063 Y110.018
M5
G0 X175.341 Y108.374
M3 S90
G1 X175.519 Y106.631
G1 X177.082 Y106.272
G1 X177.462 Y104.732
G1 X179.116 Y104.464
G1 X179.517 Y102.944
G1 X181.054 Y102.561
G1 X181.149 Y100.734
G1 X182.828 Y100.491
G1 X183.354 Y99.097
M5
G0 X185.882 Y97.783
M3 S90
G1 X186.286 Y96.265
G1 X187.718 Y95.776
G1 X188.054 Y94.191
G1 X189.805 Y94.021
G1 X189.737 Y92.031
G1 X191.392 Y91.766
G1 X192.067 Y90.519
G1 X193.334 Y89.865
M5
G0 X193.412 Y91.865
M3 S90
G1 X193.079 Y93.453
M5
G0 X194.768 Y95.142
M3 S90
G1 X194.415 Y96.710
M5
G0 X195.341 Y97.636
M3 S90
G1 X194.604 Y98.820
G1 X193.332 Y99.469
G1 X192.859 Y100.917
M5
G0 X192.105 Y98.242
M3 S90
G1 X191.498 Y99.556
G1 X189.948 Y99.927
M5
G0 X188.786 Y98.765
M3 S90
G1 X190.459 Y98.517
G1 X190.720 Y96.856
G1 X192.365 Y96.581
G1 X192.528 Y94.822
G1 X194.056 Y94.429
G1 X194.394 Y92.846
G1 X196.378 Y92.909
G1 X196.526 Y91.136
M5
G0 X197.638 Y94.169
M3 S90
G1 X197.863 Y92.473
G1 X199.180 Y91.869
G1 X199.775 Y90.542
M5
G0 X203.614 Y92.461
M3 S90
G1 X204.211 Y91.136
G1 X205.591 Y90.595
G1 X206.230 Y89.313
G1 X207.462 Y88.623
G1 X208.083 Y87.324
M5
G0 X208.334 Y85.653
M3 S90
G1 X208.737 Y84.135
G1 X210.019 Y83.496
M5
G0 X209.348 Y80.904
M3 S90
G1 X208.754 Y82.231
G1 X207.429 Y82.828
G1 X206.787 Y84.107
G1 X205.455 Y84.696
M5
G0 X204.517 Y83.757
M3 S90
G1 X205.221 Y82.541
G1 X206.526 Y81.924
G1 X207.067 Y80.544
G1 X208.572 Y80.128
G1 X208.878 Y78.513
M5
G0 X210.427 Y76.220
M3 S90
G1 X208.510 Y76.224
G1 X208.253 Y77.888
G1 X206.687 Y78.243
G1 X206.251 Y79.728
G1 X204.841 Y80.240
G1 X204.295 Y81.614
G1 X203.033 Y82.274
M5
G0 X201.345 Y84.428
M3 S90
G1 X200.048 Y85.053
M5
G0 X200.055 Y83.138
M3 S90
G1 X200.391 Y81.553
G1 X202.135 Y81.375
G1 X202.593 Y79.913
G1 X203.988 Y79.386
G1 X204.502 Y77.979
G1 X205.967 Y77.523
G1 X206.340 Y75.975
G1 X208.126 Y75.840
G1 X208.296 Y74.089
G1 X209.761 Y73.633
M5
G0 X209.442 Y71.392
M3 S90
G1 X208.022 Y71.893
G1 X207.568 Y73.361
G1 X206.101 Y73.815
G1 X205.878 Y75.513
G1 X204.099 Y75.655
G1 X203.759 Y77.236
G1 X202.246 Y77.644
G1 X201.710 Y79.029
G1 X200.330 Y79.571
G1 X199.987 Y81.149
G1 X198.409 Y81.492
G1 X197.892 Y82.897
G1 X196.264 Y83.189
G1 X196.016 Y84.863
G1 X194.624 Y85.392
M5
G0 X194.586 Y83.432
M3 S90
G1 X195.288 Y82.213
G1 X196.632 Y81.637
G1 X197.016 Y80.099
G1 X198.809 Y79.971
G1 X199.045 Y78.285
G1 X200.560 Y77.880
G1 X200.823 Y76.221
G1 X202.602 Y76.079
G1 X202.536 Y74.092
G1 X204.307 Y73.942
G1 X204.615 Y72.329
G1 X206.228 Y72.021
G1 X206.744 Y70.616
G1 X208.189 Y70.140
G1 X208.668 Y68.697
G1 X210.121 Y68.229
M5
G0 X197.898 Y84.823
M3 S90
G1 X197.206 Y86.053
M5
G0 X192.994 Y87.604
M3 S90
G1 X191.815 Y88.346
M5
G0 X190.305 Y94.520
M3 S90
G1 X189.806 Y95.943
G1 X188.594 Y96.652
G1 X188.239 Y98.218
M5
G0 X190.202 Y102.103
M3 S90
G1 X189.809 Y103.630
G1 X188.389 Y104.132
M5
G0 X188.747 Y102.569
M3 S90
G1 X187.159 Y102.902
M5
G0 X185.672 Y105.257
M3 S90
G1 X184.114 Y105.620
M5
G0 X184.603 Y104.188
M3 S90
G1 X183.007 Y104.513
M5
G0 X181.676 Y107.024
M3 S90
G1 X180.269 Y107.538
G1 X179.674 Y108.865
G1 X178.260 Y109.372
G1 X177.793 Y110.827
G1 X176.148 Y111.102
G1 X175.950 Y112.826
G1 X174.239 Y113.036
G1 X173.883 Y114.601
M5
G0 X173.791 Y116.430
M3 S90
G1 X173.496 Y118.056
G1 X171.815 Y118.296
G1 X171.452 Y119.854
G1 X169.803 Y120.127
G1 X169.586 Y121.831
G1 X168.018 Y122.184
G1 X167.449 Y123.536
G1 X166.139 Y124.148
G1 X165.492 Y125.422
G1 X164.248 Y126.099
G1 X163.556 Y127.328
G1 X162.267 Y127.960
G1 X161.916 Y129.530
G1 X160.152 Y129.688
G1 X159.827 Y131.283
G1 X158.151 Y131.528
G1 X157.803 Y133.102
G1 X156.471 Y133.691
G1 X156.007 Y135.148
G1 X154.544 Y135.607
G1 X154.226 Y137.210
G1 X152.530 Y137.435
G1 X152.330 Y139.156
G1 X150.436 Y139.183
G1 X150.520 Y141.188
G1 X148.427 Y141.016
G1 X148.641 Y143.152
G1 X146.581 Y143.013
G1 X146.534 Y144.887
G1 X144.730 Y145.004
M5
G0 X143.412 Y147.528
M3 S90
G1 X142.090 Y148.127
G1 X141.470 Y149.429
G1 X140.244 Y150.123
G1 X139.519 Y151.320
G1 X138.305 Y152.027
M5
G0 X135.448 Y153.012
M3 S90
G1 X135.984 Y151.627
G1 X137.268 Y150.990
G1 X138.028 Y149.829
G1 X139.212 Y149.092
G1 X139.922 Y147.880
G1 X141.146 Y147.183
G1 X141.838 Y145.954
G1 X143.358 Y145.553
G1 X143.362 Y143.636
G1 X145.330 Y143.682
G1 X145.311 Y141.743
G1 X147.296 Y141.806
G1 X147.197 Y139.786
G1 X149.285 Y139.953
G1 X149.106 Y137.853
G1 X151.136 Y137.961
G1 X151.075 Y135.979
G1 X152.921 Y135.905
G1 X153.239 Y134.302
G1 X154.835 Y133.976
G1 X155.231 Y132.451
G1 X156.558 Y131.857
G1 X157.212 Y130.590
G1 X158.444 Y129.900
M5
G0 X159.672 Y127.286
M3 S90
G1 X161.298 Y126.991
G1 X162.023 Y125.794
G1 X163.234 Y125.085
G1 X163.921 Y123.851
G1 X165.195 Y123.204
G1 X165.810 Y121.897
G1 X167.127 Y121.293
G1 X167.683 Y119.928
G1 X169.299 Y119.622
G1 X169.481 Y117.884
G1 X171.069 Y117.551
G1 X171.468 Y116.028
M5
G0 X170.765 Y115.325
M3 S90
G1 X169.149 Y115.631
G1 X168.984 Y117.387
G1 X167.374 Y117.697
G1 X166.835 Y119.080
G1 X165.470 Y119.636
G1 X164.883 Y120.971
G1 X163.599 Y121.607
G1 X162.920 Y122.849
G1 X161.698 Y123.549
G1 X160.991 Y124.763
G1 X159.784 Y125.477
G1 X159.062 Y126.676
G1 X157.494 Y127.030
G1 X157.254 Y128.711
G1 X155.791 Y129.169
G1 X155.406 Y130.704
G1 X153.838 Y131.058
G1 X153.585 Y132.726
G1 X151.726 Y132.788
G1 X151.782 Y134.765
G1 X149.762 Y134.666
G1 X149.893 Y136.719
G1 X147.783 Y136.530
G1 X147.977 Y138.645
G1 X145.945 Y138.534
G1 X146.003 Y140.514
G1 X144.084 Y140.515
G1 X144.052 Y142.405
G1 X142.301 Y142.575
G1 X141.867 Y144.062
G1 X140.548 Y144.664
G1 X139.858 Y145.896
G1 X138.647 Y146.605
G1 X137.929 Y147.809
G1 X136.730 Y148.531
G1 X135.996 Y149.718
G1 X134.829 Y150.473
G1 X134.077 Y151.641
G1 X132.820 Y152.306
G1 X132.166 Y153.573
M5
G0 X133.758 Y157.086
M3 S90
G1 X134.488 Y155.894
G1 X135.679 Y155.165
M5
G0 X136.666 Y156.151
M3 S90
G1 X138.035 Y155.600
M5
G0 X140.248 Y155.892
M3 S90
G1 X140.898 Y154.620
M5
G0 X141.205 Y156.848
M3 S90
G1 X140.560 Y158.125
G1 X139.261 Y158.747
M5
G0 X137.721 Y161.049
M3 S90
G1 X136.389 Y161.638
G1 X135.670 Y162.840
M5
G0 X136.731 Y163.902
M3 S90
G1 X135.984 Y165.076
G1 X134.795 Y165.808
G1 X134.088 Y167.022
G1 X132.874 Y167.729
G1 X132.159 Y168.935
G1 X130.852 Y169.550
G1 X130.228 Y170.847
G1 X128.874 Y171.413
G1 X128.413 Y172.873
G1 X126.998 Y173.379
G1 X126.742 Y175.045
G1 X124.883 Y175.107
G1 X124.899 Y177.044
G1 X123.301 Y177.367
G1 X122.544 Y178.531
G1 X121.247 Y179.155
G1 X120.796 Y180.626
G1 X119.233 Y180.984
G1 X118.935 Y182.607
G1 X117.276 Y182.870
G1 X117.074 Y184.588
G1 X115.285 Y184.721
G1 X115.218 Y186.575
G1 X113.304 Y186.582
G1 X113.329 Y188.529
G1 X111.397 Y188.518
G1 X111.330 Y190.372
G1 X109.552 Y190.514
G1 X109.372 Y192.255
G1 X107.588 Y192.393
G1 X107.541 Y194.267
G1 X105.639 Y194.286
G1 X105.600 Y196.168
G1 X103.758 Y196.248
G1 X103.648 Y198.059
G1 X101.774 Y198.106
G1 X101.928 Y200.181
G1 X99.758 Y199.932
G1 X99.979 Y202.075
G1 X97.849 Y201.865
G1 X98.028 Y203.966
G1 X95.938 Y203.797
G1 X96.011 Y205.791
G1 X94.323 Y206.024
M5
G0 X96.374 Y209.997
M3 S90
G1 X96.592 Y208.293
G1 X98.659 Y208.439
G1 X98.952 Y206.811
G1 X100.317 Y206.255
G1 X100.658 Y204.674
G1 X102.321 Y204.416
G1 X102.508 Y202.683
G1 X104.272 Y202.525
G1 X104.440 Y200.772
G1 X106.141 Y200.551
G1 X106.353 Y198.843
G1 X108.112 Y198.681
G1 X108.267 Y196.914
G1 X110.008 Y196.734
G1 X110.206 Y195.011
G1 X111.914 Y194.798
G1 X112.252 Y193.215
G1 X113.667 Y192.709
G1 X114.216 Y191.337
G1 X115.699 Y190.898
G1 X115.964 Y189.242
G1 X117.715 Y189.072
G1 X117.820 Y187.256
G1 X119.667 Y187.181
G1 X119.811 Y185.405
G1 X121.520 Y185.192
G1 X121.800 Y183.551
G1 X123.363 Y183.193
G1 X123.782 Y181.691
G1 X125.234 Y181.222
G1 X125.557 Y179.624
M5
G0 X124.571 Y178.637
M3 S90
G1 X123.952 Y179.939
G1 X122.512 Y180.420
G1 X122.083 Y181.913
G1 X120.510 Y182.261
G1 X120.232 Y183.905
G1 X118.526 Y184.120
G1 X118.371 Y185.886
G1 X116.537 Y185.973
G1 X116.501 Y187.857
G1 X114.641 Y187.919
G1 X114.486 Y189.686
G1 X112.871 Y189.991
G1 X112.427 Y191.469
G1 X111.002 Y191.965
G1 X110.529 Y193.413
G1 X108.991 Y193.796
G1 X108.693 Y195.419
G1 X107.017 Y195.664
G1 X106.782 Y197.350
G1 X105.118 Y197.608
G1 X104.861 Y199.271
G1 X103.172 Y199.504
G1 X102.927 Y201.180
G1 X101.251 Y201.425
G1 X100.993 Y203.089
G1 X99.101 Y203.118
G1 X99.019 Y204.957
G1 X97.215 Y205.074
G1 X97.387 Y207.167
G1 X95.427 Y207.128
G1 X94.999 Y208.621
G1 X93.795 Y209.338
G1 X93.105 Y210.570
G1 X91.916 Y211.302
M5
G0 X89.600 Y210.907
M3 S90
G1 X89.041 Y212.269
G1 X87.669 Y212.818
G1 X87.236 Y214.306
G1 X85.522 Y214.514
G1 X85.076 Y215.989
G1 X83.505 Y216.339
M5
G0 X82.255 Y215.089
M3 S90
G1 X84.077 Y214.990
G1 X84.269 Y213.261
G1 X86.106 Y213.177
G1 X86.314 Y211.463
G1 X87.964 Y211.193
G1 X88.147 Y209.454
G1 X89.740 Y209.126
G1 X90.005 Y207.470
G1 X91.749 Y207.293
G1 X92.233 Y205.855
G1 X93.412 Y205.113
G1 X93.918 Y203.698
G1 X95.699 Y203.558
G1 X95.648 Y201.586
G1 X97.718 Y201.735
G1 X97.524 Y199.620
G1 X99.637 Y199.811
G1 X99.430 Y197.684
G1 X101.596 Y197.928
G1 X101.352 Y195.762
G1 X103.509 Y195.999
G1 X103.270 Y193.839
G1 X105.421 Y194.068
G1 X105.184 Y191.910
G1 X107.354 Y192.159
G1 X107.103 Y189.986
G1 X109.263 Y190.226
G1 X109.071 Y188.113
G1 X111.134 Y188.254
G1 X111.048 Y186.247
G1 X112.995 Y186.273
G1 X113.032 Y184.389
G1 X114.838 Y184.274
G1 X115.011 Y182.525
G1 X116.709 Y182.302
G1 X116.989 Y180.662
G1 X118.545 Y180.296
G1 X119.011 Y178.841
G1 X120.403 Y178.312
G1 X120.907 Y176.895
G1 X122.437 Y176.504
G1 X122.665 Y174.810
G1 X124.180 Y174.404
G1 X124.840 Y173.143
G1 X126.134 Y172.516
G1 X126.711 Y171.171
G1 X128.161 Y170.700
G1 X128.592 Y169.210
G1 X130.042 Y168.739
G1 X130.631 Y167.407
G1 X131.850 Y166.705
G1 X132.416 Y165.350
M5
G0 X130.334 Y165.189
M3 S90
G1 X129.617 Y166.393
M5
G0 X126.354 Y168.893
M3 S90
G1 X125.795 Y170.255
G1 X124.387 Y170.769
G1 X123.899 Y172.201
G1 X122.602 Y172.826
G1 X121.970 Y174.115
G1 X120.306 Y174.373
G1 X119.991 Y175.978
G1 X118.666 Y176.575
G1 X118.163 Y177.993
G1 X116.750 Y178.501
G1 X116.327 Y179.999
G1 X114.724 Y180.317
G1 X114.496 Y182.011
G1 X112.730 Y182.165
G1 X112.675 Y184.032
G1 X110.718 Y183.996
G1 X110.839 Y186.039
G1 X108.724 Y185.845
G1 X108.948 Y187.990
G1 X106.791 Y187.753
G1 X107.025 Y189.909
G1 X104.872 Y189.677
G1 X105.094 Y191.820
G1 X102.973 Y191.621
G1 X103.172 Y193.741
G1 X101.030 Y193.519
G1 X101.261 Y195.672
G1 X99.108 Y195.440
G1 X99.335 Y197.588
G1 X97.217 Y197.392
G1 X97.366 Y199.462
G1 X95.326 Y199.343
G1 X95.415 Y201.353
G1 X93.518 Y201.377
G1 X93.110 Y202.890
G1 X91.873 Y203.574
G1 X91.364 Y204.987
G1 X89.751 Y205.295
G1 X89.421 Y206.885
G1 X87.860 Y207.246
M5
G0 X86.421 Y209.649
M3 S90
G1 X85.039 Y210.188
G1 X84.856 Y211.927
G1 X82.876 Y211.868
G1 X82.892 Y213.805
G1 X81.046 Y213.880
G1 X80.878 Y215.633
G1 X79.318 Y215.994
G1 X78.683 Y217.281
G1 X77.269 Y217.787
G1 X76.835 Y219.275
G1 X75.576 Y219.937
G1 X74.969 Y221.251
G1 X73.449 Y221.652
G1 X73.189 Y223.313
G1 X71.380 Y223.425
G1 X71.320 Y225.287
G1 X69.509 Y225.397
G1 X69.178 Y226.987
G1 X67.713 Y227.443
G1 X67.372 Y229.024
G1 X65.762 Y229.334
G1 X65.358 Y230.852
G1 X63.795 Y231.210
G1 X63.666 Y233.002
G1 X61.837 Y233.094
G1 X61.611 Y234.790
G1 X59.885 Y234.985
G1 X59.733 Y236.754
G1 X58.120 Y237.062
G1 X57.767 Y238.630
G1 X56.138 Y238.923
G1 X55.725 Y240.430
G1 X54.413 Y241.039
G1 X53.761 Y242.309
G1 X52.439 Y242.908
G1 X51.933 Y244.323
G1 X50.515 Y244.827
G1 X50.022 Y246.254
G1 X48.654 Y246.808
G1 X48.118 Y248.193
G1 X46.422 Y248.418
G1 X46.014 Y249.931
G1 X44.626 Y250.465
G1 X44.256 Y252.015
G1 X42.783 Y252.463
M5
G0 X44.846 Y252.605
M3 S90
G1 X46.629 Y252.468
G1 X46.957 Y250.874
G1 X48.357 Y250.353
G1 X48.726 Y248.800
G1 X50.324 Y248.477
G1 X50.775 Y247.007
G1 X52.185 Y246.496
G1 X52.744 Y245.134
G1 X54.249 Y244.718
G1 X54.517 Y243.064
G1 X56.253 Y242.879
G1 X56.385 Y241.090
G1 X58.046 Y240.830
G1 X58.492 Y239.355
G1 X59.907 Y238.849
G1 X60.418 Y237.439
G1 X61.969 Y237.068
G1 X62.111 Y235.289
G1 X63.757 Y235.014
G1 X64.160 Y233.496
G1 X65.911 Y233.326
G1 X66.124 Y231.618
G1 X67.745 Y231.317
G1 X68.226 Y229.877
G1 X69.450 Y229.180
G1 X70.006 Y227.815
G1 X71.529 Y227.417
G1 X71.782 Y225.749
G1 X73.383 Y225.428
G1 X73.583 Y223.707
G1 X75.595 Y223.798
G1 X75.481 Y221.763
G1 X77.293 Y221.654
G1 X77.613 Y220.053
G1 X79.309 Y219.828
G1 X79.680 Y218.277
G1 X81.278 Y217.954
M5
G0 X82.510 Y219.187
M3 S90
G1 X80.676 Y219.274
G1 X80.376 Y220.895
G1 X78.903 Y221.343
G1 X78.570 Y222.931
M5
G0 X75.896 Y224.099
M3 S90
G1 X75.822 Y225.946
G1 X74.186 Y226.231
G1 X73.765 Y227.732
G1 X72.282 Y228.170
G1 X71.718 Y229.527
G1 X70.183 Y229.913
G1 X70.056 Y231.707
G1 X68.387 Y231.960
G1 X68.119 Y233.613
G1 X66.448 Y233.863
G1 X66.108 Y235.444
G1 X64.522 Y235.779
G1 X64.202 Y237.380
G1 X62.644 Y237.743
G1 X62.273 Y239.294
G1 X60.805 Y239.747
G1 X60.214 Y241.077
G1 X58.693 Y241.478
G1 X58.421 Y243.126
G1 X56.765 Y243.391
G1 X56.341 Y244.889
G1 X54.964 Y245.433
G1 X54.538 Y246.928
G1 X52.993 Y247.304
G1 X52.579 Y248.812
G1 X51.009 Y249.162
G1 X50.661 Y250.735
G1 X49.070 Y251.066
G1 X48.925 Y252.842
G1 X47.154 Y252.992
M5
G0 X50.468 Y252.464
M3 S90
G1 X51.918 Y251.993
G1 X52.409 Y250.563
G1 X53.747 Y249.979
G1 X54.203 Y248.514
G1 X55.808 Y248.198
G1 X56.367 Y246.836
G1 X57.609 Y246.157
G1 X58.226 Y244.852
G1 X59.583 Y244.288
G1 X60.119 Y242.903
G1 X61.491 Y242.354
G1 X62.038 Y240.980
G1 X63.538 Y240.559
G1 X64.027 Y239.126
G1 X65.391 Y238.570
G1 X65.699 Y236.957
G1 X67.398 Y236.734
G1 X67.703 Y235.118
G1 X69.191 Y234.685
G1 X69.474 Y233.047
G1 X71.248 Y232.899
G1 X71.603 Y231.334
G1 X73.242 Y231.051
G1 X73.407 Y229.295
G1 X75.145 Y229.112
G1 X75.215 Y227.260
G1 X77.109 Y227.234
G1 X77.146 Y225.349
G1 X78.907 Y225.189
G1 X79.253 Y223.614
G1 X80.695 Y223.135
G1 X81.008 Y221.527
G1 X82.830 Y221.427
G1 X82.930 Y219.606
G1 X84.726 Y219.481
G1 X84.886 Y217.720
G1 X86.424 Y217.337
G1 X86.847 Y215.839
G1 X88.571 Y215.641
G1 X88.912 Y214.061
G1 X90.246 Y213.474
M5
G0 X93.280 Y214.587
M3 S90
G1 X92.804 Y216.032
M5
G0 X94.655 Y215.962
M3 S90
G1 X94.235 Y217.463
G1 X92.629 Y217.778
G1 X92.426 Y219.497
G1 X90.600 Y219.591
G1 X90.540 Y221.453
G1 X88.691 Y221.525
G1 X88.581 Y223.337
G1 X86.775 Y223.451
G1 X86.608 Y225.205
G1 X84.881 Y225.400
G1 X84.536 Y226.976
G1 X83.003 Y227.364
G1 X82.670 Y228.952
G1 X81.252 Y229.456
G1 X80.588 Y230.713
G1 X79.206 Y231.251
G1 X78.951 Y232.917
G1 X77.239 Y233.127
G1 X76.974 Y234.783
G1 X75.363 Y235.094
G1 X75.194 Y236.845
G1 X73.490 Y237.063
G1 X73.159 Y238.653
G1 X71.441 Y238.856
G1 X71.253 Y240.589
G1 X69.603 Y240.860
G1 X69.257 Y242.435
G1 X67.661 Y242.761
G1 X67.419 Y244.439
G1 X65.888 Y244.830
G1 X65.430 Y246.293
G1 X63.985 Y246.769
G1 X63.391 Y248.096
G1 X62.086 Y248.713
G1 X61.414 Y249.962
G1 X60.107 Y250.576
G1 X59.744 Y252.134
G1 X58.076 Y252.387
M5
G0 X60.304 Y252.694
M3 S90
G1 X61.791 Y252.260
G1 X62.338 Y250.885
G1 X63.652 Y250.279
G1 X64.322 Y249.027
G1 X65.679 Y248.463
G1 X66.190 Y247.053
G1 X67.698 Y246.640
G1 X68.101 Y245.122
G1 X69.652 Y244.751
G1 X69.942 Y243.121
G1 X71.362 Y242.619
G1 X71.959 Y241.295
G1 X73.288 Y240.703
G1 X73.779 Y239.273
G1 X75.395 Y238.968
G1 X75.623 Y237.274
G1 X77.331 Y237.062
G1 X77.486 Y235.295
G1 X79.280 Y235.168
G1 X79.448 Y233.414
G1 X80.960 Y233.006
G1 X81.507 Y231.631
G1 X83.087 Y231.291
G1 X83.358 Y229.640
G1 X85.011 Y229.372
G1 X85.226 Y227.666
G1 X86.927 Y227.446
G1 X87.052 Y225.649
G1 X88.871 Y225.547
G1 X89.018 Y223.773
G1 X90.784 Y223.618
G1 X91.060 Y221.973
G1 X92.628 Y221.620
G1 X93.034 Y220.104
G1 X94.602 Y219.751
G1 X94.915 Y218.143
G1 X96.468 Y217.775
G1 X96.735 Y216.121
G1 X98.630 Y216.094
G1 X98.749 Y214.293
G1 X100.302 Y213.925
G1 X100.721 Y212.422
G1 X102.171 Y211.951
G1 X102.712 Y210.571
G1 X104.022 Y209.960
G1 X104.674 Y208.690
G1 X105.976 Y208.071
G1 X106.467 Y206.641
G1 X108.075 Y206.328
G1 X108.305 Y204.637
G1 X109.953 Y204.364
G1 X110.299 Y202.789
G1 X111.935 Y202.503
G1 X112.029 Y200.677
G1 X113.605 Y200.331
G1 X114.302 Y199.107
G1 X115.564 Y198.448
G1 X116.050 Y197.013
G1 X117.590 Y196.632
G1 X117.969 Y195.089
G1 X119.378 Y194.578
G1 X120.035 Y193.313
G1 X121.395 Y192.752
G1 X121.791 Y191.227
G1 X123.444 Y190.959
G1 X123.632 Y189.225
G1 X125.290 Y188.962
G1 X125.658 Y187.409
G1 X127.161 Y186.991
G1 X127.625 Y185.533
G1 X129.087 Y185.075
G1 X129.506 Y183.572
M5
G0 X132.268 Y184.414
M3 S90
G1 X130.959 Y185.025
G1 X130.390 Y186.377
G1 X128.897 Y186.806
G1 X128.439 Y188.269
G1 X126.933 Y188.684
G1 X126.560 Y190.232
G1 X124.912 Y190.505
G1 X124.729 Y192.244
G1 X123.061 Y192.497
G1 X122.685 Y194.042
G1 X121.268 Y194.546
G1 X120.724 Y195.923
G1 X119.301 Y196.422
G1 X118.830 Y197.872
G1 X117.503 Y198.466
M5
G0 X115.818 Y200.623
M3 S90
G1 X114.328 Y201.054
G1 X114.118 Y202.765
G1 X112.535 Y203.103
G1 X112.290 Y204.779
G1 X110.423 Y204.834
G1 X110.306 Y206.638
G1 X108.818 Y207.071
G1 X108.354 Y208.529
G1 X106.864 Y208.960
G1 X106.273 Y210.289
G1 X104.900 Y210.838
G1 X104.489 Y212.348
G1 X102.773 Y212.553
G1 X102.621 Y214.322
G1 X100.827 Y214.449
G1 X100.737 Y216.281
G1 X99.079 Y216.544
G1 X98.987 Y218.373
G1 X96.889 Y218.196
G1 X96.767 Y219.995
G1 X95.204 Y220.353
G1 X94.751 Y221.821
G1 X93.494 Y222.485
G1 X92.852 Y223.765
G1 X91.224 Y224.058
G1 X91.019 Y225.774
G1 X89.566 Y226.242
G1 X89.175 Y227.773
G1 X87.484 Y228.003
G1 X87.375 Y229.814
G1 X85.543 Y229.904
G1 X85.318 Y231.600
G1 X83.712 Y231.916
G1 X83.447 Y233.571
G1 X81.638 Y233.684
G1 X81.355 Y235.322
G1 X79.800 Y235.688
G1 X79.570 Y237.379
G1 X77.836 Y237.566
G1 X77.736 Y239.388
G1 X75.945 Y239.517
G1 X75.587 Y241.080
G1 X74.054 Y241.469
G1 X73.776 Y243.112
G1 X72.118 Y243.375
G1 X71.905 Y245.083
G1 X70.362 Y245.462
G1 X69.871 Y246.892
G1 X68.494 Y247.435
G1 X67.947 Y248.810
G1 X66.500 Y249.284
G1 X66.006 Y250.711
G1 X64.664 Y251.290
G1 X64.105 Y252.653
G1 X62.740 Y253.209
M5
G0 X65.781 Y252.407
M3 S90
G1 X67.186 Y251.891
G1 X67.760 Y250.544
G1 X69.077 Y249.940
G1 X69.789 Y248.731
G1 X71.166 Y248.187
G1 X71.537 Y246.636
G1 X73.110 Y246.288
G1 X73.375 Y244.632
G1 X75.028 Y244.364
G1 X75.364 Y242.779
G1 X76.957 Y242.451
G1 X77.350 Y240.923
G1 X78.969 Y240.620
G1 X79.144 Y238.874
G1 X80.872 Y238.681
G1 X81.130 Y237.018
G1 X82.786 Y236.753
G1 X83.252 Y235.298
G1 X84.664 Y234.789
G1 X84.759 Y232.962
G1 X86.696 Y232.978
G1 X86.801 Y231.162
G1 X88.454 Y230.894
G1 X88.852 Y229.371
G1 X90.383 Y228.980
G1 X90.756 Y227.432
G1 X92.356 Y227.112
G1 X92.707 Y225.541
G1 X94.125 Y225.037
G1 X94.508 Y223.500
G1 X96.179 Y223.249
G1 X96.344 Y221.493
G1 X98.343 Y221.572
G1 X98.159 Y219.466
G1 X100.049 Y219.435
G1 X100.194 Y217.658
G1 X102.060 Y217.604
G1 X102.034 Y215.657
G1 X104.032 Y215.733
G1 X104.016 Y213.796
G1 X105.963 Y213.822
G1 X106.070 Y212.008
G1 X107.635 Y211.652
G1 X108.097 Y210.192
G1 X109.572 Y209.746
G1 X110.050 Y208.303
G1 X111.485 Y207.817
G1 X111.881 Y206.292
G1 X113.565 Y206.054
G1 X113.717 Y204.285
G1 X115.345 Y203.992
G1 X115.741 Y202.467
G1 X117.397 Y202.202
G1 X117.780 Y200.664
G1 X119.228 Y200.190
G1 X119.634 Y198.675
G1 X121.079 Y198.199
G1 X121.567 Y196.766
G1 X123.010 Y196.288
G1 X123.433 Y194.790
G1 X125.016 Y194.452
G1 X125.282 Y192.796
G1 X126.995 Y192.589
G1 X127.220 Y190.893
G1 X128.813 Y190.564
G1 X129.212 Y189.042
G1 X130.735 Y188.643
G1 X131.095 Y187.083
M5
G0 X133.461 Y185.606
M3 S90
G1 X134.118 Y184.342
G1 X135.435 Y183.737
G1 X136.066 Y182.448
G1 X137.361 Y181.821
G1 X137.822 Y180.361
G1 X139.244 Y179.862
G1 X139.909 Y178.606
G1 X141.128 Y177.904
G1 X141.845 Y176.700
G1 X143.036 Y175.970
G1 X143.763 Y174.776
M5
G0 X145.049 Y176.061
M3 S90
G1 X144.357 Y177.290
G1 X143.135 Y177.990
G1 X142.410 Y179.186
G1 X141.186 Y179.883
G1 X140.514 Y181.133
G1 X139.210 Y181.749
G1 X138.658 Y183.119
G1 X137.349 Y183.731
G1 X136.669 Y184.972
G1 X135.378 Y185.602
G1 X134.849 Y186.994
G1 X133.499 Y187.565
G1 X132.832 Y188.820
G1 X131.382 Y189.291
G1 X131.062 Y190.891
G1 X129.474 Y191.225
G1 X129.143 Y192.815
G1 X127.487 Y193.080
G1 X127.262 Y194.776
G1 X125.616 Y195.052
G1 X125.316 Y196.673
G1 X123.733 Y197.011
G1 X123.367 Y198.566
G1 X121.859 Y198.979
G1 X121.378 Y200.419
G1 X119.777 Y200.740
G1 X119.640 Y202.524
G1 X118.085 Y202.890
G1 X117.491 Y204.217
G1 X116.048 Y204.695
G1 X115.778 Y206.346
G1 X114.154 Y206.644
G1 X113.631 Y208.041
G1 X112.381 Y208.713
G1 X111.687 Y209.940
G1 X110.367 Y210.542
G1 X109.881 Y211.977
G1 X108.328 Y212.345
G1 X108.211 Y214.149
G1 X106.317 Y214.176
G1 X106.335 Y216.115
G1 X104.252 Y215.954
G1 X104.326 Y217.948
G1 X102.414 Y217.958
G1 X102.483 Y219.947
G1 X100.583 Y219.969
G1 X100.406 Y221.713
G1 X98.486 Y221.715
G1 X98.673 Y223.822
G1 X96.563 Y223.633
G1 X96.651 Y225.643
G1 X94.918 Y225.831
G1 X94.587 Y227.421
G1 X92.846 Y227.601
G1 X92.648 Y229.325
G1 X91.083 Y229.680
G1 X90.770 Y231.289
G1 X89.031 Y231.471
G1 X88.934 Y233.295
G1 X87.088 Y233.370
G1 X86.963 Y235.166
G1 X85.430 Y235.554
G1 X85.074 Y237.120
G1 X83.386 Y237.352
G1 X83.060 Y238.948
G1 X81.434 Y239.244
G1 X81.114 Y240.844
G1 X79.604 Y241.255
G1 X79.281 Y242.853
G1 X77.577 Y243.071
G1 X77.282 Y244.697
G1 X75.694 Y245.030
G1 X75.338 Y246.595
G1 X73.777 Y246.956
G1 X73.459 Y248.559
G1 X71.723 Y248.744
G1 X71.491 Y250.432
G1 X70.101 Y250.964
G1 X69.379 Y252.163
G1 X68.222 Y252.928
M5
G0 X70.385 Y253.169
M3 S90
G1 X71.659 Y252.523
G1 X72.221 Y251.163
G1 X73.591 Y250.611
G1 X74.150 Y249.249
G1 X75.660 Y248.838
G1 X76.066 Y247.323
G1 X77.415 Y246.752
G1 X78.022 Y245.437
G1 X79.434 Y244.928
G1 X79.720 Y243.292
G1 X81.526 Y243.178
G1 X81.832 Y241.562
G1 X83.357 Y241.166
G1 X83.648 Y239.535
G1 X85.346 Y239.313
G1 X85.782 Y237.828
G1 X87.054 Y237.178
G1 X87.452 Y235.655
G1 X89.221 Y235.503
G1 X89.366 Y233.727
G1 X91.192 Y233.632
G1 X91.274 Y231.793
G1 X92.903 Y231.500
G1 X93.246 Y229.922
G1 X94.796 Y229.551
G1 X95.049 Y227.883
G1 X97.051 Y227.964
G1 X96.890 Y225.882
G1 X98.997 Y226.068
G1 X98.866 Y224.016
G1 X100.723 Y223.951
G1 X100.986 Y222.293
G1 X102.579 Y221.965
G1 X102.744 Y220.208
G1 X104.728 Y220.272
G1 X104.612 Y218.235
G1 X106.602 Y218.303
G1 X106.488 Y216.268
G1 X108.485 Y216.344
G1 X108.552 Y214.490
G1 X110.319 Y214.335
G1 X110.664 Y212.760
G1 X112.034 Y212.208
G1 X112.698 Y210.951
G1 X113.902 Y210.234
G1 X114.620 Y209.030
G1 X115.876 Y208.366
G1 X116.468 Y207.036
G1 X117.910 Y206.558
G1 X118.389 Y205.115
G1 X119.741 Y204.546
G1 X120.298 Y203.182
G1 X122.026 Y202.989
G1 X122.021 Y201.062
G1 X123.759 Y200.880
G1 X124.085 Y199.284
G1 X125.605 Y198.883
G1 X125.956 Y197.313
G1 X127.564 Y197.000
G1 X127.837 Y195.351
G1 X129.548 Y195.141
G1 X129.773 Y193.445
G1 X131.431 Y193.182
G1 X131.827 Y191.657
G1 X133.460 Y191.369
G1 X133.510 Y189.497
G1 X135.228 Y189.295
G1 X135.609 Y187.754
G1 X137.049 Y187.273
G1 X137.636 Y185.939
G1 X138.903 Y185.284
G1 X139.612 Y184.073
G1 X140.932 Y183.471
G1 X141.481 Y182.099
G1 X142.778 Y181.475
G1 X143.352 Y180.128
G1 X144.666 Y179.521
G1 X145.283 Y178.216
G1 X146.580 Y177.592
M5
G0 X148.124 Y175.295
M3 S90
G1 X149.434 Y174.683
M5
G0 X151.675 Y175.002
M3 S90
G1 X150.348 Y175.596
G1 X149.794 Y176.964
G1 X148.554 Y177.646
G1 X147.887 Y178.900
G1 X146.568 Y179.502
G1 X145.969 Y180.824
G1 X144.702 Y181.478
G1 X144.048 Y182.745
G1 X142.766 Y183.384
G1 X142.187 Y184.726
G1 X140.875 Y185.335
G1 X140.223 Y186.605
G1 X138.818 Y187.121
G1 X138.575 Y188.799
G1 X136.626 Y188.771
G1 X136.795 Y190.861
G1 X134.634 Y190.622
G1 X134.879 Y192.787
G1 X132.763 Y192.593
G1 X132.950 Y194.701
G1 X130.777 Y194.449
G1 X130.833 Y196.426
G1 X129.079 Y196.594
G1 X128.839 Y198.275
G1 X127.256 Y198.613
G1 X126.873 Y200.151
G1 X125.390 Y200.589
G1 X124.962 Y202.082
G1 X123.278 Y202.320
G1 X123.204 Y204.166
G1 X121.372 Y204.256
G1 X121.167 Y205.972
G1 X119.611 Y206.338
G1 X119.138 Y207.785
G1 X117.728 Y208.296
G1 X117.146 Y209.636
G1 X115.842 Y210.253
G1 X115.225 Y211.557
G1 X113.963 Y212.217
G1 X113.276 Y213.451
G1 X112.032 Y214.128
G1 X111.491 Y215.507
G1 X109.855 Y215.793
G1 X109.773 Y217.632
G1 X107.861 Y217.641
G1 X107.912 Y219.613
G1 X105.912 Y219.535
G1 X105.835 Y221.379
G1 X104.207 Y221.672
G1 X103.841 Y223.227
G1 X102.246 Y223.553
G1 X101.965 Y225.194
G1 X100.269 Y225.419
G1 X100.200 Y227.270
G1 X98.175 Y227.167
G1 X98.336 Y229.249
G1 X96.289 Y229.123
G1 X96.217 Y230.972
G1 X94.616 Y231.293
G1 X94.095 Y232.692
G1 X92.592 Y233.111
G1 X92.415 Y234.855
G1 X90.623 Y234.984
G1 X90.476 Y236.758
G1 X88.742 Y236.946
M5
G0 X86.606 Y240.573
M3 S90
G1 X85.154 Y241.041
G1 X84.514 Y242.323
G1 X83.024 Y242.754
G1 X82.656 Y244.307
G1 X81.166 Y244.738
G1 X80.687 Y246.181
G1 X79.207 Y246.622
G1 X78.849 Y248.185
G1 X77.256 Y248.513
G1 X76.995 Y250.174
G1 X75.410 Y250.509
G1 X75.014 Y252.035
G1 X73.504 Y252.445
M5
G0 X75.671 Y252.692
M3 S90
G1 X77.270 Y252.369
G1 X77.610 Y250.789
G1 X79.256 Y250.513
G1 X79.679 Y249.016
G1 X81.175 Y248.590
G1 X81.596 Y247.089
G1 X83.013 Y246.586
G1 X83.564 Y245.216
G1 X85.105 Y244.835
G1 X85.300 Y243.109
G1 X86.895 Y242.783
G1 X87.126 Y241.092
G1 X88.598 Y240.644
G1 X89.110 Y239.234
G1 X90.753 Y238.956
G1 X91.041 Y237.323
G1 X92.629 Y236.990
G1 X93.178 Y235.618
G1 X94.379 Y234.898
G1 X95.034 Y233.631
G1 X96.541 Y233.218
G1 X96.654 Y231.409
G1 X98.641 Y231.475
G1 X98.482 Y229.395
G1 X100.549 Y229.541
G1 X100.566 Y227.637
G1 X102.292 Y227.442
G1 X102.553 Y225.781
G1 X104.191 Y225.498
G1 X104.509 Y223.895
G1 X106.047 Y223.512
G1 X106.500 Y222.044
G1 X107.981 Y221.603
G1 X108.364 Y220.065
G1 X109.985 Y219.765
G1 X110.245 Y218.104
G1 X111.820 Y217.758
G1 X112.302 Y216.318
G1 X113.593 Y215.689
G1 X114.250 Y214.425
G1 X115.590 Y213.843
G1 X116.166 Y212.498
G1 X117.481 Y211.892
G1 X118.118 Y210.607
G1 X119.412 Y209.981
G1 X119.979 Y208.626
G1 X121.404 Y208.130
G1 X121.802 Y206.607
G1 X123.415 Y206.299
G1 X123.690 Y204.653
G1 X125.299 Y204.340
G1 X125.697 Y202.817
G1 X127.175 Y202.374
G1 X127.623 Y200.901
G1 X129.126 Y200.483
G1 X129.456 Y198.892
G1 X131.175 Y198.690
G1 X131.124 Y196.717
G1 X133.272 Y196.944
G1 X133.053 Y194.804
G1 X135.196 Y195.025
G1 X134.959 Y192.868
G1 X137.117 Y193.104
G1 X136.880 Y190.946
G1 X139.033 Y191.178
G1 X138.811 Y189.035
G1 X140.929 Y189.232
G1 X140.768 Y187.149
G1 X142.471 Y186.932
G1 X143.075 Y185.615
G1 X144.387 Y185.006
G1 X144.994 Y183.691
G1 X146.351 Y183.127
G1 X146.930 Y181.785
G1 X148.197 Y181.131
G1 X148.879 Y179.891
G1 X150.080 Y179.172
G1 X150.808 Y177.978
G1 X152.024 Y177.273
G1 X152.719 Y176.047
G1 X153.913 Y175.319
G1 X154.642 Y174.128
M5
G0 X155.672 Y175.157
M3 S90
G1 X157.413 Y174.977
G1 X157.490 Y173.133
G1 X159.540 Y173.262
G1 X159.280 Y171.081
G1 X161.381 Y171.260
G1 X161.603 Y169.562
G1 X163.018 Y169.055
G1 X163.201 Y167.317
G1 X165.313 Y167.508
G1 X165.104 Y165.378
G1 X167.179 Y165.532
G1 X167.000 Y163.432
G1 X169.133 Y163.643
G1 X168.909 Y161.498
G1 X171.054 Y161.722
G1 X170.986 Y159.732
G1 X172.596 Y159.422
G1 X172.962 Y157.867
G1 X174.404 Y157.388
M5
G0 X175.939 Y155.080
M3 S90
G1 X177.419 Y154.639
G1 X177.893 Y153.192
M5
G0 X179.113 Y154.412
M3 S90
G1 X180.738 Y154.116
G1 X180.974 Y152.430
G1 X182.577 Y152.112
G1 X182.975 Y150.589
G1 X184.606 Y150.299
G1 X184.934 Y148.706
M5
G0 X184.367 Y148.138
M3 S90
G1 X182.771 Y148.464
G1 X182.307 Y149.922
G1 X180.586 Y150.122
G1 X180.329 Y151.785
M5
G0 X179.966 Y149.502
M3 S90
G1 X178.449 Y149.905
G1 X178.141 Y151.518
G1 X176.603 Y151.902
G1 X176.154 Y153.374
G1 X174.737 Y153.878
G1 X174.135 Y155.197
G1 X172.803 Y155.786
G1 X172.693 Y157.598
G1 X170.651 Y157.477
G1 X170.569 Y159.316
G1 X168.660 Y159.328
G1 X168.741 Y161.330
G1 X166.706 Y161.216
G1 X166.895 Y163.326
G1 X164.744 Y163.097
G1 X164.984 Y165.258
G1 X162.843 Y165.038
G1 X162.829 Y166.945
G1 X161.274 Y167.311
G1 X161.071 Y169.030
G1 X158.971 Y168.851
G1 X159.215 Y171.016
G1 X157.220 Y170.942
G1 X157.156 Y172.799
M5
G0 X153.382 Y172.868
M3 S90
G1 X154.677 Y172.241
G1 X155.020 Y170.663
G1 X156.771 Y170.493
G1 X156.823 Y168.624
G1 X158.843 Y168.723
G1 X158.757 Y166.715
G1 X160.752 Y166.789
G1 X160.801 Y164.917
G1 X162.653 Y164.848
G1 X162.561 Y162.835
G1 X164.554 Y162.906
G1 X164.505 Y160.937
G1 X166.485 Y160.995
G1 X166.447 Y159.036
G1 X168.373 Y159.041
G1 X168.413 Y157.160
G1 X170.264 Y157.090
G1 X170.286 Y155.191
G1 X172.296 Y155.279
G1 X172.406 Y153.468
G1 X173.941 Y153.082
G1 X174.395 Y151.615
G1 X176.025 Y151.324
G1 X176.316 Y149.693
G1 X177.731 Y149.187
M5
G0 X175.206 Y146.662
M3 S90
G1 X173.577 Y146.955
G1 X173.362 Y148.661
G1 X171.742 Y148.962
G1 X171.404 Y150.545
G1 X169.675 Y150.737
G1 X169.643 Y152.626
G1 X167.764 Y152.668
G1 X167.704 Y154.530
G1 X165.875 Y154.622
G1 X165.705 Y156.373
G1 X164.087 Y156.676
G1 X163.792 Y158.302
G1 X162.123 Y158.555
G1 X161.810 Y160.163
G1 X160.217 Y160.491
G1 X160.082 Y162.277
G1 X158.065 Y162.181
G1 X158.121 Y164.158
G1 X156.267 Y164.225
G1 X155.956 Y165.836
G1 X154.366 Y166.167
G1 X154.196 Y167.918
G1 X152.723 Y168.366
G1 X151.994 Y169.558
G1 X150.800 Y170.285
G1 X150.067 Y171.474
M5
G0 X151.152 Y172.558
M3 S90
G1 X152.316 Y171.801
M5
G0 X154.675 Y168.397
M3 S90
G1 X156.457 Y168.257
G1 X156.428 Y166.308
G1 X158.508 Y166.467
G1 X158.425 Y164.462
G1 X160.427 Y164.543
G1 X160.278 Y162.473
G1 X162.265 Y162.539
G1 X162.360 Y160.713
G1 X164.222 Y160.653
G1 X164.274 Y158.784
G1 X166.115 Y158.704
G1 X166.167 Y156.835
G1 X168.036 Y156.783
G1 X168.081 Y154.906
G1 X169.955 Y154.860
G1 X170.095 Y153.078
G1 X171.921 Y152.984
G1 X171.757 Y150.899
G1 X173.599 Y150.819
G1 X173.749 Y149.048
G1 X175.412 Y148.790
G1 X176.107 Y147.563
G1 X177.396 Y146.931
G1 X177.902 Y145.517
G1 X179.332 Y145.025
G1 X179.856 Y143.628
G1 X181.279 Y143.129
G1 X181.599 Y141.529
G1 X183.245 Y141.253
G1 X183.776 Y139.864
G1 X185.061 Y139.227
G1 X185.291 Y137.536
G1 X187.019 Y137.343
G1 X187.307 Y135.710
G1 X189.204 Y135.686
G1 X189.224 Y133.784
G1 X190.807 Y133.446
M5
G0 X190.412 Y131.130
M3 S90
G1 X190.888 Y129.685
G1 X192.599 Y129.475
G1 X193.040 Y127.994
G1 X194.427 Y127.461
M5
G0 X195.980 Y125.170
M3 S90
G1 X197.432 Y124.702
G1 X197.574 Y122.923
G1 X199.378 Y122.806
M5
G0 X199.527 Y124.876
M3 S90
G1 X198.009 Y125.279
G1 X197.561 Y126.752
G1 X196.271 Y127.384
G1 X195.705 Y128.738
G1 X194.182 Y129.136
G1 X193.666 Y130.541
G1 X192.276 Y131.073
M5
G0 X195.321 Y134.117
M3 S90
G1 X195.930 Y132.805
G1 X197.282 Y132.236
G1 X197.786 Y130.819
G1 X199.113 Y130.225
G1 X199.483 Y128.674
M5
G0 X199.877 Y127.147
M3 S90
G1 X200.338 Y125.686
M5
G0 X202.493 Y125.921
M3 S90
G1 X201.967 Y127.315
M5
G0 X203.869 Y127.296
M3 S90
G1 X203.403 Y128.751
G1 X201.993 Y129.262
G1 X201.411 Y130.602
M5
G0 X202.731 Y131.922
M3 S90
G1 X203.110 Y130.379
G1 X204.582 Y129.931
G1 X205.131 Y128.559
M5
G0 X207.487 Y127.072
M3 S90
G1 X207.923 Y125.587
G1 X209.563 Y125.306
M5
G0 X207.393 Y125.057
M3 S90
G1 X207.591 Y123.333
G1 X209.184 Y123.005
G1 X209.487 Y121.387
M5
G0 X209.857 Y119.837
M3 S90
G1 X208.154 Y120.054
G1 X207.921 Y121.743
M5
G0 X206.603 Y120.425
M3 S90
G1 X207.057 Y118.957
G1 X208.346 Y118.326
G1 X208.697 Y116.755
M5
G0 X207.560 Y115.618
M3 S90
G1 X209.238 Y115.375
G1 X209.351 Y113.566
M5
G0 X209.734 Y112.028
M3 S90
G1 X208.123 Y112.339
G1 X208.064 Y114.201
G1 X206.142 Y114.200
G1 X206.050 Y116.029
G1 X204.276 Y116.176
G1 X204.113 Y117.935
G1 X202.550 Y118.293
G1 X202.205 Y119.869
G1 X200.562 Y120.147
M5
G0 X201.746 Y121.331
M3 S90
G1 X203.317 Y120.981
M5
G0 X204.168 Y121.832
M3 S90
G1 X203.664 Y123.249
M5
G0 X205.234 Y122.898
M3 S90
G1 X205.039 Y124.625
M5
G0 X209.870 Y127.534
M3 S90
G1 X208.051 Y127.636
G1 X207.801 Y129.307
G1 X206.499 Y129.927
G1 X206.003 Y131.352
G1 X204.518 Y131.788
G1 X203.904 Y133.094
G1 X202.657 Y133.769
M5
G0 X200.441 Y133.475
M3 S90
G1 X199.862 Y134.817
G1 X198.410 Y135.285
G1 X197.811 Y136.607
M5
G0 X196.613 Y135.410
M3 S90
G1 X194.910 Y135.628
M5
G0 X192.998 Y135.637
M3 S90
G1 X192.537 Y137.097
M5
G0 X193.684 Y138.244
M3 S90
G1 X192.377 Y138.858
G1 X191.730 Y140.133
G1 X190.195 Y140.518
G1 X190.115 Y142.360
G1 X188.515 Y142.680
G1 X187.908 Y143.995
G1 X186.631 Y144.639
M5
G0 X184.340 Y144.270
M3 S90
G1 X183.794 Y145.644
G1 X182.429 Y146.201
M5
G0 X181.535 Y145.307
M3 S90
G1 X182.119 Y143.970
G1 X183.529 Y143.459
G1 X183.970 Y141.979
G1 X185.443 Y141.530
G1 X185.914 Y140.080
G1 X187.477 Y139.722
G1 X187.890 Y138.214
G1 X189.310 Y137.713
G1 X189.844 Y136.326
G1 X191.089 Y135.649
G1 X191.600 Y134.239
G1 X193.057 Y133.775
G1 X193.704 Y132.501
G1 X194.921 Y131.796
G1 X195.553 Y130.507
G1 X196.900 Y129.933
G1 X197.572 Y128.684
M5
G0 X194.666 Y121.936
M3 S90
G1 X193.402 Y122.593
G1 X192.772 Y123.885
G1 X191.453 Y124.486
G1 X190.753 Y125.708
M5
G0 X190.760 Y123.793
M3 S90
G1 X189.225 Y124.179
G1 X188.553 Y125.428
G1 X187.098 Y125.895
M5
G0 X187.433 Y124.309
M3 S90
G1 X187.797 Y122.751
G1 X189.420 Y122.453
G1 X189.542 Y120.654
G1 X191.105 Y120.296
G1 X191.687 Y118.956
G1 X193.365 Y118.714
G1 X193.618 Y117.045
G1 X194.920 Y116.426
M5
G0 X196.202 Y117.709
M3 S90
G1 X194.958 Y118.386
G1 X194.286 Y119.635
G1 X192.876 Y120.146
M5
G0 X195.965 Y119.392
M3 S90
G1 X197.723 Y119.230
G1 X197.826 Y117.411
G1 X199.790 Y117.454
G1 X199.714 Y115.457
G1 X201.814 Y115.636
G1 X201.721 Y113.621
G1 X203.693 Y113.672
G1 X203.612 Y111.670
G1 X205.589 Y111.726
G1 X205.432 Y109.648
G1 X207.327 Y109.621
G1 X207.366 Y107.740
G1 X209.331 Y107.783
G1 X209.423 Y105.954
M5
G0 X210.029 Y104.640
M3 S90
G1 X208.080 Y104.611
G1 X208.101 Y106.553
G1 X206.121 Y106.495
G1 X206.039 Y108.334
G1 X204.185 Y108.401
G1 X204.311 Y110.448
G1 X202.324 Y110.382
G1 X202.320 Y112.299
M5
G0 X199.705 Y111.606
M3 S90
G1 X200.159 Y110.138
G1 X201.669 Y109.727
G1 X201.934 Y108.071
G1 X203.969 Y108.185
G1 X203.875 Y106.170
G1 X205.898 Y106.271
G1 X205.832 Y104.284
G1 X207.796 Y104.328
M5
G0 X205.498 Y103.950
M3 S90
G1 X205.512 Y102.043
G1 X207.381 Y101.991
G1 X207.624 Y100.313
G1 X209.069 Y99.837
G1 X209.603 Y98.450
M5
G0 X207.370 Y98.138
M3 S90
G1 X207.007 Y99.696
G1 X205.137 Y99.748
G1 X205.193 Y101.725
G1 X203.199 Y101.651
G1 X203.363 Y103.736
G1 X201.506 Y103.801
G1 X201.436 Y105.652
G1 X199.823 Y105.960
G1 X199.377 Y107.435
G1 X197.646 Y107.625
G1 X197.416 Y109.316
G1 X195.509 Y109.331
G1 X195.686 Y111.428
G1 X193.947 Y111.611
G1 X193.363 Y112.948
G1 X192.061 Y113.567
G1 X191.497 Y114.924
M5
G0 X191.317 Y116.665
M3 S90
G1 X192.832 Y116.260
G1 X193.389 Y114.895
M5
G0 X191.110 Y112.616
M3 S90
G1 X191.766 Y111.352
G1 X193.347 Y111.011
G1 X193.585 Y109.327
M5
G0 X193.835 Y107.657
M3 S90
G1 X193.937 Y105.838
M5
G0 X192.758 Y106.580
M3 S90
G1 X190.791 Y106.534
G1 X190.634 Y108.298
M5
G0 X191.126 Y108.790
M3 S90
G1 X190.762 Y110.348
M5
G0 X188.185 Y109.692
M3 S90
G1 X187.581 Y111.009
G1 X186.008 Y111.357
M5
G0 X185.042 Y110.390
M3 S90
G1 X184.500 Y111.770
G1 X183.173 Y112.364
G1 X182.768 Y113.880
G1 X180.994 Y114.027
G1 X180.897 Y115.851
G1 X179.073 Y115.948
G1 X178.697 Y117.494
G1 X177.400 Y118.118
G1 X176.906 Y119.545
G1 X175.413 Y119.974
M5
G0 X176.518 Y121.078
M3 S90
G1 X176.072 Y122.553
G1 X174.514 Y122.916
G1 X174.384 Y124.708
G1 X172.701 Y124.945
G1 X172.194 Y126.360
G1 X170.832 Y126.919
G1 X170.509 Y128.517
G1 X168.760 Y128.690
G1 X168.736 Y130.587
G1 X166.827 Y130.598
G1 X166.715 Y132.407
G1 X164.963 Y132.577
G1 X164.841 Y134.376
G1 X163.210 Y134.667
G1 X162.734 Y136.112
G1 X161.387 Y136.686
G1 X160.652 Y137.872
M5
G0 X159.375 Y136.595
M3 S90
G1 X157.947 Y137.088
G1 X157.471 Y138.533
M5
G0 X155.209 Y140.113
M3 S90
G1 X154.662 Y141.488
G1 X153.210 Y141.957
G1 X152.912 Y143.580
G1 X151.065 Y143.654
G1 X151.166 Y145.677
G1 X149.091 Y145.523
G1 X149.295 Y147.648
G1 X147.363 Y147.637
G1 X147.163 Y149.358
G1 X145.410 Y149.526
G1 X145.004 Y151.041
G1 X143.749 Y151.708
G1 X143.313 Y153.193
M5
G0 X145.276 Y153.234
M3 S90
G1 X143.896 Y153.775
G1 X143.560 Y155.361
M5
G0 X143.435 Y157.157
M3 S90
G1 X142.726 Y158.369
G1 X141.406 Y158.971
G1 X140.790 Y160.275
G1 X139.628 Y161.035
G1 X138.884 Y162.211
M5
G0 X139.920 Y163.248
M3 S90
G1 X139.206 Y164.455
G1 X138.024 Y165.194
G1 X137.277 Y166.368
M5
G0 X137.381 Y168.393
M3 S90
G1 X136.656 Y169.590
G1 X135.432 Y170.287
G1 X134.745 Y171.521
G1 X133.506 Y172.203
M5
G0 X134.783 Y173.480
M3 S90
G1 X136.020 Y172.796
G1 X136.712 Y171.567
G1 X137.918 Y170.852
G1 X138.648 Y169.661
G1 X139.852 Y168.943
G1 X140.356 Y167.526
G1 X141.781 Y167.030
G1 X142.483 Y165.811
M5
G0 X143.390 Y162.876
M3 S90
G1 X143.884 Y161.448
G1 X145.306 Y160.949
G1 X145.978 Y159.700
G1 X147.265 Y159.066
G1 X147.862 Y157.741
G1 X149.457 Y157.416
G1 X149.484 Y155.521
G1 X151.504 Y155.620
G1 X151.413 Y153.608
G1 X153.264 Y153.538
G1 X153.344 Y151.697
G1 X154.945 Y151.376
M5
G0 X154.998 Y153.351
M3 S90
G1 X156.285 Y152.716
G1 X156.829 Y151.339
G1 X158.126 Y150.715
G1 X158.788 Y149.456
G1 X160.027 Y148.774
G1 X160.711 Y147.537
G1 X162.016 Y146.920
G1 X162.550 Y145.533
G1 X163.955 Y145.017
G1 X164.330 Y143.471
G1 X166.109 Y143.329
G1 X166.189 Y141.487
G1 X168.050 Y141.428
G1 X168.065 Y139.521
G1 X169.984 Y139.519
G1 X169.976 Y137.590
G1 X171.662 Y137.355
G1 X172.088 Y135.859
M5
G0 X174.468 Y134.398
M3 S90
G1 X175.165 Y133.174
G1 X176.520 Y132.607
M5
G0 X177.894 Y130.139
M3 S90
G1 X179.567 Y129.891
G1 X179.888 Y128.290
G1 X181.358 Y127.839
G1 X181.606 Y126.166
G1 X183.379 Y126.019
M5
G0 X183.977 Y126.616
M3 S90
G1 X183.551 Y128.111
G1 X182.081 Y128.562
G1 X181.693 Y130.095
M5
G0 X181.959 Y132.283
M3 S90
G1 X180.597 Y132.842
G1 X179.850 Y134.016
G1 X178.561 Y134.648
M5
G0 X179.144 Y131.389
M3 S90
G1 X178.720 Y132.886
G1 X177.285 Y133.373
G1 X176.799 Y134.808
G1 X175.279 Y135.208
G1 X174.994 Y136.844
G1 X173.288 Y137.059
G1 X173.173 Y138.866
G1 X171.522 Y139.136
G1 X171.237 Y140.772
G1 X169.345 Y140.801
G1 X169.338 Y142.716
G1 X167.444 Y142.742
G1 X167.382 Y144.602
G1 X165.523 Y144.664
G1 X165.425 Y146.488
G1 X163.604 Y146.587
G1 X163.271 Y148.175
G1 X161.896 Y148.722
G1 X161.417 Y150.164
G1 X160.010 Y150.678
G1 X159.481 Y152.070
G1 X158.182 Y152.692
G1 X157.520 Y153.951
G1 X156.095 Y154.448
M5
G0 X156.593 Y156.867
M3 S90
G1 X157.764 Y156.117
G1 X158.398 Y154.830
G1 X160.082 Y154.592
G1 X160.284 Y152.874
G1 X161.754 Y152.423
G1 X162.150 Y150.897
G1 X163.713 Y150.539
G1 X164.147 Y149.051
G1 X165.670 Y148.653
G1 X165.845 Y146.907
G1 X167.711 Y146.852
G1 X167.758 Y144.978
G1 X169.660 Y144.959
G1 X169.664 Y143.042
G1 X171.451 Y142.907
G1 X171.643 Y141.179
G1 X173.372 Y140.986
M5
G0 X175.374 Y141.067
M3 S90
G1 X176.076 Y139.848
G1 X177.524 Y139.374
G1 X177.877 Y137.806
G1 X179.327 Y137.335
G1 X179.956 Y136.043
G1 X181.283 Y135.449
G1 X181.855 Y134.100
G1 X183.320 Y133.643
G1 X183.756 Y132.158
M5
G0 X185.938 Y130.498
M3 S90
G1 X186.525 Y129.164
G1 X188.007 Y128.725
G1 X188.569 Y127.365
M5
G0 X187.930 Y130.569
M3 S90
G1 X189.212 Y129.930
G1 X189.859 Y128.656
G1 X191.326 Y128.202
G1 X191.557 Y126.511
G1 X193.089 Y126.123
G1 X193.455 Y124.567
G1 X195.204 Y124.395
G1 X195.334 Y122.603
G1 X197.153 Y122.501
G1 X197.220 Y120.647
G1 X198.737 Y120.244
G1 X199.136 Y118.721
G1 X200.947 Y118.611
G1 X201.300 Y117.043
G1 X202.861 Y116.683
G1 X202.948 Y114.849
G1 X204.925 Y114.904
G1 X204.852 Y112.910
G1 X206.769 Y112.905
G1 X206.783 Y110.999
G1 X208.612 Y110.907
G1 X208.872 Y109.246
M5
G0 X202.666 Y104.960
M3 S90
G1 X202.684 Y106.900
G1 X200.654 Y106.791
G1 X200.728 Y108.786
G1 X198.879 Y108.858
G1 X198.623 Y110.524
G1 X196.862 Y110.684
M5
G0 X197.455 Y105.513
M3 S90
G1 X199.266 Y105.403
G1 X199.446 Y103.662
G1 X200.909 Y103.203
M5
G0 X202.333 Y100.785
M3 S90
G1 X203.941 Y100.472
G1 X203.855 Y98.465
G1 X205.679 Y98.368
G1 X206.055 Y96.822
G1 X207.630 Y96.477
G1 X207.916 Y94.841
G1 X209.594 Y94.598
M5
G0 X209.660 Y90.822
M3 S90
G1 X209.136 Y92.219
G1 X207.553 Y92.558
G1 X207.318 Y94.244
G1 X205.705 Y94.552
M5
G0 X205.431 Y92.356
M3 S90
G1 X206.896 Y91.900
M5
G0 X204.230 Y89.234
M3 S90
G1 X202.978 Y89.904
G1 X202.347 Y91.193
G1 X200.929 Y91.697
G1 X200.840 Y93.528
G1 X199.000 Y93.611
G1 X198.431 Y94.963
M5
G0 X201.265 Y97.796
M3 S90
G1 X199.311 Y97.763
G1 X199.480 Y99.853
G1 X197.746 Y100.041
G1 X197.398 Y101.614
G1 X195.822 Y101.959
G1 X195.223 Y103.281
G1 X193.846 Y103.825
M5
G0 X196.837 Y104.895
M3 S90
G1 X197.235 Y103.372
G1 X198.841 Y103.057
G1 X198.850 Y101.145
G1 X200.346 Y100.719
G1 X201.053 Y99.505
G1 X202.751 Y99.282
G1 X202.597 Y97.207
G1 X204.640 Y97.329
M5
G0 X195.425 Y99.641
M3 S90
G1 X195.175 Y101.312
G1 X193.469 Y101.527
G1 X193.397 Y103.376
G1 X191.610 Y103.511
G1 X191.388 Y105.209
G1 X189.636 Y105.379
M5
G0 X188.495 Y111.922
M3 S90
G1 X188.157 Y113.505
G1 X186.468 Y113.738
G1 X186.007 Y115.198
G1 X184.575 Y115.687
G1 X184.342 Y117.375
G1 X182.498 Y117.452
G1 X182.248 Y119.123
G1 X180.778 Y119.574
G1 X180.352 Y121.070
G1 X178.957 Y121.596
G1 X178.282 Y122.843
G1 X176.948 Y123.429
G1 X176.597 Y125.000
G1 X175.007 Y125.330
M5
G0 X173.781 Y127.947
M3 S90
G1 X172.150 Y128.237
G1 X171.732 Y129.740
G1 X170.151 Y130.080
G1 X169.968 Y131.819
G1 X168.079 Y131.851
G1 X168.030 Y133.723
G1 X166.183 Y133.797
G1 X166.068 Y135.604
G1 X164.242 Y135.698
G1 X163.906 Y137.284
G1 X162.569 Y137.868
G1 X161.993 Y139.213
G1 X160.470 Y139.611
G1 X160.069 Y141.131
M5
G0 X158.013 Y144.839
M3 S90
G1 X159.523 Y144.428
G1 X159.809 Y142.792
G1 X161.422 Y142.484
G1 X161.747 Y140.889
G1 X163.320 Y140.540
G1 X163.746 Y139.045
G1 X165.463 Y138.840
G1 X165.542 Y136.999
G1 X167.399 Y136.934
G1 X167.451 Y135.065
G1 X169.332 Y135.025
G1 X169.369 Y133.141
G1 X171.101 Y132.951
G1 X171.419 Y131.348
G1 X173.120 Y131.128
G1 X173.227 Y129.314
G1 X175.083 Y129.249
G1 X175.261 Y127.506
G1 X176.854 Y127.178
G1 X177.343 Y125.745
G1 X178.795 Y125.277
G1 X179.204 Y123.764
G1 X180.571 Y123.210
G1 X181.017 Y121.735
M5
G0 X179.067 Y119.784
M3 S90
G1 X179.274 Y118.071
G1 X181.239 Y118.114
G1 X181.243 Y116.197
G1 X182.849 Y115.882
G1 X183.347 Y114.459
G1 X184.782 Y113.973
M5
G0 X187.668 Y114.938
M3 S90
G1 X187.265 Y116.456
G1 X185.649 Y116.761
G1 X185.662 Y118.696
M5
G0 X185.251 Y120.206
M3 S90
G1 X186.942 Y119.976
G1 X187.037 Y118.149
G1 X188.520 Y117.711
G1 X188.926 Y116.195
M5
G0 X189.820 Y119.011
M3 S90
G1 X188.280 Y119.392
G1 X188.248 Y121.281
G1 X186.371 Y121.325
G1 X186.256 Y123.132
G1 X184.523 Y123.319
M5
G0 X180.546 Y125.107
M3 S90
G1 X179.992 Y126.474
M5
G0 X176.606 Y128.851
M3 S90
G1 X176.138 Y130.304
G1 X174.778 Y130.865
G1 X174.402 Y132.410
G1 X172.887 Y132.816
G1 X172.167 Y134.018
G1 X170.810 Y134.582
G1 X170.620 Y136.313
G1 X168.711 Y136.325
G1 X168.694 Y138.229
G1 X166.797 Y138.254
G1 X166.713 Y140.090
G1 X164.881 Y140.180
G1 X164.786 Y142.006
G1 X163.198 Y142.339
G1 X162.707 Y143.769
G1 X161.307 Y144.291
G1 X160.906 Y145.811
G1 X159.434 Y146.259
G1 X158.742 Y147.489
G1 X157.525 Y148.193
M5
G0 X155.556 Y148.145
M3 S90
G1 X154.311 Y148.822
G1 X153.790 Y150.222
G1 X152.179 Y150.532
G1 X152.112 Y152.386
G1 X150.052 Y152.247
G1 X150.148 Y154.265
G1 X148.244 Y154.281
G1 X147.878 Y155.837
G1 X146.564 Y156.444
G1 X146.080 Y157.881
M5
G0 X145.751 Y155.630
M3 S90
G1 X146.222 Y154.180
G1 X147.875 Y153.912
G1 X147.925 Y152.041
G1 X149.922 Y152.117
G1 X149.733 Y150.007
G1 X151.775 Y150.128
G1 X151.764 Y148.196
G1 X153.518 Y148.029
G1 X153.944 Y146.533
G1 X155.269 Y145.937
G1 X155.953 Y144.700
M5
G0 X154.568 Y143.314
M3 S90
G1 X154.079 Y144.747
G1 X152.516 Y145.105
G1 X152.356 Y146.866
G1 X150.412 Y146.843
G1 X150.545 Y148.898
G1 X148.428 Y148.701
G1 X148.504 Y150.699
G1 X146.680 Y150.796
M5
G0 X142.512 Y150.471
M3 S90
G1 X143.691 Y149.728
G1 X144.385 Y148.502
G1 X145.851 Y148.046
G1 X146.051 Y146.324
G1 X147.973 Y146.325
G1 X147.763 Y144.195
G1 X149.914 Y144.424
G1 X149.760 Y142.349
G1 X151.737 Y142.405
G1 X151.766 Y140.513
G1 X153.475 Y140.301
G1 X153.911 Y138.816
G1 X155.384 Y138.367
G1 X155.963 Y137.025
G1 X157.290 Y136.431
G1 X157.846 Y135.066
M5
G0 X160.056 Y133.434
M3 S90
G1 X160.660 Y132.117
G1 X162.283 Y131.819
G1 X162.496 Y130.110
G1 X164.230 Y129.923
G1 X164.344 Y128.116
G1 X165.887 Y127.738
G1 X166.439 Y126.368
G1 X167.798 Y125.807
G1 X168.262 Y124.349
G1 X169.968 Y124.134
G1 X170.068 Y122.312
G1 X171.590 Y121.914
G1 X171.954 Y120.356
M5
G0 X174.070 Y122.472
M3 S90
G1 X172.459 Y122.783
G1 X171.973 Y124.218
G1 X170.498 Y124.664
G1 X170.416 Y126.503
G1 X168.290 Y126.299
G1 X168.366 Y128.296
G1 X166.397 Y128.247
G1 X166.292 Y130.064
G1 X164.684 Y130.377
G1 X164.449 Y132.063
G1 X162.863 Y132.398
G1 X162.337 Y133.793
G1 X160.982 Y134.360
M5
G0 X172.169 Y143.625
M3 S90
G1 X171.738 Y145.115
G1 X169.994 Y145.293
G1 X169.975 Y147.194
G1 X168.075 Y147.216
G1 X168.033 Y149.096
G1 X166.182 Y149.165
G1 X166.125 Y151.029
G1 X164.406 Y151.232
G1 X164.035 Y152.782
G1 X162.289 Y152.957
G1 X162.059 Y154.648
G1 X160.456 Y154.966
G1 X160.364 Y156.795
G1 X158.665 Y157.018
G1 X158.174 Y158.448
G1 X156.614 Y158.809
M5
G0 X154.902 Y159.019
M3 S90
G1 X153.337 Y159.374
G1 X153.300 Y161.259
G1 X151.496 Y161.376
G1 X151.048 Y162.848
G1 X149.854 Y163.576
G1 X149.141 Y164.785
M5
G0 X147.610 Y163.254
M3 S90
G1 X148.850 Y162.572
G1 X149.459 Y161.260
G1 X151.064 Y160.944
G1 X151.104 Y159.062
G1 X153.078 Y159.116
G1 X152.932 Y157.048
G1 X154.558 Y156.753
M5
G0 X153.383 Y155.578
M3 S90
G1 X151.702 Y155.818
G1 X151.680 Y157.718
G1 X149.849 Y157.807
G1 X149.433 Y159.313
G1 X148.171 Y159.972
G1 X147.564 Y161.286
G1 X146.353 Y161.996
G1 X145.606 Y163.170
M5
G0 X145.913 Y165.398
M3 S90
G1 X144.724 Y166.130
G1 X144.004 Y167.332
G1 X142.830 Y168.079
G1 X142.083 Y169.253
G1 X140.896 Y169.988
M5
G0 X141.216 Y172.228
M3 S90
G1 X140.489 Y173.422
G1 X139.260 Y174.114
G1 X138.598 Y175.374
G1 X137.343 Y176.041
G1 X136.679 Y177.297
G1 X135.354 Y177.894
G1 X134.888 Y179.349
G1 X133.473 Y179.855
M5
G0 X133.765 Y182.068
M3 S90
G1 X135.077 Y181.459
G1 X135.677 Y180.137
G1 X137.111 Y179.651
G1 X137.655 Y178.274
G1 X138.892 Y177.589
G1 X139.594 Y176.370
G1 X140.806 Y175.661
G1 X141.528 Y174.461
M5
G0 X139.209 Y172.142
M3 S90
G1 X137.982 Y172.837
G1 X137.318 Y174.094
G1 X136.056 Y174.753
G1 X135.394 Y176.012
G1 X134.155 Y176.694
G1 X133.473 Y177.933
G1 X132.206 Y178.588
G1 X131.654 Y179.957
G1 X130.127 Y180.351
G1 X129.789 Y181.934
G1 X128.281 Y182.347
G1 X127.800 Y183.787
G1 X126.347 Y184.256
G1 X125.893 Y185.723
G1 X124.386 Y186.137
G1 X124.035 Y187.707
G1 X122.344 Y187.937
G1 X122.212 Y189.726
G1 X120.498 Y189.934
G1 X120.117 Y191.474
G1 X118.730 Y192.008
G1 X118.086 Y193.285
G1 X116.796 Y193.917
G1 X116.421 Y195.462
G1 X114.707 Y195.670
G1 X114.434 Y197.318
G1 X112.952 Y197.757
G1 X112.636 Y199.362
G1 X111.043 Y199.690
G1 X110.692 Y201.261
G1 X108.921 Y201.411
G1 X108.628 Y203.039
G1 X106.935 Y203.267
G1 X106.832 Y205.086
G1 X105.187 Y205.361
G1 X104.731 Y206.826
G1 X103.348 Y207.365
G1 X102.739 Y208.677
G1 X101.422 Y209.281
G1 X100.883 Y210.663
G1 X99.476 Y211.177
G1 X99.025 Y212.647
G1 X97.221 Y212.764
G1 X97.189 Y214.654
M5
G0 X97.956 Y211.578
M3 S90
G1 X97.854 Y209.556
G1 X99.583 Y209.363
G1 X100.147 Y208.006
G1 X101.499 Y207.437
G1 X102.013 Y206.030
G1 X103.516 Y205.611
G1 X103.856 Y204.031
G1 X105.520 Y203.773
G1 X105.652 Y201.984
G1 X107.526 Y201.937
G1 X107.453 Y199.942
G1 X109.493 Y200.061
G1 X109.570 Y198.217
G1 X111.258 Y197.984
G1 X111.466 Y196.271
G1 X113.217 Y196.101
G1 X113.404 Y194.367
G1 X114.952 Y193.994
G1 X115.516 Y192.637
G1 X116.833 Y192.033
G1 X117.372 Y190.650
G1 X118.933 Y190.290
G1 X119.135 Y188.571
G1 X120.952 Y188.466
G1 X121.112 Y186.705
G1 X122.778 Y186.450
G1 X123.106 Y184.857
G1 X124.631 Y184.461
G1 X125.057 Y182.966
G1 X126.502 Y182.489
G1 X127.026 Y181.092
M5
G0 X129.336 Y179.560
M3 S90
G1 X129.950 Y178.253
G1 X131.250 Y177.631
G1 X131.891 Y176.352
G1 X133.151 Y175.690
M5
G0 X131.838 Y174.377
M3 S90
G1 X130.531 Y174.992
G1 X130.118 Y176.499
G1 X128.610 Y176.913
G1 X128.329 Y178.554
M5
G0 X127.039 Y177.263
M3 S90
G1 X127.377 Y175.680
G1 X128.689 Y175.071
G1 X129.266 Y173.727
G1 X130.580 Y173.120
G1 X131.127 Y171.745
G1 X132.554 Y171.251
G1 X133.191 Y169.967
G1 X134.418 Y169.273
G1 X135.130 Y168.063
M5
G0 X125.770 Y164.467
M3 S90
G1 X125.103 Y165.721
M5
G0 X124.836 Y163.533
M3 S90
G1 X123.609 Y164.228
G1 X122.872 Y165.412
G1 X121.671 Y166.131
G1 X121.041 Y167.423
G1 X119.704 Y168.007
G1 X119.326 Y169.550
G1 X117.813 Y169.958
G1 X117.129 Y171.195
G1 X115.799 Y171.787
M5
G0 X119.843 Y170.067
M3 S90
G1 X119.380 Y171.525
G1 X118.155 Y172.222
G1 X117.752 Y173.740
G1 X116.179 Y174.088
G1 X115.500 Y175.329
G1 X114.318 Y176.069
G1 X113.769 Y177.441
G1 X112.226 Y177.820
G1 X111.908 Y179.423
G1 X110.159 Y179.595
G1 X110.150 Y181.507
G1 X108.145 Y181.423
G1 X108.262 Y183.461
G1 X106.172 Y183.292
G1 X106.340 Y185.382
G1 X104.263 Y185.226
G1 X104.414 Y187.298
G1 X102.382 Y187.187
G1 X102.503 Y189.229
G1 X100.426 Y189.073
G1 X100.605 Y191.173
G1 X98.484 Y190.974
G1 X98.694 Y193.104
G1 X96.573 Y192.905
G1 X96.687 Y194.940
G1 X94.748 Y194.922
G1 X94.753 Y196.849
G1 X92.992 Y197.009
G1 X92.564 Y198.501
G1 X91.257 Y199.116
G1 X90.607 Y200.387
G1 X89.348 Y201.049
G1 X88.889 Y202.512
G1 X87.116 Y202.659
G1 X86.991 Y204.456
G1 X85.343 Y204.728
M5
G0 X85.921 Y201.464
M3 S90
G1 X87.436 Y201.058
G1 X88.003 Y199.704
G1 X89.315 Y199.095
M5
G0 X90.889 Y196.827
M3 S90
G1 X92.307 Y196.323
G1 X92.577 Y194.673
G1 X94.421 Y194.595
G1 X94.410 Y192.664
G1 X96.347 Y192.679
G1 X96.296 Y190.707
G1 X98.359 Y190.849
G1 X98.177 Y188.746
G1 X100.280 Y188.927
G1 X100.074 Y186.800
G1 X102.159 Y186.964
G1 X102.067 Y184.951
G1 X104.105 Y185.067
G1 X103.953 Y182.995
G1 X106.046 Y183.166
G1 X105.922 Y181.121
G1 X107.766 Y181.044
G1 X108.087 Y179.444
G1 X109.690 Y179.126
G1 X110.106 Y177.621
G1 X111.418 Y177.011
G1 X111.887 Y175.559
M5
G0 X116.234 Y166.458
M3 S90
G1 X117.526 Y165.828
G1 X118.165 Y164.547
G1 X119.339 Y163.799
G1 X119.938 Y162.477
G1 X121.380 Y161.999
G1 X121.970 Y160.667
G1 X123.279 Y160.055
G1 X123.891 Y158.746
G1 X125.107 Y158.041
G1 X125.845 Y156.857
G1 X127.059 Y156.150
G1 X127.768 Y154.938
M5
G0 X133.514 Y149.157
M3 S90
G1 X134.768 Y148.490
G1 X135.468 Y147.269
G1 X136.815 Y146.695
G1 X137.334 Y145.292
G1 X138.576 Y144.613
G1 X139.247 Y143.364
G1 X140.602 Y142.797
G1 X141.093 Y141.367
G1 X142.817 Y141.170
G1 X142.756 Y139.187
G1 X144.713 Y139.223
G1 X144.675 Y137.264
G1 X146.679 Y137.347
G1 X146.523 Y135.270
G1 X148.653 Y135.479
G1 X148.444 Y133.349
G1 X150.537 Y133.520
G1 X150.438 Y131.500
G1 X152.383 Y131.524
G1 X152.520 Y129.740
G1 X154.148 Y129.447
G1 X154.479 Y127.856
G1 X156.220 Y127.676
G1 X156.591 Y126.126
G1 X157.787 Y125.401
G1 X158.499 Y124.192
G1 X159.711 Y123.483
G1 X160.415 Y122.266
G1 X161.640 Y121.569
G1 X162.329 Y120.337
G1 X163.598 Y119.685
G1 X164.182 Y118.348
G1 X165.570 Y117.815
G1 X166.094 Y116.417
G1 X167.591 Y115.994
G1 X167.749 Y114.230
G1 X169.615 Y114.176
G1 X169.783 Y112.422
M5
G0 X170.131 Y110.849
M3 S90
G1 X168.523 Y111.162
G1 X168.370 Y112.931
G1 X166.546 Y113.028
G1 X166.216 Y114.618
G1 X164.823 Y115.147
G1 X164.320 Y116.565
G1 X162.907 Y117.073
G1 X162.316 Y118.403
G1 X161.049 Y119.057
G1 X160.357 Y120.286
G1 X159.138 Y120.988
G1 X158.436 Y122.208
G1 X157.214 Y122.907
G1 X156.512 Y124.126
G1 X155.300 Y124.836
G1 X154.789 Y126.246
G1 X153.066 Y126.443
G1 X152.956 Y128.255
G1 X151.077 Y128.297
G1 X151.158 Y130.299
G1 X149.105 Y130.168
G1 X149.269 Y132.253
G1 X147.136 Y132.041
G1 X147.376 Y134.201
G1 X145.250 Y133.997
G1 X145.397 Y136.065
G1 X143.427 Y136.016
G1 X143.425 Y137.936
G1 X141.458 Y137.890
G1 X141.346 Y139.699
G1 X139.723 Y139.997
G1 X139.362 Y141.557
G1 X137.970 Y142.086
G1 X137.416 Y143.453
G1 X136.039 Y143.997
G1 X135.362 Y145.241
G1 X134.165 Y145.966
G1 X133.433 Y147.155
G1 X132.244 Y147.887
G1 X131.550 Y149.114
G1 X130.340 Y149.826
G1 X129.621 Y151.027
G1 X128.407 Y151.735
G1 X127.690 Y152.939
G1 X126.476 Y153.646
G1 X125.771 Y154.862
G1 X124.579 Y155.592
G1 X123.867 Y156.801
G1 X122.608 Y157.463
G1 X121.996 Y158.772
G1 X120.669 Y159.367
G1 X120.120 Y160.739
G1 X118.668 Y161.207
M5
G0 X117.148 Y163.530
M3 S90
G1 X115.859 Y164.162
G1 X115.297 Y165.522
M5
G0 X122.239 Y168.620
M3 S90
G1 X122.968 Y167.429
M5
G0 X146.245 Y167.651
M3 S90
G1 X146.959 Y166.445
M5
G0 X148.254 Y167.740
M3 S90
G1 X149.438 Y167.003
G1 X150.143 Y165.786
G1 X151.422 Y165.144
G1 X151.826 Y163.626
G1 X153.642 Y163.522
G1 X153.877 Y161.836
G1 X155.684 Y161.721
M5
G0 X153.046 Y164.846
M3 S90
G1 X154.832 Y164.712
G1 X154.846 Y162.805
G1 X156.610 Y162.647
G1 X157.234 Y161.350
G1 X158.486 Y160.681
G1 X159.110 Y159.384
G1 X160.407 Y158.760
G1 X160.916 Y157.347
G1 X162.614 Y157.125
G1 X162.664 Y155.253
G1 X164.370 Y155.038
G1 X164.716 Y153.462
G1 X166.422 Y153.247
G1 X166.501 Y151.406
G1 X168.350 Y151.334
G1 X168.397 Y149.460
G1 X170.292 Y149.433
G1 X170.323 Y147.543
G1 X172.022 Y147.321
G1 X172.448 Y145.826
G1 X173.918 Y145.374
G1 X174.464 Y144.000
G1 X175.739 Y143.353
G1 X176.423 Y142.116
G1 X177.607 Y141.379
G1 X178.194 Y140.044
G1 X179.569 Y139.498
G1 X180.128 Y138.136
G1 X181.731 Y137.818
M5
G0 X181.460 Y139.469
M3 S90
G1 X181.062 Y140.991
G1 X179.419 Y141.269
G1 X179.143 Y142.915
G1 X177.658 Y143.351
M5
G0 X184.739 Y136.984
M3 S90
G1 X185.122 Y135.446
M5
G0 X182.989 Y135.234
M3 S90
G1 X184.640 Y134.964
G1 X184.775 Y133.177
G1 X186.413 Y132.894
M5
G0 X188.024 Y132.584
M3 S90
G1 X187.846 Y134.328
M5
G0 X195.633 Y138.272
M3 S90
G1 X195.092 Y139.652
G1 X193.451 Y139.933
G1 X193.126 Y141.528
G1 X191.756 Y142.080
G1 X191.204 Y143.449
G1 X189.749 Y143.915
G1 X189.336 Y145.423
G1 X187.871 Y145.879
G1 X187.232 Y147.161
M5
G0 X190.016 Y146.103
M3 S90
G1 X189.613 Y147.621
G1 X188.095 Y148.025
G1 X187.652 Y149.502
G1 X186.294 Y150.066
G1 X185.685 Y151.378
G1 X184.135 Y151.749
G1 X183.819 Y153.355
G1 X182.214 Y153.670
G1 X181.810 Y155.188
M5
G0 X183.783 Y157.161
M3 S90
G1 X183.513 Y158.812
G1 X182.010 Y159.230
M5
G0 X180.249 Y159.390
M3 S90
G1 X180.645 Y157.865
G1 X182.439 Y157.737
G1 X182.834 Y156.212
G1 X184.116 Y155.573
G1 X184.690 Y154.226
M5
G0 X186.410 Y155.945
M3 S90
G1 X186.826 Y154.440
G1 X188.228 Y153.921
G1 X188.762 Y152.534
G1 X190.302 Y152.153
G1 X190.540 Y150.469
G1 X192.319 Y150.327
G1 X192.699 Y148.787
G1 X193.994 Y148.160
G1 X194.385 Y146.629
M5
G0 X192.257 Y146.423
M3 S90
G1 X193.732 Y145.977
G1 X194.294 Y144.617
G1 X195.693 Y144.096
G1 X195.939 Y142.420
M5
G0 X198.623 Y141.262
M3 S90
G1 X198.996 Y139.714
G1 X200.541 Y139.338
M5
G0 X201.355 Y140.151
M3 S90
G1 X200.939 Y141.657
G1 X199.255 Y141.894
G1 X199.020 Y143.580
G1 X197.545 Y144.026
G1 X197.056 Y145.459
M5
G0 X199.591 Y147.994
M3 S90
G1 X199.794 Y146.275
G1 X201.608 Y146.168
G1 X201.888 Y144.527
G1 X203.517 Y144.234
G1 X203.862 Y142.659
M5
G0 X202.966 Y141.763
M3 S90
G1 X201.672 Y142.390
G1 X201.206 Y143.845
G1 X199.515 Y144.075
G1 X199.277 Y145.758
G1 X197.719 Y146.121
G1 X197.200 Y147.524
G1 X195.733 Y147.977
G1 X195.522 Y149.688
G1 X193.990 Y150.077
G1 X193.360 Y151.369
G1 X191.998 Y151.928
G1 X191.464 Y153.315
G1 X190.017 Y153.789
G1 X189.671 Y155.364
G1 X188.231 Y155.845
G1 X187.627 Y157.162
G1 X186.202 Y157.658
G1 X185.661 Y159.038
G1 X184.351 Y159.650
G1 X183.820 Y161.040
G1 X182.518 Y161.659
M5
G0 X183.730 Y162.871
M3 S90
G1 X184.997 Y162.217
G1 X185.591 Y160.890
G1 X187.084 Y160.461
G1 X187.580 Y159.036
G1 X188.940 Y158.475
G1 X189.325 Y156.940
G1 X190.846 Y156.539
G1 X191.450 Y155.222
G1 X192.724 Y154.575
G1 X193.263 Y153.193
G1 X194.748 Y152.757
G1 X195.031 Y151.118
G1 X196.840 Y151.006
G1 X196.880 Y149.124
M5
G0 X197.197 Y151.363
M3 S90
G1 X197.014 Y153.101
G1 X195.366 Y153.374
G1 X195.033 Y154.962
G1 X193.437 Y155.288
G1 X193.129 Y156.901
G1 X191.551 Y157.244
G1 X191.261 Y158.875
G1 X189.620 Y159.155
G1 X189.327 Y160.783
G1 X187.829 Y161.207
G1 X187.338 Y162.637
G1 X185.860 Y163.080
G1 X185.467 Y164.608
G1 X184.025 Y165.087
G1 X183.556 Y166.539
G1 X182.098 Y167.003
G1 X181.484 Y168.310
G1 X180.142 Y168.889
G1 X179.653 Y170.321
G1 X178.284 Y170.873
G1 X177.642 Y172.152
G1 X176.418 Y172.849
G1 X175.947 Y174.299
G1 X174.454 Y174.728
G1 X173.835 Y176.030
G1 X172.475 Y176.591
G1 X172.016 Y178.054
G1 X170.574 Y178.532
G1 X170.098 Y179.977
G1 X168.630 Y180.431
G1 X168.267 Y181.989
G1 X166.792 Y182.435
G1 X166.278 Y183.842
M5
G0 X167.395 Y184.959
M3 S90
G1 X167.969 Y183.612
G1 X169.326 Y183.048
G1 X169.687 Y181.488
G1 X171.406 Y181.285
G1 X171.726 Y179.685
G1 X173.397 Y179.434
G1 X173.672 Y177.789
G1 X175.213 Y177.408
M5
G0 X176.574 Y174.927
M3 S90
G1 X178.120 Y174.551
G1 X178.468 Y172.978
G1 X180.078 Y172.668
G1 X180.565 Y171.233
G1 X181.869 Y170.616
G1 X182.516 Y169.342
G1 X183.918 Y168.823
M5
G0 X185.405 Y166.467
M3 S90
G1 X186.802 Y165.944
G1 X187.299 Y164.519
G1 X188.814 Y164.113
G1 X188.894 Y162.271
G1 X190.740 Y162.197
G1 X190.830 Y160.365
G1 X192.599 Y160.213
G1 X192.756 Y158.449
G1 X194.359 Y158.131
G1 X194.936 Y156.786
G1 X196.288 Y156.217
G1 X196.533 Y154.541
G1 X198.437 Y154.524
G1 X198.454 Y152.620
G1 X200.183 Y152.428
G1 X200.538 Y150.862
M5
G0 X199.888 Y150.212
M3 S90
G1 X200.221 Y148.624
G1 X201.747 Y148.228
M5
G0 X203.258 Y149.739
M3 S90
G1 X203.410 Y147.970
G1 X205.018 Y147.657
G1 X205.349 Y146.067
G1 X206.955 Y145.751
M5
G0 X209.709 Y144.663
M3 S90
G1 X209.218 Y146.093
G1 X207.810 Y146.607
G1 X207.309 Y148.027
G1 X205.550 Y148.189
G1 X205.413 Y149.973
M5
G0 X205.073 Y151.554
M3 S90
G1 X204.659 Y153.062
G1 X203.038 Y153.362
G1 X202.796 Y155.041
G1 X201.228 Y155.394
G1 X200.721 Y156.809
G1 X199.196 Y157.204
G1 X199.009 Y158.938
G1 X197.275 Y159.126
G1 X196.879 Y160.651
G1 X195.474 Y161.167
G1 X195.046 Y162.660
G1 X193.493 Y163.028
G1 X193.220 Y164.677
M5
G0 X193.264 Y168.563
M3 S90
G1 X194.865 Y168.242
G1 X195.057 Y166.514
G1 X196.713 Y166.249
G1 X197.084 Y164.698
G1 X198.727 Y164.420
G1 X199.148 Y162.920
G1 X200.563 Y162.414
G1 X200.838 Y160.768
M5
G0 X203.445 Y159.532
M3 S90
G1 X203.728 Y157.894
G1 X205.373 Y157.618
G1 X205.847 Y156.171
G1 X207.257 Y155.660
G1 X207.645 Y154.127
G1 X209.221 Y153.781
G1 X209.619 Y152.258
M5
G0 X207.336 Y151.896
M3 S90
G1 X206.950 Y153.431
M5
G0 X204.539 Y154.863
M3 S90
G1 X204.196 Y156.441
G1 X202.658 Y156.824
G1 X202.007 Y158.094
G1 X200.725 Y158.733
G1 X200.133 Y160.063
G1 X198.781 Y160.632
G1 X198.197 Y161.969
G1 X196.714 Y162.407
G1 X196.374 Y163.988
G1 X194.770 Y164.306
G1 X194.488 Y165.944
G1 X192.827 Y166.204
G1 X192.416 Y167.715
G1 X190.941 Y168.161
G1 X190.582 Y169.724
G1 X189.095 Y170.157
G1 X188.709 Y171.692
G1 X187.169 Y172.073
G1 X186.595 Y173.420
G1 X185.135 Y173.881
G1 X184.759 Y175.427
G1 X183.444 Y176.034
G1 X182.883 Y177.393
G1 X181.367 Y177.799
M5
G0 X180.732 Y177.164
M3 S90
G1 X179.167 Y177.520
G1 X178.741 Y179.015
G1 X177.110 Y179.305
G1 X176.858 Y180.974
G1 X175.302 Y181.339
G1 X174.846 Y182.805
G1 X173.288 Y183.168
G1 X172.985 Y184.786
G1 X171.435 Y185.157
G1 X171.061 Y186.705
G1 X169.534 Y187.098
G1 X169.125 Y188.611
M5
G0 X169.969 Y189.454
M3 S90
G1 X171.391 Y188.955
G1 X171.862 Y187.505
G1 X173.272 Y186.994
G1 X173.741 Y185.541
G1 X175.161 Y185.040
G1 X175.652 Y183.610
G1 X177.277 Y183.315
G1 X177.442 Y181.559
G1 X178.983 Y181.178
M5
G0 X180.802 Y181.076
M3 S90
G1 X182.249 Y180.602
G1 X182.607 Y179.039
G1 X184.271 Y178.781
G1 X184.556 Y177.145
G1 X186.097 Y176.765
G1 X186.523 Y175.269
G1 X188.091 Y174.916
G1 X188.311 Y173.215
G1 X189.776 Y172.759
G1 X190.275 Y171.337
G1 X191.750 Y170.891
M5
G0 X191.565 Y172.627
M3 S90
G1 X191.254 Y174.238
M5
G0 X192.890 Y173.952
M3 S90
G1 X192.487 Y175.470
G1 X191.039 Y175.944
G1 X190.671 Y177.497
G1 X189.098 Y177.845
M5
G0 X188.781 Y175.607
M3 S90
G1 X188.159 Y176.906
G1 X186.890 Y177.558
G1 X186.451 Y179.041
G1 X184.908 Y179.419
G1 X184.322 Y180.753
G1 X182.977 Y181.330
G1 X182.644 Y182.918
G1 X181.021 Y183.216
G1 X180.592 Y184.709
G1 X179.215 Y185.253
G1 X178.716 Y186.675
G1 X177.239 Y187.118
G1 X176.820 Y188.621
G1 X175.403 Y189.125
G1 X174.902 Y190.545
G1 X173.427 Y190.991
G1 X172.920 Y192.406
G1 X171.460 Y192.867
G1 X171.077 Y194.405
M5
G0 X168.410 Y193.659
M3 S90
G1 X169.897 Y193.225
G1 X170.160 Y191.567
G1 X171.572 Y191.058
G1 X172.244 Y189.809
G1 X173.614 Y189.257
G1 X173.794 Y187.516
G1 X175.548 Y187.349
G1 X175.959 Y185.838
G1 X177.401 Y185.360
G1 X177.865 Y183.902
G1 X179.315 Y183.431
M5
G0 X172.648 Y182.528
M3 S90
G1 X172.873 Y180.832
G1 X174.559 Y180.596
G1 X174.960 Y179.076
G1 X176.709 Y178.904
G1 X176.964 Y177.238
G1 X178.324 Y176.676
G1 X178.880 Y175.312
G1 X180.197 Y174.707
G1 X180.846 Y173.436
M5
G0 X182.199 Y174.789
M3 S90
G1 X183.519 Y174.187
G1 X183.809 Y172.556
G1 X185.415 Y172.241
G1 X185.856 Y170.760
G1 X187.371 Y170.355
G1 X187.955 Y169.018
G1 X189.187 Y168.328
G1 X189.676 Y166.896
M5
G0 X194.367 Y171.587
M3 S90
G1 X194.394 Y169.692
G1 X196.107 Y169.485
G1 X196.363 Y167.819
G1 X197.971 Y167.506
G1 X198.239 Y165.853
G1 X199.739 Y165.432
G1 X200.438 Y164.210
G1 X201.683 Y163.533
G1 X202.312 Y162.241
G1 X203.692 Y161.700
G1 X204.148 Y160.235
G1 X205.711 Y159.877
G1 X206.049 Y158.294
G1 X207.474 Y157.797
G1 X207.990 Y156.392
G1 X209.565 Y156.047
M5
G0 X209.790 Y158.192
M3 S90
G1 X208.204 Y158.528
G1 X207.740 Y159.985
M5
G0 X210.112 Y160.435
M3 S90
G1 X208.566 Y160.811
G1 X208.298 Y162.464
G1 X206.720 Y162.808
G1 X206.357 Y164.365
G1 X204.679 Y164.608
G1 X204.413 Y166.264
G1 X202.961 Y166.733
G1 X202.475 Y168.168
G1 X201.040 Y168.654
G1 X200.383 Y169.918
M5
G0 X198.586 Y168.121
M3 S90
G1 X200.086 Y167.700
G1 X200.655 Y166.348
G1 X201.957 Y165.729
G1 X202.451 Y164.301
G1 X204.106 Y164.036
M5
G0 X205.518 Y167.368
M3 S90
G1 X206.014 Y165.944
G1 X207.627 Y165.636
G1 X208.051 Y164.138
G1 X209.373 Y163.539
M5
G0 X209.200 Y165.287
M3 S90
G1 X208.882 Y166.891
M5
G0 X208.534 Y168.464
M3 S90
G1 X208.073 Y169.924
M5
G0 X209.391 Y171.241
M3 S90
G1 X208.034 Y171.805
M5
G0 X205.851 Y171.544
M3 S90
G1 X205.129 Y172.743
G1 X203.789 Y173.324
G1 X203.310 Y174.767
G1 X201.946 Y175.323
G1 X201.339 Y176.638
G1 X200.027 Y177.247
G1 X199.571 Y178.712
G1 X197.975 Y179.038
G1 X197.620 Y180.603
G1 X196.132 Y181.036
G1 X195.766 Y182.592
M5
G0 X196.866 Y183.691
M3 S90
G1 X197.287 Y182.191
G1 X198.847 Y181.830
M5
G0 X198.775 Y183.680
M3 S90
G1 X198.244 Y185.069
G1 X196.864 Y185.611
G1 X196.222 Y186.890
G1 X194.862 Y187.452
M5
G0 X196.165 Y188.754
M3 S90
G1 X197.585 Y188.253
G1 X197.938 Y186.685
G1 X199.559 Y186.385
G1 X200.010 Y184.914
G1 X201.377 Y184.360
M5
G0 X202.236 Y185.219
M3 S90
G1 X201.749 Y186.654
G1 X200.339 Y187.165
M5
G0 X201.660 Y188.485
M3 S90
G1 X201.108 Y189.855
G1 X199.658 Y190.326
G1 X199.039 Y191.628
G1 X197.699 Y192.210
G1 X197.319 Y193.750
G1 X195.906 Y194.259
G1 X195.335 Y195.609
M5
G0 X196.685 Y196.959
M3 S90
G1 X197.026 Y195.378
G1 X198.418 Y194.850
G1 X198.932 Y193.442
G1 X200.465 Y193.054
G1 X200.963 Y191.632
M5
G0 X202.758 Y193.426
M3 S90
G1 X201.318 Y193.907
G1 X200.817 Y195.327
G1 X199.309 Y195.741
G1 X198.921 Y197.274
G1 X197.418 Y197.692
G1 X196.844 Y199.039
G1 X195.497 Y199.613
M5
G0 X194.121 Y198.238
M3 S90
G1 X193.778 Y199.816
G1 X192.258 Y200.216
G1 X191.684 Y201.564
G1 X190.485 Y202.286
G1 X189.938 Y203.660
G1 X188.596 Y204.240
G1 X187.967 Y205.531
M5
G0 X186.155 Y203.719
M3 S90
G1 X185.754 Y205.240
G1 X184.281 Y205.688
G1 X183.825 Y207.153
G1 X182.300 Y207.549
M5
G0 X180.881 Y209.972
M3 S90
G1 X179.433 Y210.446
G1 X179.088 Y212.021
G1 X177.633 Y212.487
G1 X177.119 Y213.895
G1 X175.586 Y214.283
G1 X175.130 Y215.748
G1 X173.825 Y216.365
G1 X173.266 Y217.727
M5
G0 X172.814 Y215.353
M3 S90
G1 X171.607 Y216.068
G1 X170.885 Y217.267
M5
G0 X169.795 Y220.019
M3 S90
G1 X169.502 Y221.647
G1 X168.070 Y222.136
G1 X167.450 Y223.438
G1 X166.098 Y224.007
M5
G0 X164.841 Y222.749
M3 S90
G1 X166.138 Y222.125
M5
G0 X164.870 Y220.858
M3 S90
G1 X165.469 Y219.536
G1 X166.929 Y219.074
G1 X167.375 Y217.599
M5
G0 X164.571 Y218.637
M3 S90
G1 X164.974 Y217.119
G1 X166.564 Y216.789
G1 X167.113 Y215.416
G1 X168.338 Y214.719
G1 X168.984 Y213.445
M5
G0 X171.197 Y211.815
M3 S90
G1 X171.753 Y210.450
G1 X173.291 Y210.067
G1 X173.702 Y208.557
G1 X175.225 Y208.158
G1 X175.638 Y206.651
G1 X177.038 Y206.129
G1 X177.451 Y204.622
G1 X179.057 Y204.306
G1 X179.606 Y202.934
G1 X180.996 Y202.402
G1 X181.497 Y200.983
M5
G0 X183.835 Y199.478
M3 S90
G1 X184.160 Y197.882
G1 X185.691 Y197.492
G1 X186.154 Y196.034
G1 X187.567 Y195.525
G1 X188.204 Y194.241
G1 X189.684 Y193.800
G1 X189.936 Y192.131
G1 X191.384 Y191.658
G1 X192.071 Y190.424
G1 X193.418 Y189.850
M5
G0 X193.660 Y192.012
M3 S90
G1 X192.390 Y192.664
M5
G0 X190.836 Y194.952
M3 S90
G1 X189.506 Y195.544
G1 X188.907 Y196.866
G1 X187.545 Y197.425
G1 X186.951 Y198.752
M5
G0 X184.756 Y200.399
M3 S90
G1 X184.062 Y201.626
G1 X182.674 Y202.160
G1 X182.356 Y203.763
G1 X180.738 Y204.066
G1 X180.362 Y205.611
G1 X178.907 Y206.077
G1 X178.321 Y207.412
G1 X176.883 Y207.896
G1 X176.490 Y209.423
G1 X174.972 Y209.827
G1 X174.438 Y211.214
G1 X173.141 Y211.838
G1 X172.640 Y213.258
M5
G0 X174.226 Y212.923
M3 S90
G1 X175.816 Y212.592
G1 X176.184 Y211.039
G1 X177.868 Y210.801
G1 X178.188 Y209.201
G1 X179.581 Y208.672
G1 X179.974 Y207.144
G1 X181.690 Y206.939
G1 X181.978 Y205.306
G1 X183.518 Y204.925
G1 X184.012 Y203.498
G1 X185.447 Y203.011
G1 X185.891 Y201.534
G1 X187.215 Y200.937
G1 X187.950 Y199.751
G1 X189.232 Y199.111
G1 X189.730 Y197.689
G1 X191.188 Y197.225
G1 X191.717 Y195.833
G1 X193.104 Y195.299
G1 X193.671 Y193.944
G1 X194.965 Y193.318
G1 X195.516 Y191.948
G1 X196.979 Y191.489
G1 X197.325 Y189.914
G1 X198.755 Y189.423
M5
G0 X204.237 Y189.141
M3 S90
G1 X204.615 Y187.598
M5
G0 X207.279 Y186.420
M3 S90
G1 X207.559 Y184.779
G1 X209.050 Y184.348
G1 X209.446 Y182.823
M5
G0 X209.204 Y180.660
M3 S90
G1 X208.851 Y182.228
G1 X207.433 Y182.732
G1 X206.839 Y184.059
G1 X205.402 Y184.543
M5
G0 X204.561 Y183.702
M3 S90
G1 X205.215 Y182.435
G1 X206.462 Y181.761
G1 X207.033 Y180.411
G1 X208.514 Y179.970
G1 X208.859 Y178.394
M5
G0 X206.363 Y179.741
M3 S90
G1 X204.612 Y179.911
G1 X204.219 Y181.439
G1 X202.756 Y181.897
M5
G0 X202.096 Y181.237
M3 S90
G1 X202.562 Y179.782
G1 X203.922 Y179.221
G1 X204.468 Y177.846
G1 X206.079 Y177.535
G1 X206.452 Y175.987
G1 X207.995 Y175.609
G1 X208.213 Y173.906
G1 X209.743 Y173.515
M5
G0 X205.714 Y175.249
M3 S90
G1 X203.978 Y175.434
M5
G0 X201.749 Y178.969
M3 S90
G1 X200.346 Y179.488
M5
G0 X199.186 Y176.406
M3 S90
G1 X199.612 Y174.911
G1 X201.157 Y174.535
G1 X201.621 Y173.077
G1 X202.913 Y172.448
G1 X203.623 Y171.237
M5
G0 X203.162 Y168.855
M3 S90
G1 X202.711 Y170.326
G1 X201.347 Y170.882
G1 X200.665 Y172.121
G1 X199.456 Y172.833
G1 X198.814 Y174.113
G1 X197.336 Y174.556
G1 X196.978 Y176.119
G1 X195.505 Y176.568
M5
G0 X196.720 Y177.782
M3 S90
G1 X196.387 Y179.371
G1 X194.832 Y179.736
G1 X194.496 Y181.322
M5
G0 X194.144 Y179.049
M3 S90
G1 X192.501 Y179.326
G1 X192.276 Y181.022
G1 X190.625 Y181.293
G1 X190.226 Y182.816
G1 X188.859 Y183.370
G1 X188.328 Y184.759
G1 X186.991 Y185.343
G1 X186.264 Y186.537
G1 X184.949 Y187.144
G1 X184.390 Y188.506
G1 X183.121 Y189.158
G1 X182.456 Y190.415
G1 X181.016 Y190.896
G1 X180.477 Y192.278
G1 X179.208 Y192.930
G1 X178.589 Y194.232
G1 X177.212 Y194.776
G1 X176.801 Y196.286
G1 X175.285 Y196.692
G1 X174.950 Y198.278
M5
G0 X171.496 Y200.587
M3 S90
G1 X171.115 Y202.128
G1 X169.514 Y202.448
G1 X169.161 Y204.016
G1 X167.686 Y204.462
G1 X167.117 Y205.814
G1 X165.732 Y206.351
G1 X165.128 Y207.668
G1 X163.922 Y208.382
G1 X163.230 Y209.611
G1 X162.021 Y210.324
G1 X161.509 Y211.733
G1 X159.999 Y212.144
G1 X159.508 Y213.574
G1 X157.902 Y213.890
G1 X157.785 Y215.694
G1 X156.041 Y215.871
G1 X155.751 Y217.502
G1 X154.203 Y217.875
G1 X153.797 Y219.390
G1 X152.294 Y219.809
G1 X151.668 Y221.103
G1 X150.363 Y221.720
G1 X149.819 Y223.097
G1 X148.552 Y223.752
G1 X147.898 Y225.018
G1 X146.606 Y225.648
G1 X146.087 Y227.050
M5
G0 X143.714 Y226.597
M3 S90
G1 X142.487 Y227.292
G1 X141.735 Y228.461
G1 X140.553 Y229.201
G1 X139.896 Y230.465
G1 X138.599 Y231.089
G1 X137.895 Y232.306
G1 X136.713 Y233.045
G1 X135.981 Y234.234
G1 X134.458 Y234.633
G1 X134.499 Y236.595
G1 X132.437 Y236.453
G1 X132.573 Y238.511
G1 X130.526 Y238.385
G1 X130.652 Y240.432
G1 X128.627 Y240.328
G1 X128.696 Y242.318
G1 X126.731 Y242.275
G1 X126.717 Y244.182
G1 X124.953 Y244.339
G1 X124.713 Y246.020
G1 X123.029 Y246.258
G1 X122.624 Y247.773
G1 X121.337 Y248.407
M5
G0 X123.565 Y248.714
M3 S90
G1 X125.022 Y248.251
G1 X125.368 Y246.675
G1 X127.014 Y246.400
G1 X127.176 Y244.641
G1 X128.872 Y244.416
G1 X129.040 Y242.662
G1 X130.909 Y242.610
G1 X130.848 Y240.628
G1 X132.870 Y240.729
G1 X132.681 Y238.619
G1 X134.407 Y238.424
G1 X135.082 Y237.177
G1 X136.489 Y236.663
G1 X136.892 Y235.146
G1 X138.438 Y234.770
G1 X138.703 Y233.114
G1 X140.156 Y232.645
G1 X140.848 Y231.416
G1 X142.109 Y230.757
G1 X142.766 Y229.492
M5
G0 X142.920 Y223.882
M3 S90
G1 X142.416 Y225.300
G1 X141.086 Y225.891
G1 X140.485 Y227.211
G1 X139.200 Y227.848
G1 X138.566 Y229.135
G1 X137.216 Y229.706
G1 X136.615 Y231.026
G1 X135.077 Y231.409
G1 X135.103 Y233.356
G1 X133.095 Y233.270
G1 X133.229 Y235.325
G1 X131.139 Y235.156
G1 X131.308 Y237.246
G1 X129.231 Y237.090
G1 X129.379 Y239.160
G1 X127.335 Y239.036
G1 X127.443 Y241.066
G1 X125.454 Y240.997
G1 X125.469 Y242.934
G1 X123.603 Y242.989
G1 X123.523 Y244.830
G1 X121.742 Y244.970
G1 X121.552 Y246.701
G1 X119.808 Y246.879
G1 X119.498 Y248.489
G1 X118.002 Y248.915
G1 X117.413 Y250.247
G1 X116.239 Y250.994
M5
G0 X116.208 Y249.042
M3 S90
G1 X116.614 Y247.527
G1 X118.268 Y247.259
G1 X118.591 Y245.661
G1 X120.277 Y245.426
G1 X120.411 Y243.640
G1 X122.233 Y243.540
G1 X122.320 Y241.706
G1 X124.177 Y241.641
G1 X124.168 Y239.712
G1 X126.151 Y239.773
G1 X126.037 Y237.738
G1 X128.092 Y237.872
G1 X127.958 Y235.817
G1 X130.020 Y235.958
G1 X129.872 Y233.888
G1 X131.932 Y234.027
G1 X131.793 Y231.967
G1 X133.850 Y232.103
G1 X133.709 Y230.041
G1 X135.774 Y230.185
G1 X135.670 Y228.160
G1 X137.351 Y227.920
G1 X137.955 Y226.603
G1 X139.378 Y226.104
G1 X139.846 Y224.651
M5
G0 X141.363 Y220.404
M3 S90
G1 X140.917 Y221.879
G1 X139.577 Y222.461
G1 X139.073 Y223.878
G1 X137.392 Y224.119
G1 X137.338 Y225.985
G1 X135.338 Y225.907
G1 X135.464 Y227.954
G1 X133.382 Y227.793
G1 X133.558 Y229.890
G1 X131.456 Y229.709
G1 X131.622 Y231.796
G1 X129.565 Y231.660
G1 X129.701 Y233.718
G1 X127.676 Y233.614
G1 X127.767 Y235.626
G1 X125.732 Y235.512
G1 X125.824 Y237.525
G1 X123.844 Y237.466
G1 X123.902 Y239.446
G1 X121.958 Y239.423
G1 X121.876 Y241.262
G1 X120.017 Y241.324
G1 X119.990 Y243.218
G1 X118.176 Y243.325
G1 X117.978 Y245.049
G1 X116.297 Y245.289
G1 X116.045 Y246.957
G1 X114.359 Y247.193
G1 X114.073 Y248.828
G1 X112.638 Y249.314
G1 X111.966 Y250.564
G1 X110.699 Y251.218
G1 X110.065 Y252.505
G1 X108.803 Y253.164
M5
G0 X106.568 Y252.850
M3 S90
G1 X107.922 Y252.283
G1 X108.381 Y250.821
G1 X109.934 Y250.453
G1 X110.392 Y248.990
G1 X111.782 Y248.459
G1 X112.143 Y246.898
G1 X113.794 Y246.628
G1 X114.024 Y244.937
G1 X115.785 Y244.777
G1 X115.945 Y243.016
G1 X117.737 Y242.886
G1 X117.799 Y241.027
G1 X119.668 Y240.975
G1 X119.732 Y239.118
G1 X121.604 Y239.069
G1 X121.606 Y237.149
G1 X123.508 Y237.130
G1 X123.522 Y235.223
G1 X125.496 Y235.277
G1 X125.425 Y233.284
G1 X127.425 Y233.363
G1 X127.324 Y231.341
G1 X129.374 Y231.469
G1 X129.230 Y229.404
G1 X131.318 Y229.571
G1 X131.136 Y227.468
G1 X133.244 Y227.655
G1 X133.052 Y225.542
G1 X135.165 Y225.733
G1 X134.986 Y223.633
G1 X137.046 Y223.772
G1 X136.940 Y221.745
G1 X138.739 Y221.623
G1 X139.130 Y220.092
G1 X140.497 Y219.538
G1 X141.018 Y218.138
G1 X142.576 Y217.775
G1 X142.964 Y216.242
G1 X144.389 Y215.746
G1 X144.863 Y214.299
G1 X146.348 Y213.863
G1 X146.819 Y212.413
G1 X148.347 Y212.019
G1 X148.768 Y210.519
G1 X150.170 Y210.000
G1 X150.614 Y208.523
G1 X152.097 Y208.084
G1 X152.608 Y206.674
G1 X153.915 Y206.060
G1 X154.647 Y204.871
M5
G0 X157.103 Y203.484
M3 S90
G1 X157.348 Y201.809
M5
G0 X158.595 Y203.056
M3 S90
G1 X158.293 Y204.674
G1 X156.888 Y205.191
G1 X156.160 Y206.385
G1 X154.984 Y207.129
G1 X154.357 Y208.424
G1 X152.819 Y208.807
G1 X152.409 Y210.317
M5
G0 X154.757 Y210.745
M3 S90
G1 X153.232 Y211.141
G1 X152.808 Y212.638
G1 X151.253 Y213.004
G1 X150.807 Y214.479
M5
G0 X150.088 Y211.839
M3 S90
G1 X149.582 Y213.254
G1 X148.134 Y213.728
G1 X147.576 Y215.090
G1 X146.228 Y215.664
M5
G0 X148.539 Y216.054
M3 S90
G1 X147.820 Y217.255
G1 X146.638 Y217.995
G1 X145.896 Y219.174
G1 X144.634 Y219.833
M5
G0 X145.438 Y222.559
M3 S90
G1 X145.854 Y221.053
G1 X147.334 Y220.612
G1 X147.926 Y219.283
M5
G0 X150.191 Y217.705
M3 S90
G1 X150.742 Y216.336
G1 X152.095 Y215.767
G1 X152.726 Y214.477
G1 X154.063 Y213.893
G1 X154.512 Y212.421
G1 X156.072 Y212.060
G1 X156.330 Y210.397
G1 X157.938 Y210.084
G1 X158.274 Y208.498
G1 X159.742 Y208.044
G1 X160.303 Y206.685
G1 X161.665 Y206.126
G1 X162.294 Y204.834
G1 X163.601 Y204.220
G1 X164.078 Y202.775
G1 X165.485 Y202.261
G1 X165.823 Y200.678
G1 X167.655 Y200.588
G1 X167.824 Y198.837
G1 X169.598 Y198.690
G1 X169.751 Y196.921
G1 X171.359 Y196.608
G1 X171.755 Y195.082
G1 X173.270 Y194.677
G1 X173.693 Y193.179
G1 X175.211 Y192.776
G1 X175.559 Y191.203
G1 X177.027 Y190.749
G1 X177.478 Y189.279
G1 X179.126 Y189.006
G1 X179.449 Y187.408
G1 X180.917 Y186.954
G1 X181.278 Y185.394
G1 X182.936 Y185.131
G1 X183.251 Y183.525
G1 X184.832 Y183.185
G1 X185.316 Y181.747
G1 X186.665 Y181.176
M5
G0 X190.034 Y184.544
M3 S90
G1 X189.563 Y185.994
G1 X188.226 Y186.578
G1 X187.672 Y187.946
G1 X186.347 Y188.542
G1 X185.791 Y189.907
G1 X184.270 Y190.308
G1 X183.867 Y191.825
G1 X182.515 Y192.395
G1 X181.918 Y193.719
G1 X180.584 Y194.306
M5
G0 X179.092 Y196.656
M3 S90
G1 X177.476 Y196.961
G1 X177.105 Y198.512
G1 X175.520 Y198.847
G1 X175.269 Y200.518
G1 X173.699 Y200.869
G1 X173.283 Y202.374
G1 X171.881 Y202.893
G1 X171.327 Y204.260
G1 X169.826 Y204.681
G1 X169.416 Y206.192
G1 X168.008 Y206.705
G1 X167.444 Y208.062
G1 X166.057 Y208.596
M5
G0 X168.388 Y209.006
M3 S90
G1 X169.773 Y208.470
G1 X170.146 Y206.922
G1 X171.719 Y206.574
G1 X172.188 Y205.121
M5
G0 X174.588 Y203.680
M3 S90
G1 X174.977 Y202.147
G1 X176.449 Y201.698
G1 X176.883 Y200.210
G1 X178.398 Y199.805
G1 X178.819 Y198.304
G1 X180.279 Y197.843
G1 X180.707 Y196.351
G1 X182.218 Y195.940
G1 X182.716 Y194.517
G1 X184.086 Y193.966
G1 X184.570 Y192.528
G1 X186.073 Y192.110
G1 X186.679 Y190.795
G1 X188.026 Y190.221
G1 X188.505 Y188.779
G1 X189.978 Y188.330
M5
G0 X191.352 Y185.862
M3 S90
G1 X192.701 Y185.290
G1 X193.263 Y183.931
M5
G0 X194.591 Y185.259
M3 S90
G1 X193.979 Y186.568
G1 X192.750 Y187.260
G1 X192.065 Y188.497
G1 X190.813 Y189.166
G1 X190.179 Y190.453
G1 X188.744 Y190.939
G1 X188.203 Y192.319
G1 X186.783 Y192.820
G1 X186.322 Y194.280
G1 X184.950 Y194.829
G1 X184.529 Y196.329
M5
G0 X182.158 Y197.801
M3 S90
G1 X181.622 Y199.186
G1 X180.272 Y199.758
G1 X179.532 Y200.939
G1 X178.153 Y201.480
G1 X177.629 Y202.878
G1 X176.272 Y203.442
G1 X175.816 Y204.907
G1 X174.506 Y205.519
G1 X173.932 Y206.866
G1 X172.399 Y207.254
G1 X171.923 Y208.699
G1 X170.450 Y209.148
G1 X170.004 Y210.623
G1 X168.728 Y211.267
G1 X168.257 Y212.717
G1 X166.631 Y213.012
G1 X166.147 Y214.450
G1 X164.737 Y214.961
G1 X164.228 Y216.374
G1 X162.891 Y216.958
G1 X162.317 Y218.305
M5
G0 X161.123 Y217.110
M3 S90
G1 X161.634 Y215.700
G1 X163.039 Y215.184
G1 X163.603 Y213.827
G1 X164.847 Y213.150
G1 X165.318 Y211.700
G1 X166.793 Y211.254
M5
G0 X164.668 Y211.050
M3 S90
G1 X163.258 Y211.561
G1 X162.812 Y213.036
G1 X161.234 Y213.379
G1 X160.818 Y214.884
G1 X159.448 Y215.436
G1 X159.058 Y216.966
G1 X157.341 Y217.171
G1 X156.976 Y218.727
G1 X155.373 Y219.045
G1 X155.035 Y220.628
M5
G0 X152.576 Y222.012
M3 S90
G1 X152.168 Y223.525
G1 X150.718 Y223.996
G1 X150.154 Y225.353
G1 X148.792 Y225.912
G1 X148.203 Y227.244
G1 X146.715 Y227.677
G1 X146.402 Y229.286
G1 X144.897 Y229.702
G1 X144.488 Y231.214
G1 X142.980 Y231.628
G1 X142.507 Y233.075
G1 X141.107 Y233.597
G1 X140.709 Y235.119
G1 X139.148 Y235.480
G1 X138.649 Y236.903
M5
G0 X138.864 Y239.038
M3 S90
G1 X139.573 Y237.826
G1 X140.822 Y237.154
G1 X141.477 Y235.887
G1 X142.713 Y235.203
G1 X143.353 Y233.921
G1 X144.640 Y233.287
G1 X145.234 Y231.960
G1 X146.684 Y231.489
G1 X147.190 Y230.074
G1 X148.607 Y229.570
G1 X149.016 Y228.057
G1 X150.611 Y227.732
G1 X150.829 Y226.028
G1 X152.533 Y225.811
G1 X152.790 Y224.147
G1 X154.506 Y223.942
G1 X154.724 Y222.239
G1 X156.332 Y221.926
G1 X156.723 Y220.395
G1 X158.196 Y219.947
G1 X158.732 Y218.562
M5
G0 X159.892 Y219.721
M3 S90
G1 X159.536 Y221.287
G1 X158.111 Y221.783
G1 X157.484 Y223.078
G1 X156.044 Y223.559
G1 X155.746 Y225.182
G1 X154.123 Y225.480
G1 X153.795 Y227.073
G1 X152.144 Y227.343
G1 X151.954 Y229.075
G1 X150.301 Y229.342
G1 X149.888 Y230.850
G1 X148.410 Y231.294
G1 X147.999 Y232.804
G1 X146.629 Y233.355
G1 X145.987 Y234.635
M5
G0 X143.758 Y236.247
M3 S90
G1 X143.068 Y237.479
G1 X141.736 Y238.068
G1 X141.200 Y239.453
G1 X139.883 Y240.057
G1 X139.173 Y241.268
G1 X137.984 Y242.001
G1 X137.397 Y243.335
G1 X135.872 Y243.731
G1 X135.494 Y245.274
G1 X133.971 Y245.672
G1 X133.578 Y247.200
G1 X132.180 Y247.724
G1 X131.503 Y248.968
M5
G0 X131.584 Y250.970
M3 S90
G1 X130.887 Y252.195
G1 X129.603 Y252.831
M5
G0 X126.915 Y250.143
M3 S90
G1 X128.345 Y249.652
G1 X128.949 Y248.335
G1 X130.341 Y247.806
G1 X130.893 Y246.436
G1 X132.272 Y245.895
G1 X132.814 Y244.515
G1 X134.106 Y243.886
G1 X134.640 Y242.499
G1 X136.142 Y242.080
G1 X136.649 Y240.665
M5
G0 X136.362 Y238.457
M3 S90
G1 X135.710 Y239.727
G1 X134.398 Y240.336
M5
G0 X132.974 Y242.754
M3 S90
G1 X131.501 Y243.202
G1 X130.872 Y244.494
M5
G0 X128.660 Y246.124
M3 S90
G1 X127.998 Y247.384
G1 X126.593 Y247.900
G1 X126.129 Y249.357
G1 X124.862 Y250.012
G1 X124.125 Y251.196
G1 X122.869 Y251.860
M5
G0 X124.156 Y253.148
M3 S90
G1 X125.649 Y252.719
M5
G0 X119.636 Y250.549
M3 S90
G1 X118.435 Y251.269
M5
G0 X104.309 Y252.513
M3 S90
G1 X105.662 Y251.944
G1 X106.062 Y250.423
G1 X107.651 Y250.090
G1 X108.084 Y248.603
G1 X109.466 Y248.064
G1 X110.028 Y246.704
G1 X111.551 Y246.306
G1 X111.828 Y244.662
G1 X113.565 Y244.477
G1 X113.644 Y242.636
G1 X115.456 Y242.526
G1 X115.568 Y240.717
G1 X117.420 Y240.648
G1 X117.514 Y238.821
G1 X119.308 Y238.694
G1 X119.455 Y236.920
G1 X121.257 Y236.800
G1 X121.351 Y234.974
G1 X123.198 Y234.899
G1 X123.225 Y233.005
G1 X125.167 Y233.026
G1 X125.103 Y231.041
G1 X127.116 Y231.132
G1 X127.020 Y229.115
G1 X129.057 Y229.231
G1 X128.908 Y227.161
G1 X130.996 Y227.328
G1 X130.814 Y225.225
G1 X132.927 Y225.416
G1 X132.730 Y223.299
G1 X134.850 Y223.498
G1 X134.661 Y221.388
G1 X136.752 Y221.557
G1 X136.663 Y219.547
G1 X138.592 Y219.555
M5
G0 X139.796 Y216.916
M3 S90
G1 X141.243 Y216.442
G1 X141.734 Y215.012
G1 X143.144 Y214.501
G1 X143.643 Y213.079
G1 X145.158 Y212.673
G1 X145.466 Y211.060
G1 X147.122 Y210.794
G1 X147.325 Y209.076
G1 X148.968 Y208.798
G1 X149.419 Y207.328
G1 X150.756 Y206.744
G1 X151.257 Y205.324
G1 X152.758 Y204.903
G1 X153.096 Y203.320
G1 X154.832 Y203.135
G1 X154.979 Y201.361
G1 X156.796 Y201.256
G1 X156.973 Y199.513
G1 X158.606 Y199.225
G1 X158.884 Y197.581
G1 X160.578 Y197.354
G1 X160.836 Y195.690
G1 X162.396 Y195.330
G1 X162.850 Y193.862
G1 X164.275 Y193.366
G1 X164.854 Y192.024
G1 X166.161 Y191.410
G1 X166.607 Y189.934
M5
G0 X165.432 Y188.760
M3 S90
G1 X164.896 Y190.145
G1 X163.380 Y190.550
G1 X162.939 Y192.031
G1 X161.657 Y192.670
G1 X161.211 Y194.145
G1 X159.488 Y194.343
G1 X159.343 Y196.119
G1 X157.742 Y196.439
G1 X157.377 Y197.995
G1 X155.721 Y198.260
G1 X155.430 Y199.891
M5
G0 X152.892 Y201.195
M3 S90
G1 X152.363 Y202.587
G1 X150.958 Y203.103
G1 X150.587 Y204.654
G1 X149.122 Y205.110
G1 X148.633 Y206.542
G1 X147.236 Y207.066
G1 X146.903 Y208.654
G1 X145.094 Y208.766
G1 X145.017 Y210.610
G1 X143.273 Y210.788
G1 X142.953 Y212.389
G1 X141.387 Y212.744
G1 X141.054 Y214.332
G1 X139.255 Y214.454
G1 X139.301 Y216.422
G1 X137.362 Y216.403
G1 X137.119 Y218.082
G1 X135.451 Y218.334
G1 X135.451 Y220.256
G1 X133.374 Y220.100
G1 X133.560 Y222.208
G1 X131.463 Y222.031
G1 X131.632 Y224.121
G1 X129.554 Y223.965
G1 X129.695 Y226.027
G1 X127.661 Y225.914
G1 X127.734 Y227.908
G1 X125.825 Y227.920
G1 X125.718 Y229.734
G1 X123.951 Y229.889
G1 X123.796 Y231.655
G1 X122.020 Y231.800
G1 X121.828 Y233.529
G1 X120.169 Y233.792
G1 X119.871 Y235.415
G1 X118.261 Y235.725
G1 X117.857 Y237.243
G1 X116.397 Y237.704
G1 X115.971 Y239.199
G1 X114.373 Y239.522
G1 X114.140 Y241.211
G1 X112.402 Y241.393
G1 X112.279 Y243.192
G1 X110.488 Y243.322
G1 X110.336 Y245.091
G1 X108.750 Y245.426
G1 X108.354 Y246.952
G1 X106.897 Y247.415
G1 X106.338 Y248.778
G1 X104.966 Y249.327
G1 X104.309 Y250.591
G1 X102.834 Y251.037
G1 X102.526 Y252.650
G1 X101.106 Y253.151
M5
G0 X98.757 Y252.724
M3 S90
G1 X100.335 Y252.381
G1 X100.711 Y250.835
G1 X102.194 Y250.397
M5
G0 X98.683 Y248.807
M3 S90
G1 X99.229 Y247.432
G1 X100.526 Y246.808
G1 X101.027 Y245.388
G1 X102.470 Y244.910
G1 X102.976 Y243.495
G1 X104.441 Y243.039
G1 X104.704 Y241.380
G1 X106.533 Y241.288
G1 X106.640 Y239.474
G1 X108.422 Y239.334
G1 X108.677 Y237.669
G1 X110.197 Y237.268
G1 X110.651 Y235.800
G1 X112.164 Y235.392
G1 X112.675 Y233.982
G1 X113.927 Y233.312
G1 X114.551 Y232.015
G1 X115.870 Y231.414
G1 X116.490 Y230.112
G1 X117.807 Y229.508
G1 X118.381 Y228.161
G1 X119.758 Y227.617
G1 X120.297 Y226.234
G1 X121.676 Y225.693
G1 X122.223 Y224.318
G1 X123.605 Y223.779
G1 X123.938 Y222.191
G1 X125.730 Y222.062
G1 X125.957 Y220.368
G1 X127.525 Y220.015
G1 X127.929 Y218.497
G1 X129.376 Y218.023
G1 X129.872 Y216.599
G1 X131.317 Y216.122
G1 X131.771 Y214.655
G1 X133.296 Y214.259
G1 X133.647 Y212.688
G1 X135.245 Y212.365
G1 X135.771 Y210.971
G1 X137.031 Y210.309
G1 X137.221 Y208.578
G1 X139.303 Y208.739
G1 X139.164 Y206.679
G1 X141.219 Y206.813
G1 X141.181 Y204.853
G1 X143.020 Y204.771
G1 X143.253 Y203.083
G1 X144.776 Y202.684
G1 X145.207 Y201.194
G1 X146.717 Y200.783
G1 X147.286 Y199.431
G1 X148.500 Y198.724
M5
G0 X154.418 Y196.957
M3 S90
G1 X153.954 Y198.415
G1 X152.499 Y198.881
G1 X152.154 Y200.457
G1 X150.606 Y200.830
G1 X150.125 Y202.270
G1 X148.670 Y202.736
G1 X148.367 Y204.354
G1 X146.811 Y204.720
G1 X146.526 Y206.356
G1 X144.787 Y206.538
G1 X144.582 Y208.254
G1 X142.858 Y208.452
G1 X142.686 Y210.201
G1 X140.839 Y210.275
G1 X140.890 Y212.247
G1 X138.828 Y212.106
G1 X138.999 Y214.198
G1 X137.236 Y214.356
G1 X136.779 Y215.821
G1 X135.159 Y216.121
G1 X135.084 Y217.968
G1 X133.155 Y217.960
G1 X133.181 Y219.907
G1 X131.196 Y219.843
G1 X131.162 Y221.730
G1 X129.398 Y221.887
G1 X129.218 Y223.629
G1 X127.487 Y223.819
G1 X127.236 Y225.489
G1 X125.648 Y225.823
G1 X125.295 Y227.391
G1 X123.730 Y227.746
G1 X123.349 Y229.287
G1 X121.826 Y229.685
G1 X121.393 Y231.173
G1 X119.963 Y231.664
G1 X119.426 Y233.049
G1 X118.084 Y233.628
G1 X117.467 Y234.932
G1 X116.171 Y235.556
G1 X115.564 Y236.871
G1 X114.212 Y237.440
G1 X113.633 Y238.782
G1 X112.220 Y239.291
G1 X111.945 Y240.937
G1 X110.154 Y241.066
G1 X110.059 Y242.893
G1 X108.350 Y243.105
G1 X107.934 Y244.611
G1 X106.504 Y245.102
G1 X105.976 Y246.494
G1 X104.573 Y247.013
M5
G0 X96.436 Y252.324
M3 S90
G1 X97.914 Y251.880
G1 X98.533 Y250.579
G1 X100.116 Y250.240
G1 X100.336 Y248.539
G1 X101.831 Y248.113
G1 X102.413 Y246.774
G1 X103.785 Y246.225
G1 X104.299 Y244.818
G1 X105.749 Y244.346
G1 X106.002 Y242.678
G1 X107.768 Y242.523
G1 X107.898 Y240.732
G1 X109.757 Y240.670
G1 X109.897 Y238.888
G1 X111.470 Y238.540
G1 X111.866 Y237.015
G1 X113.280 Y236.509
G1 X113.950 Y235.257
G1 X115.217 Y234.603
G1 X115.869 Y233.333
G1 X117.135 Y232.679
G1 X117.787 Y231.410
G1 X119.072 Y230.773
G1 X119.666 Y229.446
G1 X121.025 Y228.884
G1 X121.549 Y227.487
G1 X122.994 Y227.011
G1 X123.458 Y225.553
G1 X124.928 Y225.102
G1 X125.331 Y223.584
G1 X126.874 Y223.206
G1 X127.250 Y221.661
G1 X128.780 Y221.270
G1 X129.181 Y219.750
G1 X130.722 Y219.369
G1 X131.107 Y217.833
G1 X132.665 Y217.470
G1 X132.898 Y215.782
G1 X134.634 Y215.597
G1 X134.852 Y213.893
G1 X136.422 Y213.543
G1 X136.959 Y212.158
G1 X138.662 Y211.940
G1 X138.508 Y209.865
G1 X140.576 Y210.012
G1 X140.480 Y207.994
G1 X142.349 Y207.942
G1 X142.449 Y206.121
G1 X144.335 Y206.086
G1 X144.563 Y204.393
G1 X146.076 Y203.984
G1 X146.512 Y202.499
G1 X147.824 Y201.890
G1 X148.360 Y200.505
G1 X149.936 Y200.160
G1 X150.301 Y198.604
G1 X151.907 Y198.289
G1 X152.293 Y196.753
G1 X153.612 Y196.152
G1 X154.334 Y194.953
G1 X155.616 Y194.313
G1 X156.256 Y193.032
M5
G0 X156.182 Y191.037
M3 S90
G1 X156.804 Y189.737
G1 X158.086 Y189.098
M5
G0 X160.085 Y189.177
M3 S90
G1 X161.450 Y188.620
G1 X162.002 Y187.250
G1 X163.246 Y186.574
G1 X163.923 Y185.329
M5
G0 X165.042 Y186.449
M3 S90
G1 X164.621 Y187.949
G1 X163.251 Y188.500
G1 X162.745 Y189.915
G1 X161.340 Y190.432
G1 X160.631 Y191.643
G1 X159.454 Y192.388
M5
G0 X153.997 Y192.694
M3 S90
G1 X153.403 Y194.021
M5
G0 X152.315 Y189.091
M3 S90
G1 X151.751 Y190.448
G1 X150.316 Y190.934
G1 X149.877 Y192.417
G1 X148.430 Y192.890
G1 X147.836 Y194.218
G1 X146.541 Y194.844
G1 X145.972 Y196.196
G1 X144.620 Y196.765
G1 X144.229 Y198.296
G1 X142.501 Y198.488
G1 X142.464 Y200.373
G1 X140.464 Y200.294
G1 X140.605 Y202.356
G1 X138.518 Y202.190
G1 X138.687 Y204.280
G1 X136.572 Y204.086
G1 X136.796 Y206.231
G1 X134.638 Y205.995
G1 X134.875 Y208.153
G1 X133.015 Y208.215
G1 X132.635 Y209.755
G1 X131.094 Y210.136
G1 X130.673 Y211.636
G1 X129.268 Y212.152
G1 X128.689 Y213.494
G1 X127.375 Y214.101
G1 X126.766 Y215.413
G1 X125.396 Y215.964
G1 X125.148 Y217.638
G1 X123.284 Y217.695
G1 X123.082 Y219.413
G1 X121.431 Y219.684
G1 X121.293 Y221.468
G1 X119.467 Y221.562
G1 X119.124 Y223.140
G1 X117.757 Y223.694
G1 X117.188 Y225.046
G1 X115.793 Y225.573
G1 X115.297 Y226.998
G1 X113.889 Y227.512
G1 X113.350 Y228.894
G1 X111.983 Y229.448
G1 X111.399 Y230.785
G1 X110.090 Y231.397
G1 X109.473 Y232.701
G1 X108.153 Y233.303
G1 X107.569 Y234.640
G1 X106.177 Y235.169
G1 X105.799 Y236.711
G1 X104.075 Y236.909
G1 X103.983 Y238.738
G1 X102.169 Y238.845
G1 X101.971 Y240.569
G1 X100.391 Y240.909
G1 X99.875 Y242.314
G1 X98.495 Y242.856
G1 X98.127 Y244.409
G1 X96.609 Y244.812
G1 X96.213 Y246.337
G1 X94.675 Y246.721
G1 X94.151 Y248.118
G1 X92.608 Y248.496
G1 X92.202 Y250.012
G1 X90.737 Y250.468
G1 X90.424 Y252.076
G1 X88.738 Y252.311
M5
G0 X91.130 Y252.781
M3 S90
G1 X92.487 Y252.217
G1 X93.068 Y250.877
G1 X94.493 Y250.381
G1 X94.982 Y248.949
G1 X96.570 Y248.616
G1 X96.858 Y246.982
G1 X98.418 Y246.622
G1 X98.676 Y244.958
G1 X100.277 Y244.638
G1 X100.808 Y243.248
G1 X102.188 Y242.707
G1 X102.637 Y241.234
G1 X104.270 Y240.946
G1 X104.317 Y239.072
G1 X106.131 Y238.965
G1 X106.401 Y237.314
G1 X107.969 Y236.961
G1 X108.435 Y235.506
G1 X109.817 Y234.967
G1 X110.379 Y233.607
G1 X111.701 Y233.008
G1 X112.315 Y231.701
G1 X113.657 Y231.122
G1 X114.229 Y229.772
G1 X115.588 Y229.211
G1 X116.122 Y227.824
G1 X117.530 Y227.310
G1 X118.059 Y225.917
G1 X119.408 Y225.346
G1 X120.005 Y224.021
G1 X121.392 Y223.487
G1 X121.645 Y221.819
G1 X123.532 Y221.785
G1 X123.699 Y220.031
G1 X125.340 Y219.751
G1 X125.567 Y218.057
G1 X127.156 Y217.724
G1 X127.674 Y216.322
G1 X129.029 Y215.755
G1 X129.570 Y214.375
G1 X130.998 Y213.882
G1 X131.431 Y212.394
G1 X132.967 Y212.008
G1 X133.358 Y210.478
G1 X134.913 Y210.112
G1 X135.218 Y208.496
G1 X137.135 Y208.492
G1 X136.886 Y206.322
G1 X138.999 Y206.513
G1 X138.837 Y204.431
G1 X140.925 Y204.597
G1 X140.826 Y202.577
G1 X142.738 Y202.568
G1 X142.926 Y200.834
G1 X144.544 Y200.531
G1 X144.859 Y198.926
G1 X146.417 Y198.563
G1 X146.896 Y197.120
G1 X148.150 Y196.453
G1 X148.782 Y195.164
G1 X150.094 Y194.555
G1 X150.733 Y193.273
G1 X152.038 Y192.656
G1 X152.682 Y191.379
G1 X153.929 Y190.705
G1 X154.611 Y189.466
G1 X155.840 Y188.774
G1 X156.369 Y187.381
G1 X157.939 Y187.031
G1 X158.420 Y185.591
G1 X159.712 Y184.961
G1 X160.289 Y183.617
G1 X161.809 Y183.216
G1 X162.004 Y181.490
G1 X163.643 Y181.207
G1 X163.981 Y179.624
G1 X165.915 Y179.637
G1 X165.854 Y177.655
G1 X167.781 Y177.661
G1 X167.627 Y175.586
G1 X169.393 Y175.431
G1 X169.922 Y174.039
G1 X171.528 Y173.723
G1 X171.786 Y172.060
G1 X173.248 Y171.601
G1 X173.812 Y170.244
M5
G0 X173.756 Y168.267
M3 S90
G1 X172.480 Y168.911
G1 X171.958 Y170.311
G1 X170.516 Y170.790
G1 X170.429 Y172.624
G1 X168.374 Y172.490
G1 X168.339 Y174.377
G1 X166.493 Y174.451
G1 X166.268 Y176.147
G1 X164.423 Y176.224
G1 X164.670 Y178.392
G1 X162.457 Y178.100
G1 X162.483 Y180.047
G1 X160.865 Y180.350
G1 X160.431 Y181.838
G1 X159.034 Y182.362
G1 X158.400 Y183.649
G1 X157.226 Y184.396
G1 X156.654 Y185.745
G1 X155.252 Y186.264
G1 X154.603 Y187.536
M5
G0 X153.383 Y186.316
M3 S90
G1 X152.048 Y186.903
G1 X151.381 Y188.157
G1 X150.170 Y188.867
G1 X149.548 Y190.166
G1 X148.228 Y190.768
G1 X147.519 Y191.979
G1 X146.212 Y192.594
G1 X145.680 Y193.983
G1 X144.062 Y194.286
G1 X143.940 Y196.085
G1 X142.086 Y196.152
G1 X142.164 Y198.152
G1 X140.127 Y198.036
G1 X140.296 Y200.126
G1 X138.176 Y199.927
G1 X138.395 Y202.067
G1 X136.242 Y201.835
G1 X136.471 Y203.986
G1 X134.316 Y203.752
G1 X134.389 Y205.746
G1 X132.703 Y205.981
G1 X132.320 Y207.519
G1 X130.802 Y207.923
G1 X130.329 Y209.370
G1 X128.962 Y209.924
G1 X128.345 Y211.229
G1 X127.083 Y211.888
G1 X126.409 Y213.135
G1 X125.159 Y213.807
G1 X124.598 Y215.166
G1 X123.103 Y215.592
G1 X122.815 Y217.225
G1 X120.968 Y217.300
G1 X120.959 Y219.212
G1 X119.115 Y219.289
G1 X119.128 Y221.223
G1 X117.352 Y221.368
G1 X116.883 Y222.821
G1 X115.501 Y223.360
G1 X114.959 Y224.739
G1 X113.550 Y225.251
G1 X113.058 Y226.681
G1 X111.648 Y227.192
G1 X111.105 Y228.569
G1 X109.745 Y229.131
G1 X109.166 Y230.473
G1 X107.841 Y231.069
G1 X107.242 Y232.391
G1 X105.905 Y232.976
G1 X105.384 Y234.375
G1 X103.853 Y234.766
G1 X103.653 Y236.487
G1 X101.789 Y236.544
G1 X101.732 Y238.408
G1 X99.926 Y238.523
G1 X99.583 Y240.101
G1 X98.035 Y240.474
G1 X97.712 Y242.073
G1 X96.242 Y242.524
G1 X95.703 Y243.906
G1 X94.320 Y244.445
G1 X93.804 Y245.850
M5
G0 X91.516 Y247.404
M3 S90
G1 X90.960 Y248.769
G1 X89.482 Y249.213
G1 X89.159 Y250.811
G1 X87.604 Y251.176
G1 X87.216 Y252.709
G1 X85.768 Y253.183
M5
G0 X83.397 Y252.733
M3 S90
G1 X84.782 Y252.196
G1 X85.336 Y250.829
G1 X86.866 Y250.438
G1 X87.330 Y248.981
G1 X88.769 Y248.500
G1 X89.180 Y246.989
G1 X90.839 Y246.727
G1 X91.207 Y245.174
G1 X92.737 Y244.783
G1 X93.058 Y243.182
G1 X94.558 Y242.761
G1 X94.966 Y241.249
G1 X96.550 Y240.910
G1 X96.742 Y239.182
G1 X98.413 Y238.932
G1 X98.746 Y237.343
G1 X100.522 Y237.199
G1 X100.481 Y235.237
G1 X102.408 Y235.242
G1 X102.511 Y233.423
G1 X104.144 Y233.135
G1 X104.615 Y231.685
G1 X105.967 Y231.116
G1 X106.534 Y229.762
G1 X107.921 Y229.228
G1 X108.437 Y227.823
G1 X109.865 Y227.329
G1 X110.326 Y225.869
G1 X111.811 Y225.433
G1 X112.259 Y223.961
G1 X113.687 Y223.467
G1 X114.186 Y222.044
G1 X115.628 Y221.566
G1 X115.891 Y219.907
G1 X117.707 Y219.803
G1 X117.810 Y217.984
G1 X119.736 Y217.990
G1 X119.650 Y215.982
G1 X121.510 Y215.920
G1 X121.659 Y214.149
G1 X123.295 Y213.864
G1 X123.902 Y212.549
G1 X125.111 Y211.837
G1 X125.826 Y210.630
G1 X127.042 Y209.926
G1 X127.681 Y208.644
G1 X129.064 Y208.105
G1 X129.550 Y206.670
G1 X131.010 Y206.209
G1 X131.428 Y204.706
G1 X133.004 Y204.361
G1 X133.071 Y202.507
G1 X135.199 Y202.713
G1 X134.954 Y200.548
G1 X137.115 Y200.787
G1 X136.881 Y198.632
G1 X139.031 Y198.861
G1 X138.812 Y196.720
G1 X140.947 Y196.935
G1 X140.738 Y194.804
G1 X142.851 Y194.996
G1 X142.722 Y192.946
G1 X144.732 Y193.035
G1 X144.681 Y191.062
G1 X146.382 Y190.842
G1 X146.785 Y189.324
G1 X148.192 Y188.811
G1 X148.814 Y187.511
G1 X150.149 Y186.925
G1 X150.740 Y185.595
G1 X152.082 Y185.016
G1 X152.619 Y183.631
G1 X153.936 Y183.027
G1 X154.575 Y181.745
G1 X155.917 Y181.166
G1 X156.531 Y179.859
G1 X157.982 Y179.388
G1 X158.420 Y177.905
G1 X159.955 Y177.520
G1 X160.010 Y175.653
G1 X161.944 Y175.666
G1 X161.951 Y173.752
G1 X163.903 Y173.783
G1 X163.782 Y171.740
G1 X165.917 Y171.954
G1 X165.916 Y170.033
G1 X167.720 Y169.915
G1 X167.795 Y168.069
G1 X169.589 Y167.941
G1 X169.902 Y166.333
G1 X171.517 Y166.028
G1 X171.547 Y164.136
G1 X173.278 Y163.946
G1 X173.634 Y162.381
G1 X175.187 Y162.012
G1 X175.668 Y160.572
G1 X177.120 Y160.104
M5
G0 X177.866 Y160.849
M3 S90
G1 X177.430 Y162.334
G1 X176.042 Y162.868
G1 X175.709 Y164.456
G1 X174.126 Y164.794
G1 X173.475 Y166.064
G1 X172.130 Y166.640
G1 X171.837 Y168.269
G1 X170.018 Y168.371
G1 X169.918 Y170.192
G1 X168.145 Y170.340
G1 X168.032 Y172.148
G1 X166.135 Y172.173
G1 X166.264 Y174.223
G1 X164.084 Y173.963
G1 X164.323 Y176.124
G1 X162.170 Y175.892
G1 X162.412 Y178.055
G1 X160.477 Y178.042
G1 X160.262 Y179.748
G1 X158.750 Y180.156
G1 X158.150 Y181.478
G1 X156.828 Y182.077
G1 X156.234 Y183.404
G1 X154.862 Y183.953
M5
G0 X159.525 Y186.695
M3 S90
G1 X161.254 Y186.503
M5
G0 X162.314 Y183.720
M3 S90
G1 X163.917 Y183.402
G1 X164.529 Y182.093
G1 X165.883 Y181.526
G1 X166.272 Y179.994
G1 X167.824 Y179.625
G1 X168.381 Y178.261
G1 X169.610 Y177.569
G1 X170.300 Y176.337
M5
G0 X172.715 Y174.910
M3 S90
G1 X173.088 Y173.362
G1 X174.581 Y172.934
G1 X174.974 Y171.406
G1 X176.414 Y170.925
G1 X176.989 Y169.578
G1 X178.461 Y169.129
G1 X178.990 Y167.737
G1 X180.335 Y167.160
G1 X180.826 Y165.730
G1 X182.371 Y165.355
M5
G0 X180.988 Y163.972
M3 S90
G1 X179.546 Y164.450
G1 X178.944 Y165.770
G1 X177.584 Y166.331
M5
G0 X173.804 Y160.629
M3 S90
G1 X174.335 Y159.240
G1 X175.855 Y158.839
G1 X176.291 Y157.354
G1 X177.807 Y156.948
M5
G0 X171.187 Y161.855
M3 S90
G1 X171.344 Y163.933
G1 X169.253 Y163.764
G1 X169.201 Y165.633
G1 X167.551 Y165.903
G1 X167.401 Y167.675
G1 X165.351 Y167.546
G1 X165.618 Y169.734
G1 X163.475 Y169.512
G1 X163.483 Y171.442
G1 X161.800 Y171.679
G1 X161.539 Y173.340
G1 X159.740 Y173.463
G1 X159.598 Y175.241
G1 X157.927 Y175.492
G1 X157.469 Y176.954
M5
G0 X155.216 Y178.544
M3 S90
G1 X154.562 Y179.811
G1 X153.380 Y180.551
G1 X152.723 Y181.815
G1 X151.401 Y182.414
G1 X150.797 Y183.731
G1 X149.438 Y184.292
G1 X148.808 Y185.584
G1 X147.464 Y186.161
G1 X147.098 Y187.716
G1 X145.282 Y187.821
G1 X145.413 Y189.873
G1 X143.305 Y189.687
G1 X143.502 Y191.805
G1 X141.384 Y191.608
G1 X141.593 Y193.738
G1 X139.445 Y193.512
G1 X139.672 Y195.660
G1 X137.522 Y195.430
G1 X137.756 Y197.586
G1 X135.598 Y197.349
G1 X135.842 Y199.514
G1 X133.677 Y199.270
G1 X133.919 Y201.433
G1 X131.999 Y201.435
G1 X131.704 Y203.061
G1 X130.168 Y203.446
G1 X129.720 Y204.919
G1 X128.242 Y205.362
G1 X127.821 Y206.863
G1 X126.376 Y207.339
G1 X125.802 Y208.686
G1 X124.538 Y209.343
G1 X123.836 Y210.562
G1 X122.622 Y211.269
G1 X121.965 Y212.533
G1 X120.580 Y213.070
G1 X120.360 Y214.771
G1 X118.528 Y214.860
G1 X118.444 Y216.697
G1 X116.570 Y216.744
G1 X116.377 Y218.472
G1 X114.701 Y218.718
G1 X114.401 Y220.338
G1 X112.918 Y220.777
G1 X112.402 Y222.182
G1 X110.994 Y222.696
G1 X110.501 Y224.123
G1 X109.033 Y224.577
G1 X108.610 Y226.074
G1 X107.114 Y226.500
G1 X106.663 Y227.970
G1 X105.221 Y228.449
G1 X104.742 Y229.892
G1 X103.287 Y230.358
G1 X102.879 Y231.870
G1 X101.150 Y232.063
G1 X101.173 Y234.007
G1 X99.171 Y233.926
G1 X99.237 Y235.914
G1 X97.288 Y235.885
G1 X97.030 Y237.549
G1 X95.638 Y238.077
G1 X95.091 Y239.452
G1 X93.601 Y239.883
G1 X93.333 Y241.536
G1 X91.662 Y241.787
G1 X91.367 Y243.412
G1 X89.791 Y243.758
G1 X89.393 Y245.281
G1 X87.935 Y245.745
G1 X87.552 Y247.282
G1 X85.901 Y247.553
G1 X85.581 Y249.153
G1 X84.221 Y249.715
G1 X83.700 Y251.115
G1 X82.109 Y251.445
M5
G0 X81.817 Y249.232
M3 S90
G1 X81.479 Y250.815
G1 X79.909 Y251.166
G1 X79.478 Y252.656
G1 X77.965 Y253.064
M5
G0 X84.115 Y247.687
M3 S90
G1 X84.581 Y246.232
G1 X86.317 Y246.047
G1 X86.583 Y244.392
G1 X88.166 Y244.053
G1 X88.649 Y242.616
G1 X89.909 Y241.954
G1 X90.400 Y240.524
G1 X91.812 Y240.015
M5
G0 X94.302 Y236.742
M3 S90
G1 X95.750 Y236.268
G1 X96.018 Y234.615
G1 X97.942 Y234.618
G1 X97.876 Y232.631
G1 X99.866 Y232.700
G1 X99.802 Y230.715
G1 X101.749 Y230.741
G1 X101.929 Y229.000
G1 X103.520 Y228.669
G1 X103.873 Y227.101
G1 X105.451 Y226.758
G1 X105.797 Y225.182
G1 X107.350 Y224.814
G1 X107.776 Y223.319
G1 X109.223 Y222.845
G1 X109.704 Y221.405
G1 X111.154 Y220.934
G1 X111.480 Y219.339
G1 X113.146 Y219.083
G1 X113.516 Y217.533
G1 X115.009 Y217.105
G1 X115.407 Y215.582
G1 X116.953 Y215.206
G1 X117.376 Y213.708
G1 X118.801 Y213.212
G1 X119.353 Y211.842
G1 X120.737 Y211.306
G1 X121.327 Y209.974
G1 X122.583 Y209.309
G1 X123.215 Y208.020
G1 X124.540 Y207.423
G1 X125.074 Y206.036
G1 X126.549 Y205.590
G1 X126.957 Y204.077
G1 X128.432 Y203.631
G1 X128.911 Y202.189
G1 X130.404 Y201.760
G1 X130.732 Y200.167
G1 X132.538 Y200.053
G1 X132.397 Y197.990
G1 X134.555 Y198.227
G1 X134.315 Y196.066
G1 X136.481 Y196.311
G1 X136.247 Y194.155
G1 X138.397 Y194.384
G1 X138.173 Y192.239
G1 X140.298 Y192.443
G1 X140.094 Y190.318
G1 X142.234 Y190.537
G1 X142.015 Y188.397
G1 X144.123 Y188.583
G1 X143.926 Y186.466
M5
G0 X146.623 Y185.320
M3 S90
G1 X147.174 Y183.950
G1 X148.509 Y183.364
G1 X149.183 Y182.117
G1 X150.390 Y181.402
G1 X150.936 Y180.028
G1 X152.316 Y179.486
G1 X153.056 Y178.305
G1 X154.235 Y177.563
M5
G0 X167.888 Y187.373
M3 S90
G1 X168.005 Y185.569
G1 X169.621 Y185.264
G1 X170.315 Y184.037
M5
G0 X168.459 Y191.787
M3 S90
G1 X166.873 Y192.122
G1 X166.596 Y193.766
G1 X165.198 Y194.290
M5
G0 X166.950 Y196.042
M3 S90
G1 X165.287 Y196.299
G1 X165.009 Y197.943
G1 X163.398 Y198.253
G1 X162.930 Y199.706
G1 X161.655 Y200.353
G1 X161.094 Y201.712
M5
G0 X159.959 Y200.578
M3 S90
G1 X160.051 Y198.749
G1 X161.943 Y198.719
G1 X162.053 Y196.908
G1 X163.792 Y196.725
M5
G0 X167.497 Y196.589
M3 S90
G1 X167.310 Y198.322
G1 X165.644 Y198.578
G1 X165.329 Y200.183
G1 X163.612 Y200.388
G1 X163.380 Y202.077
G1 X161.885 Y202.503
G1 X161.413 Y203.953
G1 X160.071 Y204.532
G1 X159.555 Y205.937
G1 X158.183 Y206.486
G1 X157.426 Y207.650
G1 X156.161 Y208.306
M5
G0 X155.802 Y213.711
M3 S90
G1 X157.375 Y213.363
G1 X157.648 Y211.714
G1 X159.241 Y211.386
G1 X159.499 Y209.723
G1 X161.097 Y209.400
G1 X161.668 Y208.050
G1 X162.940 Y207.401
G1 X163.557 Y206.096
G1 X164.954 Y205.573
G1 X165.448 Y204.145
G1 X166.780 Y203.556
G1 X167.191 Y202.046
G1 X168.874 Y201.808
G1 X169.097 Y200.110
G1 X170.841 Y199.932
G1 X171.028 Y198.198
G1 X172.772 Y198.021
G1 X172.949 Y196.277
G1 X174.522 Y195.929
G1 X174.848 Y194.334
G1 X176.569 Y194.133
G1 X176.907 Y192.550
M5
G0 X179.275 Y191.076
M3 S90
G1 X179.751 Y189.631
G1 X181.269 Y189.228
G1 X181.775 Y187.813
G1 X183.205 Y187.322
G1 X183.506 Y185.701
G1 X185.192 Y185.466
G1 X185.490 Y183.842
G1 X187.133 Y183.565
G1 X187.398 Y181.909
G1 X189.074 Y181.663
G1 X189.330 Y179.998
G1 X190.732 Y179.479
G1 X191.316 Y178.142
G1 X192.651 Y177.555
G1 X193.305 Y176.288
M5
G0 X195.678 Y174.819
M3 S90
G1 X196.179 Y173.399
G1 X197.524 Y172.822
G1 X198.078 Y171.455
M5
G0 X197.167 Y170.544
M3 S90
G1 X195.679 Y170.978
G1 X195.311 Y172.531
M5
G0 X205.883 Y169.654
M3 S90
G1 X206.286 Y168.137
M5
G0 X202.631 Y151.034
M3 S90
G1 X202.484 Y152.807
G1 X200.755 Y153.000
G1 X200.427 Y154.593
G1 X198.894 Y154.981
G1 X198.672 Y156.680
G1 X197.048 Y156.978
G1 X196.778 Y158.629
G1 X195.185 Y158.957
G1 X194.799 Y160.492
G1 X193.058 Y160.672
G1 X192.798 Y162.333
G1 X191.197 Y162.653
G1 X190.733 Y164.111
G1 X189.356 Y164.655
G1 X188.840 Y166.060
G1 X187.427 Y166.569
G1 X187.022 Y168.084
G1 X185.531 Y168.515
G1 X185.216 Y170.120
G1 X183.517 Y170.343
G1 X183.177 Y171.924
M5
G0 X186.933 Y152.626
M3 S90
G1 X187.421 Y151.193
G1 X188.964 Y150.815
G1 X189.546 Y149.475
G1 X190.875 Y148.884
M5
G0 X192.382 Y144.627
M3 S90
G1 X192.880 Y143.204
G1 X194.381 Y142.783
G1 X194.922 Y141.403
G1 X196.196 Y140.757
G1 X196.798 Y139.437
G1 X198.256 Y138.973
G1 X198.744 Y137.541
G1 X200.255 Y137.130
M5
G0 X201.910 Y136.865
M3 S90
G1 X203.350 Y136.384
G1 X203.658 Y134.770
G1 X205.189 Y134.380
M5
G0 X205.947 Y135.138
M3 S90
G1 X207.445 Y134.714
M5
G0 X207.277 Y136.468
M3 S90
G1 X208.684 Y135.954
G1 X209.221 Y134.569
M5
G0 X209.034 Y138.225
M3 S90
G1 X207.775 Y138.887
M5
G0 X208.832 Y139.944
M3 S90
G1 X208.496 Y141.529
G1 X206.968 Y141.922
G1 X206.640 Y143.516
G1 X205.180 Y143.977
G1 X204.721 Y145.439
G1 X203.071 Y145.710
M5
G0 X208.107 Y148.825
M3 S90
G1 X207.558 Y150.197
M5
G0 X204.443 Y139.397
M3 S90
G1 X205.918 Y138.951
M5
G0 X207.676 Y131.104
M3 S90
G1 X209.051 Y130.557
G1 X209.454 Y129.040
M5
G0 X206.429 Y118.330
M3 S90
G1 X204.849 Y118.670
M5
G0 X183.225 Y110.495
M3 S90
G1 X181.798 Y110.989
G1 X181.297 Y112.409
G1 X179.633 Y112.667
G1 X179.559 Y114.513
G1 X177.840 Y114.716
G1 X177.394 Y116.191
G1 X175.916 Y116.634
G1 X175.423 Y118.062
M5
G0 X176.224 Y115.021
M3 S90
G1 X176.575 Y113.451
G1 X178.058 Y113.012
G1 X178.326 Y111.359
G1 X180.094 Y111.206
G1 X180.432 Y109.623
M5
G0 X173.772 Y112.569
M3 S90
G1 X172.071 Y112.789
M5
G0 X109.591 Y86.811
M3 S90
G1 X109.949 Y85.248
G1 X111.788 Y85.166
G1 X111.682 Y83.139
G1 X113.737 Y83.272
G1 X113.736 Y81.351
G1 X115.222 Y80.915
G1 X115.595 Y79.367
G1 X117.514 Y79.365
G1 X117.609 Y77.538
G1 X119.415 Y77.424
G1 X119.517 Y75.605
G1 X121.254 Y75.420
G1 X121.549 Y73.794
G1 X123.235 Y73.559
G1 X123.350 Y71.752
G1 X125.053 Y71.535
G1 X125.432 Y69.992
G1 X126.897 Y69.536
G1 X127.318 Y68.035
G1 X128.911 Y67.707
G1 X129.201 Y66.077
G1 X130.757 Y65.711
G1 X131.167 Y64.201
G1 X132.622 Y63.735
G1 X133.171 Y62.362
G1 X134.586 Y61.856
G1 X134.887 Y60.235
G1 X136.603 Y60.030
G1 X136.868 Y58.374
G1 X138.476 Y58.061
G1 X138.910 Y56.574
G1 X140.295 Y56.037
G1 X140.813 Y54.635
G1 X142.233 Y54.134
G1 X142.509 Y52.488
G1 X144.230 Y52.288
G1 X144.593 Y50.730
G1 X146.171 Y50.387
G1 X146.532 Y48.826
G1 X148.009 Y48.383
G1 X148.478 Y46.930
G1 X149.860 Y46.391
G1 X150.489 Y45.100
G1 X151.771 Y44.460
M5
G0 X149.039 Y43.649
M3 S90
G1 X148.746 Y45.277
G1 X147.251 Y45.703
G1 X146.754 Y47.128
G1 X145.294 Y47.589
G1 X144.785 Y49.001
G1 X143.448 Y49.585
G1 X142.879 Y50.938
G1 X141.299 Y51.278
G1 X141.081 Y52.982
G1 X139.516 Y53.337
G1 X138.952 Y54.695
G1 X137.650 Y55.314
G1 X137.098 Y56.683
G1 X135.648 Y57.155
G1 X135.230 Y58.657
G1 X133.684 Y59.033
G1 X133.399 Y60.669
G1 X131.668 Y60.859
G1 X131.498 Y62.610
G1 X129.719 Y62.752
G1 X129.456 Y64.411
G1 X128.102 Y64.977
G1 X127.397 Y66.194
G1 X126.100 Y66.818
G1 X125.692 Y68.331
G1 X123.978 Y68.538
G1 X123.864 Y70.345
G1 X122.200 Y70.603
G1 X121.847 Y72.171
G1 X120.121 Y72.366
G1 X120.001 Y74.167
G1 X118.185 Y74.272
G1 X118.005 Y76.013
G1 X116.206 Y76.135
G1 X116.262 Y78.112
G1 X114.247 Y78.019
G1 X114.411 Y80.104
G1 X112.286 Y79.900
G1 X112.113 Y81.649
G1 X110.482 Y81.939
G1 X110.345 Y83.723
G1 X108.850 Y84.149
M5
G0 X107.376 Y86.517
M3 S90
G1 X105.936 Y86.998
G1 X105.301 Y88.285
G1 X104.077 Y88.982
G1 X103.393 Y90.218
G1 X102.161 Y90.908
G1 X101.640 Y92.308
G1 X100.067 Y92.656
G1 X99.703 Y94.214
G1 X98.156 Y94.587
G1 X97.790 Y96.143
G1 X96.219 Y96.493
G1 X95.876 Y98.071
G1 X94.278 Y98.394
G1 X93.998 Y100.035
G1 X92.329 Y100.288
G1 X92.144 Y102.024
G1 X90.360 Y102.161
G1 X90.060 Y103.782
G1 X88.612 Y104.256
G1 X88.064 Y105.628
G1 X86.764 Y106.250
G1 X86.107 Y107.514
G1 X84.863 Y108.191
G1 X84.189 Y109.438
G1 X82.939 Y110.110
G1 X82.260 Y111.351
G1 X81.031 Y112.043
G1 X80.336 Y113.270
G1 X79.110 Y113.964
G1 X78.413 Y115.189
G1 X77.193 Y115.891
G1 X76.484 Y117.102
G1 X75.272 Y117.812
G1 X74.563 Y119.023
G1 X73.341 Y119.723
G1 X72.654 Y120.957
G1 X71.397 Y121.621
G1 X70.758 Y122.903
G1 X69.439 Y123.505
G1 X68.905 Y124.892
G1 X67.409 Y125.318
G1 X67.262 Y127.092
G1 X65.426 Y127.177
G1 X65.168 Y128.840
G1 X63.600 Y129.193
G1 X63.124 Y130.638
G1 X61.641 Y131.077
G1 X61.250 Y132.607
G1 X59.690 Y132.968
G1 X59.176 Y134.375
M5
G0 X60.940 Y134.218
M3 S90
G1 X62.543 Y133.900
G1 X63.006 Y132.442
G1 X64.589 Y132.104
G1 X64.762 Y130.355
G1 X66.699 Y130.371
G1 X66.460 Y128.211
G1 X68.364 Y128.194
G1 X68.745 Y126.653
G1 X70.130 Y126.117
G1 X70.764 Y124.830
G1 X72.016 Y124.161
G1 X72.698 Y122.922
G1 X73.932 Y122.235
G1 X74.626 Y121.008
G1 X75.848 Y120.308
G1 X76.555 Y119.094
G1 X77.766 Y118.385
G1 X78.466 Y117.163
G1 X79.698 Y116.474
G1 X80.370 Y115.224
G1 X81.636 Y114.570
G1 X82.266 Y113.278
G1 X83.573 Y112.664
G1 X84.182 Y111.352
G1 X85.499 Y110.748
G1 X86.063 Y109.391
G1 X87.463 Y108.869
G1 X87.909 Y107.394
G1 X89.632 Y107.197
G1 X89.712 Y105.355
G1 X91.488 Y105.210
G1 X91.573 Y103.374
G1 X93.354 Y103.234
G1 X93.624 Y101.583
G1 X95.263 Y101.300
G1 X95.573 Y99.689
G1 X97.171 Y99.366
G1 X97.502 Y97.776
G1 X99.075 Y97.428
G1 X99.428 Y95.860
G1 X101.006 Y95.517
G1 X101.379 Y93.969
G1 X102.935 Y93.603
G1 X103.233 Y91.980
G1 X104.715 Y91.541
G1 X105.340 Y90.244
G1 X106.571 Y89.555
G1 X107.298 Y88.361
M5
G0 X119.714 Y58.511
M3 S90
G1 X118.450 Y59.168
G1 X117.851 Y60.490
G1 X116.529 Y61.089
G1 X115.929 Y62.411
G1 X114.595 Y62.997
G1 X114.026 Y64.350
G1 X112.621 Y64.866
G1 X112.132 Y66.298
G1 X110.742 Y66.830
G1 X110.186 Y68.194
G1 X108.826 Y68.756
G1 X108.302 Y70.153
G1 X106.817 Y70.589
G1 X106.487 Y72.180
G1 X104.886 Y72.500
G1 X104.422 Y73.958
G1 X103.060 Y74.517
G1 X102.479 Y75.856
G1 X101.174 Y76.473
G1 X100.535 Y77.755
G1 X99.251 Y78.392
G1 X98.626 Y79.689
G1 X97.317 Y80.300
G1 X96.690 Y81.595
G1 X95.428 Y82.254
G1 X94.754 Y83.501
G1 X93.510 Y84.178
G1 X92.828 Y85.417
G1 X91.252 Y85.763
G1 X91.050 Y87.481
G1 X89.587 Y87.940
G1 X88.998 Y89.272
G1 X87.741 Y89.936
G1 X87.082 Y91.198
G1 X85.802 Y91.840
G1 X85.176 Y93.134
G1 X83.866 Y93.746
G1 X83.270 Y95.070
G1 X81.923 Y95.645
G1 X81.366 Y97.009
G1 X80.001 Y97.566
G1 X79.452 Y98.938
G1 X78.055 Y99.462
G1 X77.554 Y100.882
G1 X76.119 Y101.368
G1 X75.658 Y102.828
G1 X74.168 Y103.259
G1 X73.764 Y104.777
G1 X72.204 Y105.137
G1 X71.913 Y106.768
G1 X70.373 Y107.149
G1 X69.884 Y108.581
G1 X68.387 Y109.005
G1 X68.139 Y110.678
G1 X66.463 Y110.923
G1 X65.911 Y112.293
G1 X64.459 Y112.762
M5
G0 X63.198 Y115.343
M3 S90
G1 X61.683 Y115.749
M5
G0 X53.117 Y103.341
M3 S90
G1 X55.092 Y103.394
G1 X55.184 Y101.565
G1 X57.073 Y101.534
G1 X57.007 Y99.546
G1 X58.808 Y99.427
G1 X58.968 Y97.665
G1 X60.499 Y97.275
G1 X61.120 Y95.975
G1 X62.525 Y95.459
G1 X62.951 Y93.964
G1 X64.617 Y93.708
G1 X64.644 Y91.814
G1 X66.262 Y91.511
G1 X66.753 Y90.081
G1 X68.535 Y89.941
G1 X68.561 Y88.047
G1 X70.375 Y87.940
G1 X70.581 Y86.224
G1 X72.452 Y86.174
G1 X72.293 Y84.094
G1 X74.436 Y84.316
G1 X74.159 Y82.118
G1 X76.106 Y82.144
G1 X76.291 Y80.408
G1 X78.030 Y80.225
G1 X78.245 Y78.519
G1 X79.906 Y78.259
G1 X80.174 Y76.605
G1 X81.837 Y76.348
G1 X82.113 Y74.702
G1 X83.773 Y74.441
G1 X84.029 Y72.776
G1 X85.695 Y72.520
G1 X85.930 Y70.834
G1 X87.623 Y70.607
G1 X87.783 Y68.845
G1 X89.637 Y68.778
G1 X89.669 Y66.889
G1 X91.528 Y66.827
G1 X91.608 Y64.985
G1 X93.387 Y64.843
G1 X93.532 Y63.067
G1 X95.358 Y62.972
G1 X95.483 Y61.176
G1 X97.252 Y61.023
G1 X97.537 Y59.388
G1 X99.055 Y58.984
G1 X99.428 Y57.436
G1 X101.051 Y57.138
G1 X101.294 Y55.460
G1 X103.048 Y55.293
G1 X103.130 Y53.454
G1 X104.823 Y53.226
G1 X105.244 Y51.726
G1 X106.810 Y51.370
G1 X107.060 Y49.699
G1 X108.751 Y49.469
G1 X109.059 Y47.856
G1 X110.562 Y47.437
G1 X110.985 Y45.940
G1 X112.528 Y45.561
G1 X112.894 Y44.006
M5
G0 X111.250 Y44.284
M3 S90
G1 X109.537 Y44.491
G1 X109.390 Y46.265
G1 X107.555 Y46.352
G1 X107.606 Y48.324
G1 X105.732 Y48.371
G1 X105.618 Y50.178
G1 X103.909 Y50.390
G1 X103.521 Y51.923
G1 X102.058 Y52.382
G1 X101.554 Y53.799
G1 X100.117 Y54.283
G1 X99.759 Y55.846
G1 X98.128 Y56.136
G1 X97.960 Y57.890
G1 X96.051 Y57.902
G1 X96.044 Y59.816
G1 X94.188 Y59.881
G1 X94.131 Y61.745
G1 X92.226 Y61.762
G1 X92.250 Y63.706
G1 X90.343 Y63.720
G1 X90.273 Y65.572
G1 X88.407 Y65.627
G1 X88.345 Y67.486
G1 X86.508 Y67.570
G1 X86.338 Y69.322
G1 X84.655 Y69.559
G1 X84.402 Y71.228
G1 X82.759 Y71.506
G1 X82.471 Y73.139
G1 X80.817 Y73.407
G1 X80.567 Y75.078
G1 X78.896 Y75.328
G1 X78.641 Y76.994
G1 X76.930 Y77.204
G1 X76.765 Y78.960
G1 X75.001 Y79.117
G1 X74.676 Y80.713
G1 X73.223 Y81.182
G1 X73.136 Y83.016
G1 X71.071 Y82.872
G1 X71.165 Y84.887
G1 X69.080 Y84.723
G1 X68.864 Y86.429
G1 X67.121 Y86.606
G1 X67.297 Y88.704
G1 X65.282 Y88.610
G1 X65.145 Y90.394
G1 X63.740 Y90.910
G1 X63.129 Y92.220
G1 X61.485 Y92.498
G1 X61.361 Y94.294
G1 X59.727 Y94.582
G1 X59.314 Y96.090
G1 X57.989 Y96.686
G1 X57.782 Y98.400
G1 X55.729 Y98.269
G1 X55.690 Y100.150
G1 X53.745 Y100.127
G1 X53.691 Y101.994
G1 X52.216 Y102.440
G1 X51.810 Y103.955
G1 X49.916 Y103.982
G1 X49.851 Y105.839
G1 X48.082 Y105.991
G1 X48.038 Y107.868
G1 X46.191 Y107.942
G1 X45.974 Y109.646
G1 X44.504 Y110.097
M5
G0 X45.342 Y105.172
M3 S90
G1 X43.603 Y105.354
G1 X43.471 Y107.143
G1 X41.886 Y107.479
G1 X41.392 Y108.906
G1 X39.937 Y109.373
G1 X39.541 Y110.898
G1 X37.950 Y111.228
G1 X37.803 Y113.002
G1 X35.889 Y113.009
G1 X35.734 Y114.775
G1 X34.023 Y114.985
G1 X33.845 Y116.729
G1 X32.222 Y117.027
G1 X31.947 Y118.673
G1 X30.165 Y118.813
G1 X29.928 Y120.496
G1 X28.407 Y120.897
G1 X27.939 Y122.349
M5
G0 X29.349 Y123.760
M3 S90
G1 X29.509 Y121.999
G1 X31.185 Y121.754
G1 X31.533 Y120.181
G1 X33.172 Y119.898
G1 X33.462 Y118.267
G1 X35.233 Y118.117
G1 X35.238 Y116.200
G1 X37.129 Y116.171
G1 X37.171 Y114.292
G1 X38.907 Y114.107
G1 X39.185 Y112.463
G1 X40.952 Y112.308
G1 X41.096 Y110.532
G1 X42.825 Y110.340
G1 X42.880 Y108.473
G1 X44.515 Y108.188
G1 X44.896 Y106.647
G1 X46.805 Y106.635
G1 X46.707 Y104.616
G1 X48.634 Y104.621
G1 X48.723 Y102.790
G1 X50.492 Y102.637
G1 X50.617 Y100.841
G1 X52.393 Y100.696
G1 X52.470 Y98.852
G1 X54.442 Y98.903
M5
G0 X55.744 Y96.362
M3 S90
G1 X57.121 Y95.818
G1 X57.404 Y94.180
G1 X59.122 Y93.977
G1 X59.322 Y92.256
G1 X60.835 Y91.848
G1 X61.472 Y90.563
G1 X62.977 Y90.147
G1 X63.152 Y88.401
G1 X65.089 Y88.417
G1 X64.910 Y86.317
G1 X67.020 Y86.506
G1 X66.924 Y84.489
G1 X68.766 Y84.409
G1 X69.029 Y82.751
G1 X70.524 Y82.325
G1 X71.050 Y80.930
G1 X72.548 Y80.506
G1 X72.811 Y78.848
G1 X74.499 Y78.615
G1 X74.734 Y76.929
G1 X76.450 Y76.724
G1 X76.623 Y74.976
G1 X78.301 Y74.733
G1 X78.559 Y73.069
G1 X80.222 Y72.812
G1 X80.523 Y71.191
G1 X82.149 Y70.896
G1 X82.449 Y69.275
G1 X84.055 Y68.959
G1 X84.338 Y67.321
G1 X86.071 Y67.134
G1 X86.178 Y65.320
G1 X88.023 Y65.243
G1 X88.085 Y63.383
G1 X89.984 Y63.362
G1 X89.950 Y61.407
G1 X91.903 Y61.438
G1 X91.854 Y59.468
G1 X93.892 Y59.584
G1 X93.828 Y57.600
G1 X95.665 Y57.515
G1 X95.812 Y55.741
G1 X97.653 Y55.662
G1 X97.635 Y53.722
G1 X99.396 Y53.562
G1 X99.704 Y51.949
G1 X101.388 Y51.712
G1 X101.580 Y49.983
G1 X103.276 Y49.758
G1 X103.642 Y48.202
G1 X105.185 Y47.824
G1 X105.493 Y46.211
G1 X107.139 Y45.936
G1 X107.326 Y44.202
G1 X108.980 Y43.934
M5
G0 X105.836 Y44.633
M3 S90
G1 X104.175 Y44.893
G1 X103.985 Y46.624
G1 X102.164 Y46.724
G1 X102.152 Y48.633
G1 X100.268 Y48.670
G1 X100.108 Y50.431
G1 X98.457 Y50.702
G1 X98.179 Y52.345
G1 X96.345 Y52.432
G1 X96.373 Y54.382
G1 X94.519 Y54.449
G1 X94.387 Y56.238
G1 X92.530 Y56.302
G1 X92.519 Y58.211
G1 X90.614 Y58.228
G1 X90.640 Y60.175
G1 X88.685 Y60.142
G1 X88.689 Y62.066
G1 X86.804 Y62.103
G1 X86.720 Y63.940
G1 X84.913 Y64.055
G1 X84.756 Y65.818
G1 X83.047 Y66.031
G1 X82.790 Y67.694
G1 X81.149 Y67.975
G1 X80.869 Y69.615
G1 X79.218 Y69.886
G1 X78.960 Y71.549
G1 X77.302 Y71.812
G1 X77.064 Y73.495
G1 X75.345 Y73.698
G1 X75.155 Y75.429
G1 X73.409 Y75.604
G1 X73.227 Y77.343
G1 X71.576 Y77.613
G1 X71.223 Y79.181
G1 X69.740 Y79.620
G1 X69.239 Y81.040
G1 X67.726 Y81.448
G1 X67.516 Y83.159
G1 X65.619 Y83.183
G1 X65.770 Y85.256
G1 X63.615 Y85.022
G1 X63.842 Y87.169
G1 X61.681 Y86.930
G1 X61.672 Y88.842
G1 X60.001 Y89.092
G1 X59.703 Y90.716
G1 X58.208 Y91.142
G1 X57.815 Y92.669
G1 X56.099 Y92.874
G1 X55.833 Y94.530
G1 X54.346 Y94.964
G1 X53.784 Y96.323
G1 X52.572 Y97.033
G1 X52.084 Y98.465
G1 X50.260 Y98.563
G1 X50.027 Y100.251
G1 X48.499 Y100.644
G1 X48.046 Y102.112
G1 X46.751 Y102.739
M5
G0 X46.709 Y96.933
M3 S90
G1 X46.524 Y98.669
G1 X44.873 Y98.939
G1 X44.753 Y100.741
G1 X43.095 Y101.004
G1 X42.820 Y102.649
G1 X40.983 Y102.734
G1 X40.873 Y104.546
G1 X39.142 Y104.736
G1 X38.952 Y106.467
G1 X37.311 Y106.747
G1 X36.853 Y108.210
G1 X35.265 Y108.543
G1 X35.137 Y110.337
G1 X33.301 Y110.421
G1 X33.209 Y112.250
G1 X31.540 Y112.503
G1 X31.368 Y114.252
G1 X29.745 Y114.550
M5
G0 X28.484 Y117.131
M3 S90
G1 X26.672 Y117.241
G1 X26.397 Y118.886
M5
G0 X23.637 Y119.969
M3 S90
G1 X23.718 Y121.971
G1 X21.726 Y121.900
G1 X21.732 Y123.827
G1 X19.931 Y123.947
G1 X19.763 Y125.701
G1 X18.062 Y125.921
G1 X17.797 Y127.577
G1 X16.156 Y127.857
G1 X15.866 Y129.488
G1 X14.054 Y129.598
G1 X14.062 Y131.527
G1 X12.248 Y131.634
G1 X12.119 Y133.426
G1 X10.327 Y133.555
G1 X10.130 Y135.279
G1 X8.424 Y135.494
G1 X8.229 Y137.220
G1 X6.475 Y137.388
G1 X6.355 Y139.189
G1 X4.556 Y139.311
G1 X4.296 Y140.972
G1 X2.783 Y141.381
G1 X2.184 Y142.703
G1 X0.887 Y143.327
M5
G0 X0.552 Y141.071
M3 S90
G1 X2.045 Y140.643
M5
G0 X1.578 Y138.254
M3 S90
G1 X0.298 Y138.896
M5
G0 X-0.114 Y136.562
M3 S90
G1 X1.404 Y136.159
G1 X1.789 Y134.623
G1 X3.342 Y134.255
G1 X3.698 Y132.690
G1 X5.316 Y132.387
G1 X5.561 Y130.711
G1 X7.355 Y130.584
G1 X7.420 Y128.727
G1 X9.176 Y128.562
G1 X9.371 Y126.836
G1 X11.127 Y126.671
G1 X11.270 Y124.892
G1 X12.971 Y124.672
G1 X13.374 Y123.154
G1 X15.037 Y122.896
G1 X15.288 Y121.226
G1 X16.956 Y120.973
G1 X17.169 Y119.264
G1 X18.734 Y118.909
G1 X18.974 Y117.228
G1 X20.532 Y116.864
G1 X21.011 Y115.422
G1 X22.474 Y114.963
G1 X23.003 Y113.571
G1 X24.593 Y113.240
G1 X24.783 Y111.509
G1 X26.572 Y111.377
G1 X26.840 Y109.724
G1 X28.393 Y109.355
G1 X28.851 Y107.893
G1 X30.166 Y107.286
G1 X30.617 Y105.816
G1 X32.263 Y105.541
G1 X32.460 Y103.817
G1 X33.940 Y103.376
G1 X34.487 Y102.001
G1 X36.173 Y101.766
G1 X36.295 Y99.967
G1 X38.014 Y99.765
G1 X38.191 Y98.021
G1 X39.980 Y97.889
G1 X40.065 Y96.052
G1 X41.580 Y95.646
M5
G0 X42.197 Y96.264
M3 S90
G1 X42.386 Y98.374
G1 X40.407 Y98.315
G1 X40.300 Y100.129
G1 X38.536 Y100.287
G1 X38.296 Y101.968
G1 X36.594 Y102.188
G1 X36.472 Y103.987
G1 X34.688 Y104.124
G1 X34.303 Y105.659
G1 X32.807 Y106.085
G1 X32.632 Y107.832
G1 X30.841 Y107.961
G1 X30.591 Y109.632
G1 X29.060 Y110.023
G1 X28.624 Y111.508
G1 X27.044 Y111.849
G1 X26.648 Y113.374
G1 X25.213 Y113.860
G1 X24.913 Y115.481
G1 X23.071 Y115.561
G1 X22.838 Y117.249
G1 X21.429 Y117.760
G1 X20.817 Y119.070
G1 X19.352 Y119.526
G1 X19.106 Y121.202
G1 X17.556 Y121.573
G1 X16.969 Y122.907
G1 X15.665 Y123.524
G1 X15.337 Y125.117
G1 X13.485 Y125.187
G1 X13.366 Y126.988
G1 X11.617 Y127.160
G1 X11.437 Y128.902
G1 X9.706 Y129.092
G1 X9.518 Y130.825
G1 X7.767 Y130.995
G1 X7.575 Y132.724
G1 X5.843 Y132.914
G1 X5.701 Y134.693
G1 X4.070 Y134.983
M5
G0 X3.236 Y137.991
M3 S90
G1 X5.073 Y137.907
G1 X5.192 Y136.105
G1 X6.951 Y135.943
G1 X7.126 Y134.196
G1 X8.819 Y133.969
G1 X9.037 Y132.265
G1 X10.788 Y132.095
G1 X11.001 Y130.387
G1 X12.740 Y130.204
G1 X12.862 Y128.405
G1 X14.696 Y128.318
G1 X14.881 Y126.582
G1 X16.451 Y126.231
G1 X16.742 Y124.601
M5
G0 X19.376 Y123.392
M3 S90
G1 X19.581 Y121.676
M5
G0 X21.304 Y125.320
M3 S90
G1 X21.056 Y126.994
G1 X19.297 Y127.156
G1 X19.072 Y128.852
G1 X17.559 Y129.260
G1 X17.173 Y130.796
G1 X15.492 Y131.036
G1 X15.285 Y132.749
G1 X13.486 Y132.872
G1 X13.391 Y134.698
G1 X11.590 Y134.818
G1 X11.508 Y136.657
G1 X9.644 Y136.714
G1 X9.574 Y138.566
G1 X7.700 Y138.613
G1 X7.693 Y140.527
G1 X5.937 Y140.692
G1 X5.671 Y142.348
G1 X3.880 Y142.478
G1 X3.567 Y144.086
G1 X2.263 Y144.702
G1 X1.563 Y145.924
G1 X0.339 Y146.621
M5
G0 X4.087 Y146.527
M3 S90
G1 X4.210 Y144.728
G1 X6.026 Y144.624
G1 X6.183 Y142.860
G1 X7.920 Y142.675
G1 X8.137 Y140.971
G1 X9.826 Y140.739
G1 X9.940 Y138.932
G1 X11.782 Y138.853
G1 X11.904 Y137.054
G1 X13.746 Y136.974
G1 X13.813 Y135.120
G1 X15.368 Y134.754
G1 X15.727 Y133.191
G1 X17.302 Y132.846
G1 X17.816 Y131.438
G1 X19.349 Y131.050
G1 X19.627 Y129.407
G1 X21.124 Y128.983
G1 X21.663 Y127.601
G1 X23.184 Y127.200
G1 X23.436 Y125.532
G1 X25.376 Y125.550
G1 X25.435 Y123.688
M5
G0 X24.015 Y124.190
M3 S90
G1 X24.200 Y122.453
G1 X25.904 Y122.236
G1 X26.129 Y120.540
G1 X27.629 Y120.119
G1 X27.917 Y118.486
G1 X29.756 Y118.404
G1 X29.781 Y116.507
G1 X31.572 Y116.377
G1 X31.842 Y114.726
G1 X33.543 Y114.506
G1 X33.563 Y112.604
G1 X35.660 Y112.781
G1 X35.544 Y110.743
G1 X37.514 Y110.792
G1 X37.646 Y109.003
G1 X39.264 Y108.700
G1 X39.464 Y106.979
G1 X41.215 Y106.809
G1 X41.277 Y104.950
G1 X43.177 Y104.928
G1 X43.407 Y103.237
G1 X44.857 Y102.766
G1 X45.258 Y101.245
G1 X46.889 Y100.955
G1 X47.194 Y99.339
G1 X49.011 Y99.235
G1 X49.032 Y97.335
G1 X50.723 Y97.105
G1 X51.265 Y95.725
G1 X52.604 Y95.144
G1 X53.020 Y93.638
G1 X54.618 Y93.315
G1 X54.859 Y91.635
G1 X56.555 Y91.409
G1 X56.950 Y89.884
G1 X58.421 Y89.433
G1 X58.819 Y87.910
G1 X60.668 Y87.838
G1 X60.609 Y85.858
G1 X62.295 Y85.623
G1 X62.593 Y84.000
G1 X64.209 Y83.695
G1 X64.477 Y82.041
G1 X66.110 Y81.753
G1 X66.466 Y80.188
G1 X68.310 Y80.111
G1 X68.073 Y77.953
G1 X70.035 Y77.994
G1 X70.225 Y76.263
G1 X71.977 Y76.093
G1 X72.162 Y74.357
G1 X73.915 Y74.189
G1 X73.822 Y72.174
G1 X76.015 Y72.446
G1 X75.878 Y70.389
G1 X77.682 Y70.272
G1 X77.943 Y68.611
G1 X79.578 Y68.325
G1 X79.864 Y66.690
G1 X81.527 Y66.432
G1 X81.772 Y64.756
G1 X83.453 Y64.516
G1 X83.666 Y62.807
G1 X85.417 Y62.637
G1 X85.537 Y60.836
G1 X87.396 Y60.774
G1 X87.418 Y58.874
G1 X89.345 Y58.880
G1 X89.342 Y56.956
G1 X91.241 Y56.934
G1 X91.263 Y55.035
G1 X93.170 Y55.020
G1 X93.184 Y53.113
G1 X95.068 Y53.076
G1 X95.125 Y51.212
G1 X96.894 Y51.060
G1 X97.199 Y49.444
G1 X98.652 Y48.976
G1 X99.226 Y47.629
G1 X100.573 Y47.054
G1 X101.019 Y45.579
G1 X102.647 Y45.286
G1 X102.893 Y43.610
M5
G0 X100.800 Y43.439
M3 S90
G1 X100.309 Y44.869
G1 X98.927 Y45.408
G1 X98.360 Y46.763
G1 X96.963 Y47.286
G1 X96.532 Y48.777
G1 X94.951 Y49.117
G1 X94.744 Y50.831
G1 X92.877 Y50.885
G1 X92.860 Y52.790
G1 X90.948 Y52.799
G1 X90.929 Y54.701
G1 X89.037 Y54.730
G1 X88.995 Y56.609
G1 X87.111 Y56.646
G1 X87.084 Y58.541
G1 X85.212 Y58.590
G1 X85.123 Y60.422
G1 X83.334 Y60.554
G1 X83.151 Y62.293
G1 X81.468 Y62.530
G1 X81.178 Y64.161
G1 X79.562 Y64.466
G1 X79.294 Y66.120
G1 X77.648 Y66.395
G1 X77.451 Y68.119
G1 X75.539 Y68.128
G1 X75.519 Y70.030
G1 X73.630 Y70.062
G1 X73.774 Y72.127
G1 X71.696 Y71.970
G1 X71.652 Y73.847
G1 X69.881 Y73.997
G1 X69.661 Y75.698
G1 X67.829 Y75.788
G1 X68.011 Y77.890
G1 X65.833 Y77.633
G1 X66.074 Y79.796
G1 X64.044 Y79.688
G1 X64.028 Y81.592
G1 X62.196 Y81.682
G1 X62.051 Y83.458
G1 X60.320 Y83.648
G1 X60.170 Y85.419
G1 X58.469 Y85.639
G1 X58.420 Y87.511
G1 X56.520 Y87.533
G1 X56.461 Y89.395
G1 X54.506 Y89.361
G1 X54.424 Y91.200
G1 X52.620 Y91.318
G1 X52.325 Y92.943
G1 X50.647 Y93.186
G1 X50.426 Y94.887
M5
G0 X44.841 Y95.065
M3 S90
G1 X45.355 Y93.658
G1 X46.820 Y93.202
G1 X47.457 Y91.918
G1 X49.023 Y91.562
G1 X48.909 Y89.527
G1 X50.836 Y89.533
G1 X51.262 Y88.038
G1 X52.571 Y87.426
G1 X53.042 Y85.976
G1 X54.590 Y85.603
G1 X54.971 Y84.062
G1 X56.401 Y83.571
G1 X56.782 Y82.031
G1 X58.561 Y81.888
G1 X58.655 Y80.062
G1 X60.512 Y79.997
G1 X60.471 Y78.035
G1 X62.431 Y78.074
G1 X62.475 Y76.197
G1 X64.312 Y76.112
G1 X64.399 Y74.278
G1 X66.235 Y74.194
G1 X66.395 Y72.432
G1 X68.350 Y72.466
G1 X68.344 Y70.539
G1 X69.972 Y70.246
G1 X70.293 Y68.645
G1 X72.044 Y68.475
G1 X72.046 Y66.556
G1 X74.023 Y66.612
G1 X73.919 Y64.587
G1 X75.931 Y64.678
G1 X75.885 Y62.711
G1 X77.709 Y62.614
G1 X77.952 Y60.936
G1 X79.588 Y60.650
G1 X79.866 Y59.007
G1 X81.564 Y58.784
G1 X81.729 Y57.028
G1 X83.526 Y56.903
G1 X83.620 Y55.077
G1 X85.467 Y55.002
G1 X85.539 Y53.153
G1 X87.373 Y53.066
G1 X87.438 Y51.209
G1 X89.342 Y51.193
G1 X89.331 Y49.261
G1 X91.260 Y49.269
G1 X91.287 Y47.375
G1 X93.162 Y47.328
G1 X93.334 Y45.579
G1 X94.927 Y45.251
G1 X95.293 Y43.695
M5
G0 X93.672 Y43.996
M3 S90
G1 X92.016 Y44.261
G1 X91.944 Y46.110
G1 X89.980 Y46.067
G1 X89.995 Y48.004
G1 X88.041 Y47.970
G1 X88.084 Y49.935
G1 X86.130 Y49.902
G1 X86.136 Y51.829
G1 X84.229 Y51.843
G1 X84.214 Y53.750
G1 X82.315 Y53.772
G1 X82.251 Y55.628
G1 X80.427 Y55.725
G1 X80.279 Y57.499
G1 X78.563 Y57.704
G1 X78.310 Y59.373
G1 X76.449 Y59.432
G1 X76.567 Y61.472
G1 X74.568 Y61.393
G1 X74.671 Y63.418
G1 X72.684 Y63.352
G1 X72.783 Y65.372
G1 X70.703 Y65.213
G1 X70.839 Y67.271
G1 X68.882 Y67.235
G1 X68.782 Y69.056
G1 X66.998 Y69.193
G1 X66.936 Y71.053
G1 X65.020 Y71.057
G1 X64.932 Y72.891
G1 X63.091 Y72.971
G1 X63.024 Y74.825
G1 X61.255 Y74.977
G1 X61.073 Y76.716
G1 X59.296 Y76.861
G1 X59.350 Y78.835
G1 X57.398 Y78.804
G1 X57.288 Y80.616
G1 X55.497 Y80.746
G1 X55.244 Y82.414
G1 X53.779 Y82.870
G1 X53.242 Y84.255
G1 X51.755 Y84.688
G1 X51.324 Y86.178
G1 X49.906 Y86.682
G1 X49.347 Y88.044
G1 X48.028 Y88.646
G1 X47.368 Y89.908
G1 X46.117 Y90.577
M5
G0 X45.175 Y89.636
M3 S90
G1 X45.760 Y88.299
G1 X47.079 Y87.697
G1 X47.630 Y86.328
G1 X49.136 Y85.912
G1 X49.326 Y84.181
G1 X50.992 Y83.925
G1 X51.370 Y82.382
G1 X53.149 Y82.240
G1 X53.258 Y80.429
G1 X55.032 Y80.281
G1 X55.097 Y78.425
G1 X56.888 Y78.295
G1 X56.912 Y76.398
G1 X58.875 Y76.439
G1 X58.997 Y74.640
G1 X60.758 Y74.480
G1 X60.933 Y72.734
G1 X62.679 Y72.559
G1 X62.852 Y70.810
G1 X64.756 Y70.793
G1 X64.723 Y68.839
G1 X66.662 Y68.857
G1 X66.631 Y66.905
G1 X68.546 Y66.898
G1 X68.455 Y64.886
G1 X70.525 Y65.035
G1 X70.396 Y62.985
G1 X72.398 Y63.066
G1 X72.292 Y61.039
G1 X74.394 Y61.220
G1 X74.185 Y59.090
G1 X76.311 Y59.294
G1 X76.071 Y57.134
G1 X77.946 Y57.087
G1 X78.256 Y55.476
G1 X79.947 Y55.246
G1 X80.147 Y53.525
G1 X81.913 Y53.370
G1 X82.036 Y51.571
G1 X83.862 Y51.476
G1 X83.919 Y49.612
G1 X85.824 Y49.595
G1 X85.808 Y47.658
G1 X87.750 Y47.679
G1 X87.729 Y45.737
G1 X89.648 Y45.735
G1 X89.655 Y43.821
M5
G0 X88.373 Y44.460
M3 S90
G1 X86.441 Y44.450
G1 X86.467 Y46.397
G1 X84.528 Y46.378
G1 X84.546 Y48.318
G1 X82.634 Y48.327
G1 X82.590 Y50.204
G1 X80.771 Y50.306
G1 X80.628 Y52.085
G1 X78.887 Y52.265
G1 X78.649 Y53.948
G1 X76.908 Y54.128
G1 X76.871 Y56.012
G1 X74.992 Y56.054
G1 X75.028 Y58.011
G1 X72.898 Y57.802
G1 X73.139 Y59.965
G1 X70.967 Y59.713
G1 X71.196 Y61.864
G1 X69.111 Y61.700
G1 X69.199 Y63.710
G1 X67.217 Y63.649
G1 X67.215 Y65.568
G1 X65.296 Y65.570
G1 X65.385 Y67.580
G1 X63.470 Y67.586
G1 X63.448 Y69.486
G1 X61.469 Y69.427
G1 X61.412 Y71.291
G1 X59.633 Y71.434
G1 X59.465 Y73.187
G1 X57.749 Y73.392
G1 X57.549 Y75.114
G1 X55.780 Y75.266
G1 X55.729 Y77.135
G1 X53.681 Y77.009
G1 X53.747 Y78.996
G1 X51.926 Y79.096
G1 X51.816 Y80.907
G1 X50.022 Y81.034
G1 X49.757 Y82.690
G1 X48.249 Y83.104
G1 X47.908 Y84.684
G1 X46.237 Y84.935
G1 X45.965 Y86.583
G1 X44.389 Y86.928
G1 X43.855 Y88.316
G1 X42.608 Y88.990
G1 X42.055 Y90.357
G1 X40.730 Y90.954
M5
G0 X40.676 Y88.979
M3 S90
G1 X39.247 Y89.471
M5
G0 X37.541 Y89.686
M3 S90
G1 X37.746 Y87.970
G1 X39.356 Y87.659
G1 X39.945 Y86.327
G1 X41.275 Y85.735
G1 X41.726 Y84.265
G1 X43.234 Y83.852
G1 X43.409 Y82.106
G1 X45.288 Y82.064
G1 X45.618 Y80.473
G1 X47.350 Y80.283
G1 X47.467 Y78.479
G1 X49.236 Y78.327
G1 X49.481 Y76.651
G1 X51.064 Y76.313
G1 X51.372 Y74.700
G1 X53.023 Y74.429
G1 X53.225 Y72.711
G1 X55.082 Y72.646
G1 X55.116 Y70.759
G1 X56.981 Y70.703
G1 X57.005 Y68.806
G1 X58.909 Y68.789
G1 X58.911 Y66.869
G1 X60.825 Y66.863
G1 X60.882 Y64.999
G1 X62.671 Y64.866
G1 X62.686 Y62.959
G1 X64.740 Y63.093
G1 X64.682 Y61.114
G1 X66.704 Y61.215
G1 X66.493 Y59.082
G1 X68.658 Y59.326
G1 X68.492 Y57.239
G1 X70.466 Y57.292
G1 X70.543 Y55.448
G1 X72.287 Y55.270
G1 X72.414 Y53.477
G1 X74.186 Y53.327
G1 X74.398 Y51.618
G1 X76.122 Y51.421
G1 X76.267 Y49.644
G1 X78.071 Y49.527
G1 X78.180 Y47.716
G1 X80.055 Y47.669
G1 X80.054 Y45.747
G1 X81.996 Y45.768
G1 X81.952 Y43.803
M5
G0 X80.706 Y44.477
M3 S90
G1 X78.784 Y44.477
G1 X78.759 Y46.374
G1 X76.928 Y46.463
G1 X76.881 Y48.337
G1 X74.964 Y48.342
G1 X74.857 Y50.156
G1 X73.053 Y50.273
G1 X72.908 Y52.049
G1 X71.225 Y52.287
G1 X71.057 Y54.041
G1 X69.193 Y54.098
G1 X69.236 Y56.062
G1 X67.131 Y55.878
G1 X67.348 Y58.016
G1 X65.275 Y57.865
G1 X65.371 Y59.882
G1 X63.377 Y59.808
G1 X63.425 Y61.778
G1 X61.481 Y61.755
G1 X61.484 Y63.679
G1 X59.565 Y63.681
G1 X59.477 Y65.515
G1 X57.731 Y65.690
G1 X57.679 Y67.559
G1 X55.767 Y67.568
G1 X55.710 Y69.432
G1 X53.781 Y69.424
G1 X53.742 Y71.306
G1 X51.905 Y71.391
G1 X51.866 Y73.272
G1 X50.039 Y73.367
G1 X49.819 Y75.068
G1 X48.181 Y75.351
G1 X47.843 Y76.934
G1 X45.973 Y76.986
G1 X45.941 Y78.875
G1 X44.190 Y79.045
G1 X44.301 Y81.077
G1 X42.236 Y80.934
G1 X42.117 Y82.735
G1 X40.463 Y83.003
G1 X40.002 Y84.463
G1 X38.592 Y84.974
G1 X38.395 Y86.698
G1 X36.704 Y86.928
G1 X36.147 Y88.293
G1 X34.956 Y89.022
G1 X34.234 Y90.221
G1 X32.942 Y90.851
M5
G0 X33.087 Y89.074
M3 S90
G1 X31.745 Y89.653
G1 X31.045 Y90.875
G1 X29.811 Y91.562
M5
G0 X28.072 Y91.744
M3 S90
G1 X26.592 Y92.185
M5
G0 X23.896 Y89.490
M3 S90
G1 X23.536 Y91.050
G1 X22.123 Y91.559
M5
G0 X22.316 Y89.830
M3 S90
G1 X20.748 Y90.183
M5
G0 X18.537 Y89.894
M3 S90
G1 X19.992 Y89.428
G1 X20.519 Y88.033
G1 X21.728 Y87.321
G1 X22.450 Y86.122
G1 X23.661 Y85.412
G1 X24.256 Y84.085
G1 X25.635 Y83.544
G1 X26.084 Y82.071
G1 X27.629 Y81.696
G1 X28.085 Y80.231
G1 X29.706 Y79.930
G1 X29.949 Y78.252
G1 X31.730 Y78.112
G1 X31.913 Y76.373
G1 X33.340 Y75.879
G1 X33.846 Y74.465
G1 X35.239 Y73.936
G1 X35.780 Y72.556
G1 X37.340 Y72.195
G1 X37.623 Y70.557
G1 X39.274 Y70.287
G1 X39.492 Y68.583
G1 X41.230 Y68.401
G1 X41.418 Y66.667
G1 X43.142 Y66.469
G1 X43.359 Y64.766
G1 X45.088 Y64.573
G1 X45.253 Y62.817
G1 X46.981 Y62.625
G1 X47.104 Y60.826
G1 X48.975 Y60.776
G1 X48.992 Y58.872
G1 X50.944 Y58.903
G1 X50.953 Y56.991
G1 X52.742 Y56.859
G1 X52.962 Y55.158
G1 X54.671 Y54.945
G1 X54.816 Y53.169
G1 X56.673 Y53.104
G1 X56.750 Y51.260
G1 X58.521 Y51.110
G1 X58.590 Y49.258
G1 X60.603 Y49.350
G1 X60.494 Y47.320
G1 X62.549 Y47.454
G1 X62.465 Y45.449
G1 X64.342 Y45.404
G1 X64.412 Y43.553
M5
G0 X62.161 Y43.223
M3 S90
G1 X62.049 Y45.032
G1 X60.174 Y45.079
G1 X60.090 Y46.916
G1 X58.246 Y46.993
G1 X58.136 Y48.804
G1 X56.505 Y49.095
G1 X56.303 Y50.813
G1 X54.569 Y51.001
G1 X54.412 Y52.764
G1 X52.635 Y52.909
G1 X52.430 Y54.625
G1 X50.719 Y54.835
G1 X50.487 Y56.524
G1 X48.708 Y56.666
G1 X48.703 Y58.583
G1 X46.792 Y58.592
G1 X46.742 Y60.464
G1 X44.883 Y60.526
G1 X44.781 Y62.345
G1 X42.994 Y62.480
G1 X42.822 Y64.229
G1 X41.061 Y64.389
G1 X40.851 Y66.100
G1 X39.155 Y66.325
G1 X38.965 Y68.056
G1 X37.231 Y68.243
G1 X37.069 Y70.002
G1 X35.410 Y70.265
G1 X35.180 Y71.956
G1 X33.607 Y72.304
G1 X32.983 Y73.601
G1 X31.648 Y74.188
G1 X31.124 Y75.585
G1 X29.559 Y75.941
G1 X29.334 Y77.637
G1 X27.818 Y78.043
G1 X27.214 Y79.360
G1 X25.772 Y79.838
G1 X25.414 Y81.401
G1 X23.999 Y81.907
M5
G0 X22.504 Y84.255
M3 S90
G1 X21.177 Y84.849
G1 X20.696 Y86.289
G1 X19.063 Y86.577
G1 X18.925 Y88.361
G1 X17.066 Y88.423
G1 X16.620 Y89.898
G1 X15.185 Y90.384
G1 X14.955 Y92.075
G1 X13.204 Y92.245
G1 X13.094 Y94.057
G1 X11.263 Y94.146
G1 X11.115 Y95.920
G1 X9.357 Y96.083
G1 X9.269 Y97.917
G1 X7.503 Y98.072
G1 X7.067 Y99.557
G1 X5.718 Y100.128
G1 X5.164 Y101.496
G1 X3.691 Y101.944
G1 X3.283 Y103.457
G1 X1.943 Y104.038
G1 X1.354 Y105.371
G1 X0.032 Y105.970
M5
G0 X0.251 Y108.110
M3 S90
G1 X1.756 Y107.694
G1 X2.147 Y106.164
G1 X3.575 Y105.670
G1 X4.206 Y104.381
G1 X5.764 Y104.017
G1 X6.057 Y102.389
G1 X7.620 Y102.031
G1 X7.715 Y100.204
G1 X9.587 Y100.155
G1 X9.669 Y98.316
G1 X11.485 Y98.211
G1 X11.557 Y96.362
G1 X13.426 Y96.310
G1 X13.503 Y94.466
G1 X15.327 Y94.369
G1 X15.329 Y92.449
G1 X17.038 Y92.237
M5
G0 X18.541 Y93.740
M3 S90
G1 X16.597 Y93.717
G1 X16.665 Y95.707
G1 X14.753 Y95.716
G1 X14.744 Y97.628
G1 X12.845 Y97.650
G1 X12.788 Y99.514
G1 X10.934 Y99.581
G1 X10.867 Y101.435
G1 X8.992 Y101.482
G1 X8.966 Y103.376
G1 X7.239 Y103.571
G1 X7.047 Y105.300
G1 X5.496 Y105.671
G1 X4.794 Y106.890
G1 X3.329 Y107.346
G1 X3.094 Y109.032
G1 X1.446 Y109.305
M5
G0 X-0.206 Y113.416
M3 S90
G1 X1.319 Y113.021
G1 X1.750 Y111.530
G1 X3.263 Y111.122
G1 X3.556 Y109.494
G1 X5.337 Y109.354
G1 X5.766 Y107.861
G1 X7.256 Y107.430
G1 X7.418 Y105.671
G1 X9.257 Y105.589
G1 X9.452 Y103.863
G1 X11.071 Y103.560
G1 X11.298 Y101.867
G1 X13.022 Y101.669
G1 X13.217 Y99.943
G1 X14.936 Y99.741
G1 X15.106 Y97.989
G1 X16.935 Y97.897
G1 X17.042 Y96.083
M5
G0 X19.230 Y98.272
M3 S90
G1 X17.346 Y98.309
G1 X17.257 Y100.140
G1 X15.420 Y100.225
G1 X15.338 Y102.064
G1 X13.516 Y102.164
G1 X13.389 Y103.958
G1 X11.590 Y104.080
G1 X11.380 Y105.791
G1 X9.619 Y105.951
G1 X9.572 Y107.825
G1 X7.728 Y107.902
G1 X7.470 Y109.565
G1 X5.927 Y109.944
G1 X5.592 Y111.529
G1 X3.795 Y111.654
G1 X3.783 Y113.563
G1 X2.070 Y113.771
G1 X1.902 Y115.525
G1 X0.236 Y115.780
M5
G0 X0.420 Y117.885
M3 S90
G1 X2.137 Y117.680
G1 X2.402 Y116.024
G1 X3.990 Y115.691
G1 X4.331 Y114.111
G1 X6.114 Y113.973
G1 X6.234 Y112.172
G1 X7.870 Y111.886
G1 X8.050 Y110.145
G1 X9.859 Y110.033
G1 X9.999 Y108.252
G1 X11.798 Y108.130
G1 X11.930 Y106.341
G1 X13.714 Y106.203
G1 X13.861 Y104.430
G1 X15.678 Y104.325
G1 X15.730 Y102.456
G1 X17.594 Y102.399
G1 X17.648 Y100.532
G1 X19.409 Y100.372
G1 X19.788 Y98.829
G1 X21.321 Y98.441
G1 X21.784 Y96.983
M5
G0 X23.982 Y97.260
M3 S90
G1 X23.554 Y98.753
G1 X22.074 Y99.194
G1 X21.705 Y100.747
G1 X20.215 Y101.178
G1 X19.729 Y102.613
G1 X18.028 Y102.833
M5
G0 X19.486 Y104.291
M3 S90
G1 X21.067 Y103.951
G1 X21.262 Y102.224
G1 X22.724 Y101.766
G1 X23.228 Y100.349
G1 X24.954 Y100.153
M5
G0 X26.115 Y97.472
M3 S90
G1 X27.788 Y97.224
G1 X28.214 Y95.729
M5
G0 X29.974 Y97.488
M3 S90
G1 X28.305 Y97.741
G1 X27.982 Y99.339
G1 X26.354 Y99.632
G1 X26.056 Y101.255
G1 X24.646 Y101.767
G1 X24.027 Y103.069
M5
G0 X21.539 Y104.422
M3 S90
G1 X21.088 Y105.893
G1 X19.756 Y106.482
G1 X19.202 Y107.849
G1 X17.681 Y108.250
G1 X17.451 Y109.941
G1 X16.006 Y110.417
G1 X15.462 Y111.794
G1 X13.947 Y112.200
G1 X13.769 Y113.944
G1 X11.910 Y114.006
G1 X11.826 Y115.842
G1 X9.916 Y115.854
G1 X9.824 Y117.683
G1 X8.053 Y117.833
G1 X7.986 Y119.687
G1 X6.117 Y119.739
G1 X6.092 Y121.636
G1 X4.389 Y121.853
G1 X3.960 Y123.346
G1 X2.417 Y123.724
G1 X2.087 Y125.315
G1 X0.481 Y125.631
M5
G0 X0.325 Y123.553
M3 S90
G1 X1.772 Y123.079
G1 X1.972 Y121.358
G1 X3.832 Y121.296
G1 X4.037 Y119.580
M5
G0 X6.713 Y118.415
M3 S90
G1 X6.753 Y116.533
G1 X8.657 Y116.516
G1 X8.807 Y114.745
G1 X10.538 Y114.555
G1 X10.598 Y112.693
G1 X12.459 Y112.633
G1 X12.534 Y110.787
G1 X14.373 Y110.705
G1 X14.447 Y108.858
G1 X16.309 Y108.799
G1 X16.399 Y106.967
G1 X18.132 Y106.780
M5
G0 X16.940 Y105.587
M3 S90
G1 X15.088 Y105.657
G1 X15.024 Y107.514
G1 X13.371 Y107.781
G1 X13.095 Y109.427
G1 X11.271 Y109.524
G1 X11.184 Y111.358
G1 X9.368 Y111.463
G1 X9.143 Y113.159
G1 X7.409 Y113.347
G1 X7.334 Y115.193
G1 X5.741 Y115.521
G1 X5.072 Y116.773
G1 X3.813 Y117.435
G1 X3.399 Y118.943
G1 X1.635 Y119.100
G1 X1.345 Y120.731
G1 X-0.093 Y121.214
M5
G0 X-0.170 Y128.822
M3 S90
G1 X1.426 Y128.496
G1 X1.804 Y126.953
G1 X3.445 Y126.673
G1 X3.650 Y124.957
G1 X5.411 Y124.797
G1 X5.486 Y122.950
G1 X7.325 Y122.868
G1 X7.427 Y121.049
G1 X9.231 Y120.932
G1 X9.378 Y119.158
G1 X11.072 Y118.931
G1 X11.181 Y117.119
G1 X13.141 Y117.158
G1 X13.180 Y115.276
G1 X15.029 Y115.204
G1 X15.086 Y113.340
G1 X16.845 Y113.177
G1 X17.301 Y111.712
G1 X18.658 Y111.148
G1 X19.140 Y109.708
G1 X20.454 Y109.101
G1 X21.189 Y107.915
G1 X22.664 Y107.469
G1 X22.844 Y105.728
G1 X24.517 Y105.480
G1 X24.778 Y103.819
G1 X26.250 Y103.371
G1 X26.691 Y101.890
G1 X28.304 Y101.582
G1 X28.705 Y100.062
G1 X30.178 Y99.614
M5
G0 X31.728 Y97.321
M3 S90
G1 X33.168 Y96.840
G1 X33.363 Y95.114
G1 X34.898 Y94.728
M5
G0 X35.852 Y95.682
M3 S90
G1 X35.499 Y97.250
G1 X33.639 Y97.312
G1 X33.595 Y99.188
G1 X31.884 Y99.398
G1 X31.473 Y100.909
G1 X29.940 Y101.297
G1 X29.665 Y102.943
G1 X27.999 Y103.198
G1 X27.636 Y104.756
G1 X26.070 Y105.112
G1 X25.684 Y106.647
G1 X24.207 Y107.091
G1 X23.786 Y108.591
G1 X22.281 Y109.007
G1 X22.173 Y110.821
G1 X20.415 Y110.983
G1 X20.280 Y112.770
G1 X18.411 Y112.821
G1 X18.281 Y114.613
G1 X16.474 Y114.728
G1 X16.312 Y116.486
G1 X14.430 Y116.526
G1 X14.401 Y118.418
G1 X12.785 Y118.723
G1 X12.512 Y120.371
G1 X10.656 Y120.436
G1 X10.501 Y122.202
G1 X8.722 Y122.344
G1 X8.592 Y124.136
G1 X6.761 Y124.225
G1 X6.686 Y126.072
G1 X4.973 Y126.280
G1 X4.775 Y128.003
G1 X3.119 Y128.269
G1 X2.676 Y129.746
G1 X1.083 Y130.074
M5
G0 X0.524 Y133.358
M3 S90
G1 X2.082 Y132.995
G1 X2.486 Y131.477
G1 X4.039 Y131.109
G1 X4.467 Y129.616
G1 X6.028 Y129.256
G1 X6.105 Y127.412
G1 X7.986 Y127.372
G1 X8.084 Y125.548
G1 X9.857 Y125.401
G1 X10.010 Y123.632
G1 X11.789 Y123.490
G1 X11.911 Y121.691
G1 X13.737 Y121.596
G1 X13.794 Y119.732
G1 X15.679 Y119.695
G1 X15.683 Y117.778
G1 X17.369 Y117.543
G1 X17.707 Y115.960
G1 X19.292 Y115.624
G1 X19.656 Y114.066
G1 X21.467 Y113.957
G1 X21.544 Y112.113
G1 X23.479 Y112.126
G1 X23.757 Y110.483
M5
G0 X25.931 Y108.815
M3 S90
G1 X26.525 Y107.488
G1 X27.845 Y106.886
G1 X28.306 Y105.426
G1 X29.899 Y105.098
G1 X30.127 Y103.405
G1 X31.885 Y103.242
G1 X32.279 Y101.714
G1 X33.819 Y101.334
G1 X33.969 Y99.562
G1 X35.868 Y99.541
G1 X35.870 Y97.621
G1 X37.732 Y97.562
G1 X37.857 Y95.765
M5
G0 X32.846 Y94.597
M3 S90
G1 X31.099 Y94.771
M5
G0 X28.241 Y88.071
M3 S90
G1 X29.674 Y87.583
G1 X29.892 Y85.879
G1 X31.357 Y85.423
G1 X32.018 Y84.164
G1 X33.544 Y83.768
G1 X33.731 Y82.034
G1 X35.422 Y81.804
G1 X35.622 Y80.083
G1 X37.371 Y79.910
G1 X37.365 Y77.984
G1 X39.169 Y77.866
G1 X39.583 Y76.359
G1 X41.098 Y75.953
G1 X41.418 Y74.352
G1 X43.082 Y74.094
G1 X43.400 Y72.491
G1 X45.091 Y72.261
G1 X45.170 Y70.419
G1 X46.997 Y70.325
G1 X47.174 Y68.581
G1 X48.991 Y68.476
G1 X49.010 Y66.575
G1 X50.905 Y66.548
G1 X50.984 Y64.706
G1 X52.828 Y64.629
G1 X52.888 Y62.767
G1 X54.654 Y62.612
G1 X54.789 Y60.826
G1 X56.623 Y60.739
G1 X56.660 Y58.855
G1 X58.504 Y58.778
G1 X58.711 Y57.064
G1 X60.503 Y56.934
G1 X60.505 Y55.015
G1 X62.479 Y55.068
G1 X62.418 Y53.086
G1 X64.413 Y53.160
G1 X64.292 Y51.117
G1 X66.384 Y51.289
G1 X66.180 Y49.164
G1 X68.042 Y49.104
G1 X68.084 Y47.225
G1 X70.149 Y47.369
G1 X70.118 Y45.417
G1 X72.077 Y45.455
G1 X72.014 Y43.470
M5
G0 X69.826 Y43.204
M3 S90
G1 X69.812 Y45.110
G1 X68.091 Y45.311
G1 X67.901 Y47.042
G1 X65.911 Y46.973
G1 X66.055 Y49.038
G1 X63.955 Y48.859
G1 X64.086 Y50.912
G1 X62.101 Y50.848
G1 X62.172 Y52.840
G1 X60.185 Y52.774
G1 X60.201 Y54.711
G1 X58.372 Y54.803
G1 X58.250 Y56.602
G1 X56.486 Y56.760
G1 X56.243 Y58.438
G1 X54.494 Y58.611
G1 X54.427 Y60.465
G1 X52.603 Y60.562
G1 X52.428 Y62.308
G1 X50.627 Y62.428
G1 X50.630 Y64.352
G1 X48.661 Y64.304
G1 X48.538 Y66.103
G1 X46.822 Y66.308
G1 X46.693 Y68.099
G1 X44.934 Y68.262
G1 X44.784 Y70.033
G1 X42.990 Y70.160
G1 X42.775 Y71.866
G1 X41.144 Y72.157
G1 X40.876 Y73.810
G1 X39.298 Y74.153
G1 X38.885 Y75.661
G1 X37.309 Y76.006
G1 X36.838 Y77.456
G1 X35.112 Y77.651
G1 X35.153 Y79.614
G1 X33.449 Y79.831
G1 X33.146 Y81.449
G1 X31.589 Y81.813
G1 X31.155 Y83.300
G1 X29.843 Y83.909
M5
G0 X32.732 Y86.798
M3 S90
G1 X33.178 Y85.323
G1 X34.739 Y84.963
G1 X35.074 Y83.377
G1 X36.785 Y83.167
G1 X36.915 Y81.376
G1 X38.671 Y81.211
G1 X38.816 Y79.434
G1 X40.813 Y79.510
G1 X40.875 Y77.651
G1 X42.325 Y77.180
G1 X42.709 Y75.642
G1 X44.337 Y75.349
G1 X44.667 Y73.759
G1 X46.368 Y73.539
G1 X46.563 Y71.812
G1 X48.260 Y71.587
G1 X48.429 Y69.836
G1 X50.241 Y69.726
G1 X50.273 Y67.837
G1 X52.137 Y67.780
G1 X52.297 Y66.019
G1 X54.108 Y65.909
G1 X54.221 Y64.100
G1 X55.937 Y63.895
G1 X56.086 Y62.124
G1 X57.885 Y62.002
G1 X58.090 Y60.285
G1 X59.774 Y60.048
G1 X59.889 Y58.241
G1 X61.848 Y58.280
G1 X61.762 Y56.272
G1 X63.797 Y56.386
G1 X63.671 Y54.339
G1 X65.708 Y54.455
G1 X65.559 Y52.385
G1 X67.674 Y52.579
G1 X67.573 Y50.557
G1 X69.510 Y50.573
G1 X69.482 Y48.623
G1 X71.467 Y48.686
G1 X71.350 Y46.649
G1 X73.390 Y46.768
G1 X73.294 Y44.751
G1 X75.339 Y44.874
M5
G0 X78.447 Y44.140
M3 S90
G1 X76.518 Y44.132
G1 X76.511 Y46.046
G1 X74.717 Y46.174
G1 X74.547 Y47.925
G1 X72.743 Y48.042
G1 X72.689 Y49.909
G1 X70.775 Y49.916
G1 X70.697 Y51.760
G1 X68.894 Y51.877
G1 X68.872 Y53.776
G1 X66.824 Y53.650
G1 X67.011 Y55.758
G1 X64.958 Y55.626
G1 X65.062 Y57.651
G1 X63.060 Y57.570
G1 X63.106 Y59.537
G1 X61.154 Y59.506
G1 X61.051 Y61.325
G1 X59.225 Y61.420
G1 X59.113 Y63.229
G1 X57.372 Y63.409
G1 X57.224 Y65.183
G1 X55.433 Y65.313
G1 X55.391 Y67.192
G1 X53.484 Y67.206
G1 X53.462 Y69.105
G1 X51.586 Y69.150
G1 X51.491 Y70.976
G1 X49.707 Y71.114
G1 X49.620 Y72.948
G1 X47.721 Y72.970
G1 X47.601 Y74.771
G1 X45.973 Y75.064
G1 X45.700 Y76.712
G1 X43.956 Y76.890
G1 X43.824 Y78.679
G1 X41.834 Y78.610
G1 X41.845 Y80.542
G1 X40.141 Y80.760
G1 X39.914 Y82.453
G1 X38.223 Y82.683
G1 X37.777 Y84.158
G1 X36.309 Y84.612
G1 X35.999 Y86.223
G1 X34.390 Y86.536
M5
G0 X25.907 Y85.737
M3 S90
G1 X26.471 Y84.380
G1 X27.813 Y83.801
G1 X28.355 Y82.421
G1 X29.915 Y82.060
G1 X30.231 Y80.455
G1 X31.781 Y80.084
G1 X32.164 Y78.546
G1 X33.961 Y78.421
G1 X34.201 Y76.740
G1 X35.628 Y76.247
G1 X36.122 Y74.819
G1 X37.585 Y74.361
G1 X37.880 Y72.735
G1 X39.589 Y72.522
G1 X39.851 Y70.864
G1 X41.550 Y70.641
G1 X41.700 Y68.870
G1 X43.504 Y68.753
G1 X43.656 Y66.984
G1 X45.350 Y66.756
G1 X45.585 Y65.070
G1 X47.263 Y64.828
G1 X47.436 Y63.079
G1 X49.315 Y63.037
G1 X49.334 Y61.135
G1 X51.126 Y61.005
G1 X51.281 Y59.239
G1 X53.162 Y59.200
G1 X53.179 Y57.295
G1 X55.018 Y57.213
G1 X55.191 Y55.464
G1 X56.924 Y55.277
G1 X57.132 Y53.563
G1 X58.868 Y53.378
G1 X58.930 Y51.519
G1 X60.897 Y51.565
G1 X60.768 Y49.515
G1 X62.808 Y49.634
G1 X62.627 Y47.531
G1 X64.787 Y47.771
G1 X64.736 Y45.798
G1 X66.590 Y45.731
G1 X66.670 Y43.890
M5
G0 X58.980 Y43.884
M3 S90
G1 X58.760 Y45.585
G1 X57.041 Y45.788
G1 X57.162 Y47.830
G1 X55.195 Y47.784
G1 X55.010 Y49.521
G1 X53.294 Y49.726
G1 X53.054 Y51.407
G1 X51.338 Y51.612
G1 X51.143 Y53.338
G1 X49.414 Y53.530
G1 X49.254 Y55.292
G1 X47.440 Y55.399
G1 X47.323 Y57.203
G1 X45.514 Y57.315
G1 X45.382 Y59.104
G1 X43.575 Y59.218
G1 X43.553 Y61.118
G1 X41.684 Y61.170
G1 X41.544 Y62.951
G1 X39.879 Y63.206
G1 X39.618 Y64.867
G1 X37.880 Y65.050
G1 X37.722 Y66.814
G1 X35.971 Y66.983
G1 X35.731 Y68.664
G1 X34.115 Y68.970
G1 X33.779 Y70.555
G1 X32.151 Y70.848
G1 X31.806 Y72.424
G1 X30.280 Y72.820
G1 X29.844 Y74.305
G1 X28.276 Y74.658
G1 X28.139 Y76.442
G1 X26.287 Y76.511
G1 X26.218 Y78.363
G1 X24.273 Y78.340
G1 X24.161 Y80.149
G1 X22.560 Y80.469
G1 X22.062 Y81.892
G1 X20.880 Y82.631
M5
G0 X19.836 Y81.587
M3 S90
G1 X20.335 Y80.165
G1 X22.094 Y80.002
G1 X22.178 Y78.166
G1 X23.852 Y77.918
G1 X24.343 Y76.488
G1 X25.888 Y76.112
G1 X26.292 Y74.595
G1 X27.571 Y73.953
G1 X28.160 Y72.621
G1 X29.495 Y72.034
G1 X29.895 Y70.514
G1 X31.579 Y70.276
G1 X31.877 Y68.653
G1 X33.503 Y68.357
G1 X33.750 Y66.684
G1 X35.391 Y66.404
G1 X35.666 Y64.758
G1 X37.363 Y64.533
G1 X37.568 Y62.817
G1 X39.314 Y62.642
G1 X39.481 Y60.888
G1 X41.308 Y60.793
G1 X41.322 Y58.886
G1 X43.246 Y58.890
G1 X43.361 Y57.083
G1 X45.087 Y56.888
G1 X45.205 Y55.084
G1 X46.976 Y54.934
G1 X47.133 Y53.171
G1 X48.842 Y52.958
G1 X49.125 Y51.320
G1 X50.828 Y51.102
G1 X51.053 Y49.406
G1 X52.862 Y49.294
G1 X52.857 Y47.367
G1 X54.643 Y47.232
G1 X54.896 Y45.564
G1 X56.765 Y45.512
G1 X56.794 Y43.620
M5
G0 X54.496 Y43.243
M3 S90
G1 X54.519 Y45.187
G1 X52.590 Y45.179
G1 X52.415 Y46.925
G1 X50.729 Y47.160
G1 X50.599 Y48.952
G1 X48.597 Y48.871
G1 X48.618 Y50.813
G1 X46.879 Y50.995
G1 X46.696 Y52.734
G1 X44.958 Y52.916
G1 X44.738 Y54.617
G1 X43.034 Y54.835
G1 X42.839 Y56.561
G1 X41.060 Y56.703
G1 X40.966 Y58.530
G1 X39.091 Y58.577
G1 X39.027 Y60.434
G1 X37.213 Y60.541
G1 X37.083 Y62.332
G1 X35.314 Y62.484
G1 X35.154 Y64.246
G1 X33.403 Y64.416
G1 X33.228 Y66.162
G1 X31.522 Y66.377
G1 X31.274 Y68.050
G1 X29.604 Y68.301
G1 X29.436 Y70.054
G1 X27.700 Y70.239
G1 X27.194 Y71.654
G1 X25.909 Y72.291
G1 X25.308 Y73.611
G1 X23.986 Y74.210
G1 X23.600 Y75.745
G1 X21.844 Y75.910
G1 X21.521 Y77.508
G1 X20.098 Y78.007
G1 X19.552 Y79.382
G1 X18.285 Y80.036
G1 X17.588 Y81.260
M5
G0 X15.119 Y80.712
M3 S90
G1 X16.355 Y80.028
G1 X16.894 Y78.645
G1 X18.738 Y78.568
G1 X18.637 Y76.546
G1 X20.356 Y76.343
G1 X20.714 Y74.781
G1 X22.453 Y74.598
G1 X22.658 Y72.882
G1 X24.203 Y72.506
G1 X24.549 Y70.931
G1 X26.273 Y70.733
G1 X26.350 Y68.889
G1 X28.048 Y68.666
G1 X28.288 Y66.985
G1 X29.974 Y66.750
G1 X30.247 Y65.102
G1 X31.936 Y64.869
G1 X32.113 Y63.126
G1 X33.829 Y62.920
G1 X34.072 Y61.242
G1 X35.831 Y61.080
G1 X35.910 Y59.238
G1 X37.797 Y59.204
G1 X37.869 Y57.355
G1 X39.668 Y57.232
G1 X39.805 Y55.448
G1 X41.516 Y55.238
G1 X41.746 Y53.547
G1 X43.445 Y53.325
G1 X43.643 Y51.601
G1 X45.344 Y51.381
G1 X45.576 Y49.692
G1 X47.491 Y49.686
G1 X47.472 Y47.746
G1 X49.289 Y47.642
G1 X49.501 Y45.933
G1 X51.107 Y45.617
G1 X51.252 Y43.841
M5
G0 X49.104 Y43.614
M3 S90
G1 X49.022 Y45.454
G1 X47.047 Y45.400
G1 X47.048 Y47.322
G1 X45.189 Y47.384
G1 X45.099 Y49.216
G1 X43.305 Y49.343
G1 X43.048 Y51.006
G1 X41.392 Y51.272
G1 X41.217 Y53.018
G1 X39.548 Y53.270
G1 X39.263 Y54.906
G1 X37.580 Y55.144
G1 X37.367 Y56.853
G1 X35.606 Y57.012
G1 X35.531 Y58.859
G1 X33.632 Y58.881
G1 X33.412 Y60.582
G1 X31.849 Y60.940
G1 X31.538 Y62.551
G1 X29.895 Y62.829
G1 X29.529 Y64.384
G1 X28.034 Y64.810
G1 X27.678 Y66.375
G1 X26.296 Y66.914
G1 X25.725 Y68.264
G1 X24.357 Y68.818
G1 X23.731 Y70.112
G1 X22.271 Y70.573
G1 X21.937 Y72.162
G1 X20.450 Y72.595
G1 X19.946 Y74.012
G1 X18.436 Y74.423
G1 X18.243 Y76.152
G1 X16.354 Y76.184
G1 X16.407 Y78.158
G1 X14.716 Y78.389
G1 X14.120 Y79.713
M5
G0 X11.897 Y81.333
M3 S90
G1 X11.446 Y82.803
G1 X9.921 Y83.199
M5
G0 X12.194 Y83.551
M3 S90
G1 X13.617 Y83.052
M5
G0 X15.378 Y82.893
M3 S90
G1 X14.814 Y84.250
G1 X13.480 Y84.836
G1 X13.023 Y86.301
G1 X11.468 Y86.667
G1 X11.158 Y88.278
G1 X9.426 Y88.468
G1 X9.159 Y90.121
G1 X7.681 Y90.565
G1 X7.273 Y92.077
G1 X5.674 Y92.401
M5
G0 X3.368 Y92.016
M3 S90
G1 X5.077 Y91.803
G1 X5.239 Y90.044
G1 X6.885 Y89.769
G1 X7.158 Y88.121
G1 X8.641 Y87.682
G1 X9.335 Y86.456
G1 X10.946 Y86.145
M5
G0 X8.509 Y85.630
M3 S90
G1 X7.079 Y86.121
M5
G0 X5.562 Y88.446
M3 S90
G1 X4.158 Y88.963
G1 X3.611 Y90.337
G1 X2.098 Y90.746
G1 X1.587 Y92.156
G1 X0.295 Y92.785
M5
G0 X0.650 Y95.061
M3 S90
G1 X1.957 Y94.446
M5
G0 X2.798 Y95.287
M3 S90
G1 X4.288 Y94.856
M5
G0 X1.481 Y97.813
M3 S90
G1 X-0.207 Y98.046
M5
G0 X0.323 Y100.498
M3 S90
G1 X1.716 Y99.969
G1 X2.056 Y98.388
G1 X3.695 Y98.105
G1 X4.110 Y96.600
G1 X5.618 Y96.187
G1 X5.878 Y94.526
G1 X7.424 Y94.150
G1 X7.862 Y92.667
G1 X9.583 Y92.467
G1 X9.806 Y90.769
G1 X11.279 Y90.320
M5
G0 X12.715 Y87.915
M3 S90
G1 X14.409 Y87.687
G1 X14.569 Y85.926
G1 X15.966 Y85.402
M5
G0 X19.165 Y84.758
M3 S90
G1 X17.963 Y85.478
G1 X17.424 Y86.860
G1 X15.897 Y87.254
G1 X15.551 Y88.829
G1 X14.156 Y89.355
G1 X13.412 Y90.532
G1 X11.936 Y90.978
G1 X11.814 Y92.777
G1 X9.980 Y92.864
G1 X9.901 Y94.705
G1 X8.099 Y94.825
G1 X7.756 Y96.403
G1 X6.446 Y97.015
G1 X5.717 Y98.206
G1 X4.372 Y98.783
G1 X4.099 Y100.431
G1 X2.416 Y100.669
G1 X1.912 Y102.086
G1 X0.648 Y102.743
M5
G0 X-0.105 Y90.464
M3 S90
G1 X1.406 Y90.053
G1 X1.892 Y88.618
G1 X3.312 Y88.117
G1 X3.853 Y86.737
G1 X5.240 Y86.203
G1 X5.845 Y84.886
G1 X7.124 Y84.244
G1 X7.663 Y82.862
G1 X9.228 Y82.506
G1 X9.479 Y80.835
G1 X10.898 Y80.334
G1 X11.528 Y79.042
G1 X12.905 Y78.498
G1 X13.095 Y76.767
G1 X15.107 Y76.858
G1 X15.360 Y75.190
G1 X16.833 Y74.741
G1 X17.186 Y73.173
G1 X18.661 Y72.727
M5
G0 X20.150 Y70.374
M3 S90
G1 X21.759 Y70.061
G1 X21.866 Y68.247
G1 X23.544 Y68.005
G1 X23.980 Y66.520
G1 X25.345 Y65.963
G1 X25.946 Y64.644
G1 X27.261 Y64.037
M5
G0 X28.848 Y61.782
M3 S90
G1 X30.424 Y61.436
G1 X30.624 Y59.715
G1 X32.380 Y59.550
G1 X32.404 Y57.653
G1 X34.218 Y57.546
G1 X34.461 Y55.868
G1 X36.092 Y55.577
G1 X36.330 Y53.894
G1 X38.021 Y53.664
G1 X38.158 Y51.880
G1 X39.804 Y51.605
G1 X40.182 Y50.062
G1 X41.810 Y49.769
G1 X42.128 Y48.166
G1 X43.729 Y47.845
G1 X43.929 Y46.124
G1 X45.768 Y46.042
G1 X45.918 Y44.271
G1 X47.742 Y44.173
M5
G0 X43.567 Y43.841
M3 S90
G1 X43.537 Y45.732
G1 X41.819 Y45.935
G1 X41.468 Y47.505
G1 X39.973 Y47.931
G1 X39.565 Y49.444
G1 X37.911 Y49.712
G1 X37.691 Y51.413
G1 X36.148 Y51.791
G1 X35.629 Y53.194
G1 X34.112 Y53.597
G1 X33.809 Y55.215
G1 X32.326 Y55.654
G1 X31.792 Y57.041
G1 X30.159 Y57.329
G1 X29.989 Y59.080
G1 X28.388 Y59.401
G1 X28.188 Y61.122
G1 X26.562 Y61.417
G1 X26.001 Y62.777
G1 X24.624 Y63.321
G1 X24.097 Y64.716
G1 X22.755 Y65.295
G1 X22.267 Y66.727
G1 X20.689 Y67.070
G1 X20.488 Y68.791
G1 X18.627 Y68.851
G1 X18.326 Y70.472
G1 X17.044 Y71.111
G1 X16.455 Y72.443
G1 X14.907 Y72.816
G1 X14.517 Y74.347
G1 X12.893 Y74.644
G1 X12.523 Y76.195
G1 X11.000 Y76.593
G1 X10.579 Y78.093
G1 X9.202 Y78.637
G1 X8.733 Y80.090
G1 X7.306 Y80.584
G1 X6.955 Y82.154
G1 X5.389 Y82.510
G1 X4.969 Y84.010
G1 X3.589 Y84.551
G1 X2.944 Y85.828
M5
G0 X0.297 Y85.102
M3 S90
G1 X1.700 Y84.583
G1 X1.822 Y82.784
G1 X3.987 Y83.029
G1 X3.781 Y80.901
G1 X5.484 Y80.683
G1 X5.938 Y79.216
G1 X7.345 Y78.702
G1 X7.799 Y77.234
M5
G0 X10.551 Y76.144
M3 S90
G1 X10.781 Y74.453
G1 X12.432 Y74.183
G1 X12.724 Y72.554
G1 X14.235 Y72.143
G1 X14.678 Y70.666
G1 X16.101 Y70.167
G1 X16.542 Y68.687
G1 X18.117 Y68.341
M5
G0 X19.411 Y65.793
M3 S90
G1 X21.052 Y65.512
G1 X21.523 Y64.062
G1 X22.777 Y63.395
G1 X23.313 Y62.011
G1 X24.766 Y61.542
G1 X25.074 Y59.929
G1 X26.727 Y59.661
G1 X27.015 Y58.028
G1 X28.699 Y57.790
G1 X29.140 Y56.310
G1 X30.683 Y55.932
G1 X30.767 Y54.095
G1 X32.631 Y54.038
G1 X32.859 Y52.345
G1 X34.332 Y51.896
G1 X34.948 Y50.592
G1 X36.238 Y49.960
G1 X36.659 Y48.460
G1 X38.232 Y48.111
G1 X38.520 Y46.478
G1 X40.253 Y46.291
G1 X40.401 Y44.517
G1 X42.277 Y44.472
M5
G0 X40.044 Y44.160
M3 S90
G1 X38.135 Y44.172
G1 X38.085 Y46.044
G1 X36.542 Y46.422
G1 X36.207 Y48.008
G1 X34.609 Y48.331
G1 X34.040 Y49.683
G1 X32.570 Y50.134
G1 X32.086 Y51.571
G1 X30.578 Y51.985
G1 X30.223 Y53.550
G1 X28.607 Y53.856
G1 X28.193 Y55.364
G1 X26.929 Y56.020
G1 X26.290 Y57.302
G1 X24.862 Y57.796
G1 X24.592 Y59.447
G1 X23.082 Y59.858
G1 X22.533 Y61.230
G1 X21.181 Y61.799
G1 X20.747 Y63.287
G1 X19.187 Y63.647
G1 X18.803 Y65.185
G1 X17.198 Y65.501
G1 X16.862 Y67.086
G1 X15.282 Y67.427
G1 X14.919 Y68.985
G1 X13.315 Y69.303
G1 X12.902 Y70.811
G1 X11.464 Y71.294
G1 X11.008 Y72.759
G1 X9.440 Y73.113
G1 X9.250 Y74.844
G1 X7.391 Y74.906
G1 X7.186 Y76.622
G1 X5.528 Y76.885
G1 X5.180 Y78.458
G1 X3.732 Y78.931
G1 X3.233 Y80.354
G1 X1.658 Y80.699
G1 X1.724 Y82.687
G1 X-0.025 Y82.859
M5
G0 X0.528 Y79.570
M3 S90
G1 X2.104 Y79.224
G1 X2.485 Y77.684
G1 X4.110 Y77.388
G1 X4.260 Y75.617
G1 X5.929 Y75.364
G1 X6.324 Y73.839
G1 X7.652 Y73.245
G1 X8.253 Y71.925
G1 X9.844 Y71.595
G1 X10.287 Y70.117
G1 X11.725 Y69.633
G1 X12.106 Y68.093
G1 X13.616 Y67.682
G1 X13.984 Y66.129
M5
G0 X13.835 Y64.059
M3 S90
G1 X15.260 Y63.563
G1 X15.653 Y62.035
G1 X17.191 Y61.652
G1 X17.499 Y60.039
G1 X19.035 Y59.653
G1 X19.250 Y57.947
G1 X20.971 Y57.747
G1 X21.422 Y56.277
G1 X22.910 Y55.843
G1 X23.378 Y54.391
G1 X24.748 Y53.839
G1 X25.274 Y52.444
G1 X26.742 Y51.991
G1 X27.241 Y50.568
G1 X28.585 Y49.992
G1 X29.134 Y48.620
G1 X30.424 Y47.988
G1 X31.015 Y46.658
G1 X32.415 Y46.137
G1 X32.969 Y44.770
G1 X34.346 Y44.226
M5
G0 X35.979 Y43.938
M3 S90
G1 X35.641 Y45.521
G1 X34.003 Y45.804
G1 X33.683 Y47.405
G1 X32.371 Y48.014
G1 X31.776 Y49.341
G1 X30.402 Y49.887
G1 X29.770 Y51.177
G1 X28.548 Y51.876
G1 X27.927 Y53.176
G1 X26.597 Y53.767
G1 X25.928 Y55.019
G1 X24.661 Y55.673
G1 X23.974 Y56.907
G1 X22.459 Y57.313
G1 X22.133 Y58.909
G1 X20.578 Y59.275
G1 X20.327 Y60.946
G1 X18.817 Y61.356
G1 X18.479 Y62.940
G1 X16.971 Y63.353
G1 X16.465 Y64.768
M5
G0 X10.897 Y64.964
M3 S90
G1 X11.469 Y63.614
G1 X12.889 Y63.113
G1 X13.518 Y61.821
G1 X14.833 Y61.214
G1 X15.171 Y59.631
G1 X16.709 Y59.248
G1 X17.102 Y57.720
G1 X18.718 Y57.415
G1 X19.018 Y55.794
G1 X20.521 Y55.376
G1 X21.127 Y54.061
G1 X22.485 Y53.497
G1 X23.024 Y52.115
G1 X24.526 Y51.696
G1 X24.955 Y50.204
G1 X26.340 Y49.667
G1 X26.881 Y48.288
G1 X28.223 Y47.709
G1 X28.780 Y46.344
G1 X30.159 Y45.802
G1 X30.615 Y44.337
G1 X32.050 Y43.851
M5
G0 X29.012 Y44.655
M3 S90
G1 X27.467 Y45.031
G1 X27.043 Y46.529
G1 X25.636 Y47.043
G1 X25.049 Y48.377
G1 X23.642 Y48.891
G1 X23.088 Y50.258
G1 X21.698 Y50.790
G1 X21.393 Y52.405
G1 X19.712 Y52.645
G1 X19.221 Y54.075
G1 X17.738 Y54.514
G1 X17.317 Y56.014
G1 X16.070 Y56.689
G1 X15.521 Y58.061
G1 X13.956 Y58.416
G1 X13.610 Y59.992
G1 X12.047 Y60.350
G1 X11.707 Y61.931
G1 X10.186 Y62.332
G1 X9.625 Y63.691
G1 X8.348 Y64.336
G1 X7.696 Y65.605
G1 X6.439 Y66.269
G1 X5.865 Y67.616
G1 X4.315 Y67.987
G1 X4.055 Y69.648
G1 X2.479 Y69.994
G1 X2.018 Y71.454
G1 X0.505 Y71.862
M5
G0 X0.228 Y69.664
M3 S90
G1 X1.631 Y69.145
G1 X2.049 Y67.643
G1 X3.512 Y67.184
G1 X4.091 Y65.842
G1 X5.566 Y65.396
M5
G0 X7.053 Y63.040
M3 S90
G1 X8.320 Y62.386
G1 X9.037 Y61.182
G1 X10.409 Y60.633
G1 X10.692 Y58.995
G1 X12.345 Y58.727
G1 X12.673 Y57.134
G1 X14.256 Y56.796
G1 X14.627 Y55.245
G1 X16.185 Y54.882
G1 X16.493 Y53.269
G1 X18.204 Y53.059
G1 X18.442 Y51.375
G1 X19.887 Y50.899
G1 X20.544 Y49.635
G1 X21.941 Y49.111
G1 X22.432 Y47.681
G1 X23.727 Y47.054
G1 X24.215 Y45.622
G1 X25.851 Y45.337
G1 X26.141 Y43.706
M5
G0 X24.521 Y44.006
M3 S90
G1 X22.820 Y44.226
G1 X22.575 Y45.902
G1 X20.991 Y46.240
G1 X20.525 Y47.695
G1 X19.048 Y48.139
G1 X18.672 Y49.684
G1 X17.091 Y50.025
G1 X16.713 Y51.568
G1 X15.288 Y52.064
G1 X14.983 Y53.680
G1 X13.224 Y53.842
G1 X12.976 Y55.516
G1 X11.559 Y56.019
G1 X11.058 Y57.439
G1 X9.444 Y57.747
G1 X9.146 Y59.371
G1 X7.686 Y59.832
G1 X7.243 Y61.309
G1 X5.552 Y61.539
G1 X5.344 Y63.253
G1 X3.839 Y63.669
G1 X3.165 Y64.916
G1 X1.951 Y65.623
G1 X1.311 Y66.905
G1 X0.004 Y67.519
M5
G0 X0.648 Y64.320
M3 S90
G1 X1.965 Y63.716
G1 X2.577 Y62.406
G1 X3.883 Y61.792
G1 X4.475 Y60.463
G1 X5.918 Y59.984
G1 X6.416 Y58.562
G1 X7.809 Y58.033
G1 X8.164 Y56.467
G1 X9.722 Y56.104
G1 X10.050 Y54.511
G1 X11.764 Y54.303
G1 X11.936 Y52.555
G1 X13.713 Y52.410
G1 X14.124 Y50.900
G1 X15.531 Y50.386
G1 X15.939 Y48.873
G1 X17.384 Y48.397
G1 X17.873 Y46.964
G1 X19.300 Y46.471
G1 X19.676 Y44.925
G1 X21.387 Y44.715
M5
G0 X19.127 Y44.375
M3 S90
G1 X17.466 Y44.636
G1 X17.085 Y46.176
G1 X15.617 Y46.630
G1 X15.169 Y48.102
G1 X13.653 Y48.508
G1 X13.280 Y50.056
G1 X11.845 Y50.542
G1 X11.319 Y51.937
G1 X9.912 Y52.451
G1 X9.320 Y53.780
G1 X7.880 Y54.262
G1 X7.436 Y55.739
G1 X6.034 Y56.258
G1 X5.678 Y57.824
G1 X4.211 Y58.277
G1 X3.669 Y59.657
G1 X2.003 Y59.912
G1 X1.818 Y61.648
G1 X0.178 Y61.929
M5
G0 X-0.107 Y59.723
M3 S90
G1 X1.527 Y59.435
G1 X1.727 Y57.714
G1 X3.372 Y57.439
G1 X3.645 Y55.790
G1 X5.253 Y55.478
G1 X5.587 Y53.889
G1 X7.247 Y53.629
G1 X7.691 Y52.151
G1 X9.015 Y51.555
G1 X9.461 Y50.080
G1 X10.891 Y49.589
G1 X11.475 Y48.251
G1 X12.908 Y47.763
G1 X13.442 Y46.375
G1 X14.837 Y45.849
G1 X15.343 Y44.434
G1 X16.803 Y43.973
M5
G0 X13.567 Y44.579
M3 S90
G1 X12.137 Y45.070
G1 X11.623 Y46.478
G1 X10.223 Y46.999
G1 X9.795 Y48.492
G1 X8.324 Y48.943
G1 X7.796 Y50.335
G1 X6.356 Y50.816
G1 X5.807 Y52.188
G1 X4.485 Y52.788
G1 X4.003 Y54.228
G1 X2.418 Y54.563
G1 X2.120 Y56.186
G1 X0.509 Y56.497
M5
G0 X0.406 Y54.472
M3 S90
G1 X1.635 Y53.780
G1 X2.098 Y52.322
G1 X3.556 Y51.859
G1 X3.907 Y50.288
G1 X5.625 Y50.086
G1 X5.946 Y48.485
G1 X7.506 Y48.124
G1 X7.922 Y46.619
G1 X9.442 Y46.218
G1 X9.934 Y44.788
G1 X11.331 Y44.265
M5
G0 X9.030 Y43.885
M3 S90
G1 X7.766 Y44.542
G1 X7.061 Y45.758
G1 X5.689 Y46.307
G1 X5.097 Y47.637
G1 X3.720 Y48.181
G1 X3.322 Y49.703
G1 X1.784 Y50.087
G1 X1.554 Y51.778
G1 X-0.009 Y52.136
M5
G0 X0.436 Y48.739
M3 S90
G1 X2.142 Y48.524
G1 X2.548 Y47.008
G1 X3.895 Y46.434
G1 X4.529 Y45.148
G1 X5.874 Y44.571
M5
G0 X3.568 Y44.186
M3 S90
G1 X2.133 Y44.672
G1 X1.762 Y46.223
G1 X0.149 Y46.531
M5
G0 X7.125 Y68.876
M3 S90
G1 X5.638 Y69.310
G1 X5.242 Y70.835
G1 X3.764 Y71.279
G1 X3.446 Y72.882
G1 X1.723 Y73.079
G1 X1.490 Y74.768
G1 X-0.121 Y75.078
M5
G0 X0.277 Y77.397
M3 S90
G1 X1.799 Y76.999
G1 X1.924 Y75.202
G1 X3.751 Y75.108
G1 X3.968 Y73.404
G1 X5.664 Y73.179
G1 X6.110 Y71.704
G1 X7.550 Y71.223
G1 X7.838 Y69.589
G1 X9.416 Y69.246
G1 X9.835 Y67.743
G1 X11.315 Y67.302
M5
G0 X43.081 Y85.621
M3 S90
G1 X44.574 Y85.192
G1 X45.013 Y83.710
G1 X46.608 Y83.384
G1 X46.956 Y81.811
G1 X48.557 Y81.491
G1 X48.672 Y79.684
G1 X50.558 Y79.650
G1 X50.673 Y77.843
G1 X52.377 Y77.626
G1 X52.627 Y75.955
G1 X54.358 Y75.765
G1 X54.553 Y74.039
G1 X56.257 Y73.821
G1 X56.427 Y72.070
G1 X58.150 Y71.872
G1 X58.325 Y70.126
G1 X60.089 Y69.969
G1 X60.186 Y68.145
G1 X62.058 Y68.095
G1 X62.112 Y66.228
G1 X64.097 Y66.292
G1 X63.930 Y64.204
G1 X65.895 Y64.248
G1 X65.934 Y62.366
G1 X67.982 Y62.492
G1 X67.750 Y60.339
G1 X69.938 Y60.606
G1 X69.684 Y58.431
G1 X71.789 Y58.615
G1 X71.793 Y56.698
G1 X73.585 Y56.568
G1 X73.735 Y54.797
G1 X75.506 Y54.647
G1 X75.621 Y52.841
G1 X77.437 Y52.736
G1 X77.610 Y50.987
G1 X79.373 Y50.830
G1 X79.455 Y48.991
G1 X81.312 Y48.926
G1 X81.339 Y47.032
G1 X83.276 Y47.048
G1 X83.240 Y45.091
G1 X85.192 Y45.122
G1 X85.171 Y43.180
M5
G0 X97.624 Y44.105
M3 S90
G1 X97.115 Y45.518
G1 X95.590 Y45.913
G1 X95.259 Y47.504
G1 X93.666 Y47.832
G1 X93.469 Y49.556
G1 X91.602 Y49.610
G1 X91.565 Y51.494
G1 X89.681 Y51.531
G1 X89.629 Y53.401
G1 X87.785 Y53.478
G1 X87.692 Y55.307
G1 X85.851 Y55.386
G1 X85.781 Y57.238
G1 X83.952 Y57.330
G1 X83.828 Y59.126
G1 X82.061 Y59.281
G1 X81.869 Y61.010
G1 X80.183 Y61.245
G1 X79.905 Y62.888
G1 X78.274 Y63.179
G1 X77.991 Y64.817
G1 X76.172 Y64.919
G1 X76.191 Y66.859
G1 X74.241 Y66.830
G1 X74.257 Y68.767
G1 X72.541 Y68.972
G1 X72.253 Y70.606
G1 X70.451 Y70.725
G1 X70.575 Y72.770
G1 X68.586 Y72.702
G1 X68.421 Y74.458
G1 X66.451 Y74.410
G1 X66.733 Y76.613
G1 X64.550 Y76.351
G1 X64.822 Y78.544
G1 X62.654 Y78.297
G1 X62.712 Y80.277
G1 X60.918 Y80.404
G1 X60.854 Y82.261
G1 X59.020 Y82.348
G1 X58.890 Y84.139
G1 X57.001 Y84.171
G1 X56.836 Y85.927
G1 X55.346 Y86.358
G1 X54.792 Y87.725
G1 X53.081 Y87.936
G1 X53.172 Y89.948
G1 X51.247 Y89.945
G1 X51.133 Y91.751
G1 X49.289 Y91.828
G1 X49.164 Y93.624
G1 X47.591 Y93.973
G1 X47.014 Y95.317
G1 X45.833 Y96.057
G1 X45.349 Y97.494
G1 X43.638 Y97.704
G1 X43.471 Y99.458
G1 X41.727 Y99.636
G1 X41.605 Y101.435
G1 X39.773 Y101.524
G1 X39.608 Y103.280
G1 X37.900 Y103.493
G1 X37.652 Y105.166
M5
G0 X35.201 Y106.558
M3 S90
G1 X34.610 Y107.888
G1 X33.200 Y108.399
G1 X32.867 Y109.987
G1 X31.193 Y110.235
G1 X30.991 Y111.953
G1 X29.362 Y112.246
G1 X28.879 Y113.684
G1 X27.439 Y114.165
G1 X27.060 Y115.708
G1 X25.508 Y116.076
G1 X25.174 Y117.664
G1 X23.496 Y117.907
M5
G0 X26.763 Y125.016
M3 S90
G1 X26.425 Y126.599
G1 X24.772 Y126.867
G1 X24.378 Y128.395
G1 X22.712 Y128.650
G1 X22.701 Y130.560
G1 X20.942 Y130.722
G1 X20.797 Y132.498
G1 X19.103 Y132.726
G1 X18.695 Y134.239
G1 X17.115 Y134.579
G1 X16.709 Y136.095
G1 X15.284 Y136.591
G1 X14.903 Y138.131
G1 X13.154 Y138.304
G1 X13.087 Y140.158
G1 X11.379 Y140.370
G1 X11.118 Y142.031
G1 X9.390 Y142.224
G1 X9.180 Y143.935
G1 X7.469 Y144.145
G1 X7.216 Y145.813
G1 X5.542 Y146.061
G1 X5.367 Y147.807
G1 X3.604 Y147.965
G1 X3.449 Y149.731
M5
G0 X1.021 Y158.830
M3 S90
G1 X2.429 Y158.316
G1 X2.626 Y156.593
G1 X4.405 Y156.450
G1 X4.560 Y154.684
G1 X6.326 Y154.529
G1 X6.481 Y152.763
G1 X8.320 Y152.681
G1 X8.322 Y150.762
G1 X10.020 Y150.539
G1 X10.260 Y148.858
G1 X12.117 Y148.793
G1 X12.380 Y147.135
G1 X13.838 Y146.671
M5
G0 X14.032 Y148.787
M3 S90
G1 X12.725 Y149.401
G1 X12.289 Y150.886
G1 X10.781 Y151.299
G1 X10.498 Y152.938
G1 X8.734 Y153.095
G1 X8.549 Y154.831
G1 X6.821 Y155.024
G1 X6.636 Y156.760
G1 X4.867 Y156.912
G1 X4.762 Y158.729
G1 X3.081 Y158.969
G1 X2.841 Y160.650
M5
G0 X0.654 Y164.227
M3 S90
G1 X2.067 Y163.718
G1 X2.302 Y162.032
G1 X4.086 Y161.895
G1 X4.256 Y160.144
G1 X5.869 Y159.836
G1 X6.174 Y158.220
G1 X7.913 Y158.038
G1 X8.098 Y156.301
G1 X9.847 Y156.129
G1 X9.989 Y154.350
G1 X11.823 Y154.263
G1 X11.955 Y152.474
G1 X13.403 Y152.000
M5
G0 X14.851 Y153.449
M3 S90
G1 X13.341 Y153.860
G1 X12.958 Y155.398
G1 X11.254 Y155.615
G1 X11.165 Y157.447
G1 X9.346 Y157.549
G1 X9.208 Y159.333
G1 X7.465 Y159.510
G1 X7.255 Y161.221
G1 X5.546 Y161.434
G1 X5.341 Y163.150
G1 X3.602 Y163.332
G1 X3.455 Y165.106
G1 X1.668 Y165.241
G1 X1.318 Y166.812
G1 X-0.012 Y167.403
M5
G0 X0.320 Y169.656
M3 S90
G1 X1.871 Y169.286
G1 X1.991 Y167.484
G1 X3.769 Y167.342
G1 X3.937 Y165.588
G1 X5.650 Y165.381
G1 X5.868 Y163.677
G1 X7.572 Y163.459
G1 X7.779 Y161.746
G1 X9.550 Y161.596
G1 X9.645 Y159.769
G1 X11.514 Y159.718
G1 X11.524 Y157.806
G1 X13.177 Y157.538
G1 X13.753 Y156.193
G1 X15.188 Y155.707
G1 X15.544 Y154.142
G1 X17.145 Y153.821
M5
G0 X20.195 Y153.029
M3 S90
G1 X18.801 Y153.556
G1 X18.339 Y155.016
G1 X16.771 Y155.369
G1 X16.476 Y156.995
G1 X14.878 Y157.318
G1 X14.439 Y158.800
G1 X13.025 Y159.307
G1 X12.616 Y160.819
G1 X10.935 Y161.060
G1 X10.803 Y162.849
G1 X9.011 Y162.978
G1 X8.889 Y164.777
G1 X7.125 Y164.935
G1 X6.948 Y166.678
G1 X5.184 Y166.836
G1 X5.022 Y168.594
G1 X3.296 Y168.789
G1 X3.118 Y170.533
G1 X1.334 Y170.670
M5
G0 X18.854 Y168.979
M3 S90
G1 X20.141 Y168.344
G1 X20.690 Y166.972
G1 X22.306 Y166.667
M5
G0 X23.712 Y164.231
M3 S90
G1 X25.090 Y163.687
G1 X25.659 Y162.335
G1 X27.214 Y161.969
G1 X27.442 Y160.276
G1 X28.947 Y159.860
M5
G0 X26.332 Y157.244
M3 S90
G1 X26.828 Y155.820
G1 X28.438 Y155.509
M5
G0 X27.066 Y154.136
M3 S90
G1 X27.529 Y152.678
G1 X28.773 Y152.002
G1 X29.337 Y150.644
G1 X30.787 Y150.173
G1 X31.158 Y148.623
M5
G0 X33.604 Y147.226
M3 S90
G1 X34.238 Y145.939
G1 X35.761 Y145.541
G1 X36.230 Y144.088
G1 X37.396 Y143.334
G1 X37.962 Y141.979
G1 X39.498 Y141.593
G1 X39.904 Y140.078
G1 X41.324 Y139.577
G1 X41.775 Y138.107
G1 X43.247 Y137.658
G1 X43.746 Y136.236
G1 X45.382 Y135.950
G1 X45.620 Y134.267
G1 X47.162 Y133.889
G1 X47.639 Y132.444
G1 X49.023 Y131.907
M5
G0 X52.240 Y138.966
M3 S90
G1 X52.741 Y137.546
G1 X54.212 Y137.095
G1 X54.567 Y135.530
G1 X56.130 Y135.172
G1 X56.546 Y133.666
G1 X58.094 Y133.293
G1 X58.625 Y131.903
G1 X59.880 Y131.236
G1 X60.275 Y129.711
G1 X61.846 Y129.360
G1 X62.342 Y127.936
G1 X63.817 Y127.490
G1 X64.248 Y125.999
G1 X65.806 Y125.636
G1 X66.094 Y124.003
G1 X67.722 Y123.710
G1 X68.093 Y122.160
G1 X69.536 Y121.681
G1 X70.077 Y120.301
G1 X71.407 Y119.710
G1 X72.053 Y118.435
G1 X73.293 Y117.753
G1 X73.987 Y116.527
G1 X75.209 Y115.827
G1 X75.908 Y114.605
G1 X77.132 Y113.908
G1 X77.829 Y112.684
G1 X79.054 Y111.987
G1 X79.746 Y110.758
G1 X80.980 Y110.071
G1 X81.669 Y108.839
G1 X82.901 Y108.150
G1 X83.583 Y106.911
G1 X84.825 Y106.231
G1 X85.507 Y104.992
G1 X86.748 Y104.313
G1 X87.418 Y103.061
G1 X88.682 Y102.404
G1 X89.314 Y101.115
G1 X90.658 Y100.538
G1 X91.172 Y99.131
G1 X92.810 Y98.848
G1 X92.938 Y97.054
G1 X94.639 Y96.834
G1 X94.932 Y95.206
G1 X96.515 Y94.867
G1 X96.875 Y93.307
G1 X98.428 Y92.939
G1 X98.962 Y91.551
G1 X100.179 Y90.847
G1 X100.881 Y89.628
G1 X102.110 Y88.936
G1 X102.795 Y87.699
G1 X104.051 Y87.035
G1 X104.673 Y85.735
G1 X106.033 Y85.174
G1 X106.524 Y83.744
G1 X108.119 Y83.418
G1 X108.465 Y81.843
G1 X109.762 Y81.219
G1 X110.452 Y79.987
G1 X111.904 Y79.518
G1 X112.074 Y77.767
G1 X113.921 Y77.692
G1 X113.932 Y75.783
G1 X115.940 Y75.869
G1 X116.024 Y74.033
G1 X117.725 Y73.812
G1 X117.848 Y72.014
G1 X119.662 Y71.906
G1 X119.990 Y70.313
G1 X121.522 Y69.925
G1 X121.851 Y68.332
G1 X123.388 Y67.949
G1 X123.664 Y66.303
G1 X125.458 Y66.176
G1 X125.607 Y64.404
G1 X127.311 Y64.187
G1 X127.709 Y62.664
G1 X128.984 Y62.017
G1 X129.638 Y60.750
G1 X131.053 Y60.244
G1 X131.517 Y58.786
G1 X133.022 Y58.370
G1 X133.443 Y56.870
G1 X134.940 Y56.447
G1 X135.269 Y54.854
G1 X136.942 Y54.606
G1 X137.157 Y52.900
G1 X138.863 Y52.685
G1 X139.176 Y51.077
G1 X140.714 Y50.693
G1 X141.135 Y49.193
G1 X142.693 Y48.830
G1 X143.059 Y47.274
G1 X144.596 Y46.891
G1 X144.972 Y45.346
G1 X146.480 Y44.932
G1 X146.936 Y43.467
M5
G0 X154.438 Y43.284
M3 S90
G1 X154.020 Y44.787
G1 X152.632 Y45.321
G1 X152.339 Y46.949
G1 X150.716 Y47.247
G1 X150.391 Y48.843
G1 X148.853 Y49.226
G1 X148.392 Y50.686
G1 X146.811 Y51.027
G1 X146.465 Y52.602
G1 X144.990 Y53.048
G1 X144.459 Y54.438
G1 X143.044 Y54.945
G1 X142.525 Y56.347
G1 X141.058 Y56.800
G1 X140.649 Y58.313
G1 X139.126 Y58.712
G1 X138.756 Y60.262
G1 X137.263 Y60.690
G1 X136.882 Y62.231
G1 X135.362 Y62.632
G1 X134.836 Y64.026
G1 X133.373 Y64.485
G1 X132.972 Y66.005
G1 X131.427 Y66.381
G1 X131.121 Y67.997
G1 X129.538 Y68.335
G1 X129.150 Y69.868
G1 X127.569 Y70.208
G1 X127.317 Y71.877
G1 X125.621 Y72.102
G1 X125.298 Y73.700
G1 X123.888 Y74.211
G1 X123.409 Y75.654
G1 X121.929 Y76.095
G1 X121.528 Y77.615
G1 X119.817 Y77.825
G1 X119.772 Y79.702
G1 X117.846 Y79.696
G1 X117.796 Y81.568
G1 X115.819 Y81.512
G1 X116.005 Y83.620
G1 X114.018 Y83.554
G1 X113.718 Y85.174
G1 X112.218 Y85.595
G1 X112.018 Y87.316
G1 X110.121 Y87.341
G1 X110.159 Y89.300
G1 X108.363 Y89.425
G1 X107.854 Y90.837
G1 X106.630 Y91.534
G1 X106.149 Y92.974
G1 X104.528 Y93.275
G1 X104.217 Y94.886
G1 X102.649 Y95.239
G1 X102.241 Y96.751
G1 X100.711 Y97.142
G1 X100.342 Y98.695
G1 X98.792 Y99.066
G1 X98.439 Y100.634
G1 X96.866 Y100.982
G1 X96.520 Y102.558
G1 X94.925 Y102.883
G1 X94.622 Y104.501
G1 X92.978 Y104.779
G1 X92.798 Y106.520
G1 X91.040 Y106.683
G1 X90.827 Y108.391
G1 X89.011 Y108.496
G1 X88.913 Y110.320
G1 X87.007 Y110.334
G1 X87.055 Y112.304
G1 X85.286 Y112.456
G1 X85.018 Y114.110
G1 X83.428 Y114.440
G1 X83.014 Y115.948
G1 X81.574 Y116.429
G1 X81.053 Y117.829
G1 X79.678 Y118.375
G1 X79.109 Y119.728
G1 X77.747 Y120.287
G1 X77.171 Y121.631
G1 X75.891 Y122.273
G1 X75.209 Y123.512
G1 X73.983 Y124.207
G1 X73.288 Y125.433
G1 X72.064 Y126.130
G1 X71.380 Y127.367
G1 X70.090 Y127.999
G1 X69.694 Y129.524
G1 X67.875 Y129.626
G1 X67.806 Y131.478
G1 X65.921 Y131.515
G1 X65.839 Y133.354
G1 X64.166 Y133.602
G1 X63.783 Y135.140
G1 X62.365 Y135.643
G1 X61.759 Y136.958
G1 X60.512 Y137.632
G1 X59.973 Y139.015
G1 X58.513 Y139.476
M5
G0 X56.353 Y139.236
M3 S90
G1 X57.682 Y138.645
G1 X58.314 Y137.355
G1 X59.543 Y136.663
M5
G0 X56.938 Y135.980
M3 S90
G1 X56.427 Y137.390
G1 X55.045 Y137.929
M5
G0 X53.430 Y140.156
M3 S90
G1 X52.193 Y140.841
G1 X51.772 Y142.341
M5
G0 X50.996 Y145.406
M3 S90
G1 X49.623 Y145.955
M5
G0 X51.192 Y147.524
M3 S90
G1 X51.779 Y146.190
G1 X53.101 Y145.590
G1 X53.718 Y144.286
G1 X55.020 Y143.667
G1 X55.501 Y142.227
G1 X57.029 Y141.833
M5
G0 X53.229 Y153.404
M3 S90
G1 X51.880 Y153.975
M5
G0 X54.007 Y154.182
M3 S90
G1 X53.459 Y155.554
G1 X52.234 Y156.251
G1 X51.643 Y157.581
M5
G0 X47.429 Y161.051
M3 S90
G1 X46.677 Y162.220
G1 X45.242 Y162.706
G1 X44.781 Y164.167
G1 X43.579 Y164.886
G1 X42.930 Y166.158
G1 X41.563 Y166.712
G1 X41.079 Y168.149
G1 X39.601 Y168.593
G1 X39.128 Y170.040
M5
G0 X33.887 Y164.800
M3 S90
G1 X34.566 Y163.558
M5
G0 X32.391 Y163.304
M3 S90
G1 X31.827 Y164.661
G1 X30.460 Y165.215
G1 X29.898 Y166.574
G1 X28.468 Y167.066
M5
G0 X27.221 Y165.818
M3 S90
G1 X28.550 Y165.227
G1 X28.951 Y163.706
G1 X30.441 Y163.275
M5
G0 X25.981 Y172.263
M3 S90
G1 X25.425 Y173.628
M5
G0 X29.566 Y152.795
M3 S90
G1 X31.089 Y152.396
G1 X31.593 Y150.979
G1 X33.038 Y150.503
G1 X33.344 Y148.887
G1 X34.942 Y148.564
M5
G0 X27.778 Y147.164
M3 S90
G1 X29.168 Y146.632
G1 X29.797 Y145.340
G1 X31.031 Y144.653
G1 X31.731 Y143.432
G1 X32.915 Y142.695
G1 X33.571 Y141.430
G1 X35.022 Y140.959
G1 X35.387 Y139.404
G1 X37.038 Y139.133
G1 X37.359 Y137.533
M5
G0 X39.809 Y136.141
M3 S90
G1 X40.223 Y134.633
G1 X41.793 Y134.283
G1 X42.126 Y132.695
G1 X43.699 Y132.347
G1 X44.130 Y130.856
G1 X45.488 Y130.292
G1 X46.129 Y129.013
G1 X47.429 Y128.391
G1 X47.912 Y126.954
G1 X49.362 Y126.483
G1 X49.648 Y124.847
G1 X51.241 Y124.519
G1 X51.594 Y122.951
G1 X53.368 Y122.804
G1 X53.568 Y121.082
G1 X55.194 Y120.787
G1 X55.552 Y119.224
G1 X57.147 Y118.899
G1 X57.445 Y117.275
G1 X59.039 Y116.947
G1 X59.392 Y115.379
G1 X61.063 Y115.129
G1 X61.290 Y113.435
G1 X62.903 Y113.127
G1 X63.309 Y111.612
G1 X65.071 Y111.452
G1 X65.107 Y109.568
G1 X66.721 Y109.260
G1 X67.061 Y107.679
G1 X68.740 Y107.437
G1 X68.902 Y105.678
G1 X70.390 Y105.245
G1 X71.135 Y104.068
G1 X72.672 Y103.685
G1 X72.830 Y101.921
G1 X74.468 Y101.638
G1 X74.736 Y99.985
G1 X76.359 Y99.687
G1 X76.715 Y98.121
G1 X78.260 Y97.746
G1 X78.638 Y96.203
G1 X80.134 Y95.777
G1 X80.602 Y94.324
G1 X82.045 Y93.846
G1 X82.531 Y92.411
G1 X83.953 Y91.912
G1 X84.480 Y90.517
G1 X85.772 Y89.888
G1 X86.479 Y88.674
G1 X87.776 Y88.049
G1 X88.219 Y86.572
G1 X90.041 Y86.472
G1 X89.917 Y84.427
G1 X91.568 Y84.157
G1 X92.232 Y82.900
G1 X93.479 Y82.226
G1 X94.133 Y80.959
G1 X95.433 Y80.337
G1 X96.032 Y79.015
G1 X97.341 Y78.404
G1 X97.968 Y77.109
G1 X99.267 Y76.487
G1 X99.884 Y75.183
G1 X101.204 Y74.581
G1 X101.783 Y73.239
G1 X103.162 Y72.698
G1 X103.543 Y71.157
G1 X105.172 Y70.864
G1 X105.592 Y69.364
G1 X106.962 Y68.813
G1 X107.564 Y67.493
G1 X108.868 Y66.877
G1 X109.505 Y65.592
G1 X110.774 Y64.940
G1 X111.431 Y63.676
G1 X112.741 Y63.064
G1 X113.310 Y61.712
G1 X114.644 Y61.126
G1 X115.211 Y59.771
G1 X116.621 Y59.260
G1 X117.139 Y57.857
G1 X118.544 Y57.341
G1 X119.000 Y55.876
G1 X120.706 Y55.661
G1 X120.758 Y53.792
G1 X122.555 Y53.667
G1 X122.855 Y52.046
G1 X124.330 Y51.600
G1 X124.877 Y50.225
G1 X126.237 Y49.664
G1 X126.552 Y48.058
G1 X128.371 Y47.956
G1 X128.438 Y46.102
G1 X130.272 Y46.015
G1 X130.359 Y44.181
G1 X132.188 Y44.089
M5
G0 X134.334 Y44.313
M3 S90
G1 X132.602 Y44.503
G1 X132.515 Y46.337
G1 X130.676 Y46.419
G1 X130.592 Y48.256
G1 X128.758 Y48.343
G1 X128.665 Y50.172
G1 X126.829 Y50.256
G1 X126.694 Y52.043
G1 X125.073 Y52.343
G1 X124.552 Y53.743
G1 X123.089 Y54.202
G1 X122.817 Y55.850
G1 X121.246 Y56.200
M5
G0 X44.585 Y92.887
M3 S90
G1 X43.227 Y93.451
M5
G0 X66.462 Y180.085
M3 S90
G1 X65.919 Y181.462
G1 X64.684 Y182.149
M5
G0 X61.516 Y182.823
M3 S90
G1 X60.907 Y184.135
M5
G0 X88.848 Y217.839
M3 S90
G1 X87.214 Y218.127
G1 X86.994 Y219.828
G1 X85.150 Y219.905
G1 X84.940 Y221.616
G1 X83.234 Y221.832
G1 X83.129 Y223.648
G1 X81.383 Y223.823
G1 X81.105 Y225.466
G1 X79.507 Y225.789
G1 X78.993 Y227.197
G1 X77.528 Y227.653
G1 X77.348 Y229.394
G1 X75.665 Y229.632
G1 X75.450 Y231.338
G1 X73.731 Y231.540
G1 X73.541 Y233.271
G1 X71.976 Y233.627
G1 X71.540 Y235.112
G1 X69.977 Y235.470
G1 X69.573 Y236.988
G1 X67.978 Y237.314
G1 X67.733 Y238.990
G1 X66.175 Y239.353
G1 X65.821 Y240.921
G1 X64.361 Y241.382
G1 X63.699 Y242.641
G1 X62.355 Y243.218
G1 X61.731 Y244.515
G1 X60.419 Y245.124
G1 X59.847 Y246.474
G1 X58.588 Y247.136
G1 X57.898 Y248.367
G1 X56.579 Y248.969
G1 X56.073 Y250.384
G1 X54.678 Y250.910
G1 X54.219 Y252.373
G1 X52.737 Y252.811
M5
G0 X54.894 Y253.048
M3 S90
G1 X56.432 Y252.665
G1 X56.763 Y251.074
G1 X58.266 Y250.656
G1 X58.629 Y249.098
G1 X60.129 Y248.677
G1 X60.859 Y247.485
G1 X62.050 Y246.756
G1 X62.730 Y245.514
G1 X64.057 Y244.920
G1 X64.518 Y243.460
G1 X66.046 Y243.066
G1 X66.333 Y241.433
G1 X68.075 Y241.253
G1 X68.305 Y239.562
G1 X69.943 Y239.279
G1 X70.367 Y237.781
G1 X71.839 Y237.333
G1 X72.200 Y235.772
G1 X73.941 Y235.592
M5
G0 X75.104 Y232.913
M3 S90
G1 X76.652 Y232.540
G1 X76.938 Y230.904
G1 X78.583 Y230.629
G1 X78.806 Y228.930
G1 X80.507 Y228.710
G1 X80.780 Y227.062
G1 X82.529 Y226.890
G1 X82.641 Y225.081
G1 X84.427 Y224.946
G1 X84.600 Y223.197
G1 X86.105 Y222.781
G1 X86.722 Y221.477
G1 X88.119 Y220.953
G1 X88.592 Y219.505
G1 X89.977 Y218.969
G1 X90.426 Y217.496
M5
G0 X95.036 Y252.845
M3 S90
G1 X93.365 Y253.096
M5
G0 X133.729 Y249.273
M3 S90
G1 X134.331 Y247.953
G1 X135.726 Y247.427
G1 X136.302 Y246.082
M5
G0 X138.029 Y247.809
M3 S90
G1 X136.692 Y248.393
G1 X135.967 Y249.590
G1 X134.693 Y250.236
G1 X134.046 Y251.511
M5
G0 X134.844 Y252.309
M3 S90
G1 X136.349 Y251.893
G1 X137.031 Y250.654
G1 X138.271 Y249.972
G1 X138.837 Y248.617
G1 X140.395 Y248.254
G1 X140.625 Y246.563
M5
G0 X139.576 Y245.514
M3 S90
G1 X140.793 Y244.809
G1 X141.497 Y243.593
G1 X142.749 Y242.923
G1 X143.283 Y241.536
G1 X144.623 Y240.954
G1 X145.279 Y239.690
G1 X146.584 Y239.073
G1 X147.211 Y237.779
G1 X148.465 Y237.112
G1 X149.202 Y235.928
G1 X150.552 Y235.357
G1 X150.937 Y233.821
G1 X152.541 Y233.503
G1 X152.828 Y231.870
G1 X154.216 Y231.336
G1 X154.955 Y230.155
G1 X156.355 Y229.633
G1 X156.686 Y228.043
G1 X158.307 Y227.742
G1 X158.582 Y226.096
G1 X160.137 Y225.731
G1 X160.654 Y224.326
G1 X161.968 Y223.719
G1 X162.527 Y222.357
M5
G0 X162.338 Y220.247
M3 S90
G1 X161.686 Y221.516
G1 X160.211 Y221.962
G1 X159.672 Y223.344
G1 X158.270 Y223.863
G1 X157.982 Y225.497
G1 X156.329 Y225.764
G1 X156.068 Y227.425
G1 X154.392 Y227.670
G1 X153.954 Y229.153
G1 X152.567 Y229.687
G1 X152.226 Y231.268
G1 X150.623 Y231.586
G1 X150.262 Y233.146
G1 X148.674 Y233.479
G1 X148.213 Y234.939
G1 X146.828 Y235.476
G1 X146.277 Y236.845
G1 X145.038 Y237.527
G1 X144.290 Y238.701
G1 X143.094 Y239.426
G1 X142.510 Y240.763
G1 X141.105 Y241.279
G1 X140.448 Y242.544
G1 X139.264 Y243.281
G1 X138.567 Y244.505
M5
G0 X141.033 Y248.892
M3 S90
G1 X142.495 Y248.433
G1 X142.989 Y247.006
G1 X144.509 Y246.605
G1 X144.790 Y244.964
G1 X146.340 Y244.593
G1 X146.942 Y243.274
G1 X148.161 Y242.572
G1 X148.850 Y241.340
G1 X150.145 Y240.713
G1 X150.794 Y239.441
G1 X152.043 Y238.769
G1 X152.590 Y237.395
G1 X153.985 Y236.868
G1 X154.493 Y235.456
G1 X155.999 Y235.040
G1 X156.435 Y233.555
M5
G0 X158.843 Y232.121
M3 S90
G1 X159.324 Y230.681
G1 X160.776 Y230.212
G1 X161.177 Y228.692
G1 X162.740 Y228.334
G1 X163.156 Y226.828
G1 X164.561 Y226.312
M5
G0 X163.314 Y225.065
M3 S90
G1 X162.017 Y225.689
G1 X161.420 Y227.013
G1 X159.895 Y227.409
G1 X159.594 Y229.030
G1 X157.908 Y229.265
G1 X157.640 Y230.918
G1 X156.178 Y231.377
G1 X155.574 Y232.694
G1 X154.139 Y233.180
G1 X153.755 Y234.718
G1 X152.285 Y235.169
G1 X151.794 Y236.599
G1 X150.294 Y237.020
G1 X149.820 Y238.468
G1 X148.498 Y239.067
G1 X147.821 Y240.311
G1 X146.630 Y241.041
G1 X145.913 Y242.245
G1 X144.668 Y242.922
G1 X144.017 Y244.191
M5
G0 X147.254 Y245.507
M3 S90
G1 X148.533 Y244.865
G1 X149.190 Y243.601
G1 X150.417 Y242.906
G1 X151.091 Y241.659
G1 X152.436 Y241.083
G1 X152.884 Y239.610
G1 X154.337 Y239.142
G1 X154.883 Y237.767
G1 X156.233 Y237.195
G1 X156.812 Y235.853
G1 X158.056 Y235.176
G1 X158.700 Y233.900
G1 X160.115 Y233.393
G1 X160.729 Y232.086
G1 X161.991 Y231.427
G1 X162.565 Y230.080
G1 X164.018 Y229.611
G1 X164.456 Y228.129
G1 X165.931 Y227.682
G1 X166.460 Y226.290
G1 X167.720 Y225.628
G1 X168.233 Y224.221
G1 X169.678 Y223.745
G1 X170.295 Y222.440
M5
G0 X171.929 Y224.074
M3 S90
G1 X172.413 Y222.637
G1 X173.840 Y222.143
G1 X174.289 Y220.671
G1 X175.912 Y220.373
G1 X176.255 Y218.795
G1 X177.906 Y218.524
G1 X178.254 Y216.951
G1 X179.702 Y216.478
G1 X180.090 Y214.945
G1 X181.701 Y214.634
G1 X182.081 Y213.094
G1 X183.406 Y212.497
G1 X183.965 Y211.135
G1 X185.322 Y210.571
M5
G0 X187.538 Y210.865
M3 S90
G1 X188.265 Y209.671
M5
G0 X186.892 Y208.298
M3 S90
G1 X188.284 Y207.770
G1 X188.687 Y206.252
G1 X190.258 Y205.901
G1 X190.697 Y204.418
G1 X192.111 Y203.912
G1 X192.628 Y202.507
G1 X193.985 Y201.943
M5
G0 X191.992 Y205.714
M3 S90
G1 X193.381 Y205.182
G1 X193.752 Y203.632
G1 X195.390 Y203.349
G1 X195.932 Y201.969
G1 X197.274 Y201.390
G1 X197.863 Y200.058
G1 X199.047 Y199.321
G1 X199.764 Y198.117
G1 X201.116 Y197.548
G1 X201.718 Y196.228
G1 X202.950 Y195.539
G1 X203.609 Y194.277
M5
G0 X203.836 Y196.425
M3 S90
G1 X203.254 Y197.764
G1 X201.942 Y198.374
G1 X201.526 Y199.879
G1 X199.905 Y200.179
G1 X199.557 Y201.752
G1 X198.195 Y202.311
G1 X197.450 Y203.488
G1 X196.031 Y203.989
G1 X195.775 Y205.655
G1 X194.117 Y205.918
G1 X193.779 Y207.501
G1 X192.246 Y207.889
G1 X191.672 Y209.236
G1 X190.440 Y209.926
M5
G0 X188.961 Y212.289
M3 S90
G1 X187.463 Y212.712
G1 X187.037 Y214.207
G1 X185.675 Y214.766
M5
G0 X184.254 Y213.346
M3 S90
G1 X183.723 Y214.735
G1 X182.331 Y215.264
G1 X181.987 Y216.842
G1 X180.364 Y217.140
G1 X179.843 Y218.540
G1 X178.526 Y219.144
M5
G0 X178.943 Y221.483
M3 S90
G1 X178.402 Y222.863
G1 X176.899 Y223.281
G1 X176.380 Y224.683
G1 X174.948 Y225.172
G1 X174.630 Y226.775
G1 X173.127 Y227.194
G1 X172.503 Y228.490
M5
G0 X174.274 Y228.341
M3 S90
G1 X175.897 Y228.043
G1 X176.419 Y226.643
G1 X177.588 Y225.891
G1 X178.272 Y224.654
G1 X179.682 Y224.143
G1 X180.108 Y222.647
G1 X181.608 Y222.227
G1 X182.099 Y220.797
M5
G0 X181.344 Y220.041
M3 S90
G1 X181.797 Y218.573
G1 X183.222 Y218.077
M5
G0 X185.466 Y218.399
M3 S90
G1 X185.854 Y216.866
G1 X187.357 Y216.448
G1 X187.783 Y214.953
G1 X189.348 Y214.597
G1 X189.749 Y213.077
G1 X191.154 Y212.560
G1 X191.703 Y211.188
G1 X193.098 Y210.662
G1 X193.704 Y209.347
G1 X195.089 Y208.811
G1 X195.382 Y207.183
G1 X197.045 Y206.925
M5
G0 X197.854 Y207.733
M3 S90
G1 X197.312 Y209.113
G1 X195.764 Y209.486
G1 X195.409 Y211.052
M5
G0 X191.987 Y213.394
M3 S90
G1 X191.386 Y214.713
M5
G0 X191.474 Y216.723
M3 S90
G1 X192.753 Y216.081
G1 X193.393 Y214.799
G1 X194.848 Y214.333
G1 X195.161 Y212.725
G1 X196.749 Y212.392
G1 X197.207 Y210.929
G1 X198.401 Y210.202
G1 X198.973 Y208.853
G1 X200.426 Y208.384
G1 X200.882 Y206.919
G1 X202.254 Y206.370
G1 X202.893 Y205.088
G1 X204.361 Y204.635
G1 X204.726 Y203.079
G1 X206.269 Y202.701
M5
G0 X208.103 Y202.614
M3 S90
G1 X207.394 Y203.825
G1 X205.894 Y204.246
G1 X205.638 Y205.912
G1 X204.163 Y206.358
G1 X203.730 Y207.846
G1 X202.179 Y208.217
G1 X201.716 Y209.674
G1 X200.369 Y210.248
G1 X199.895 Y211.696
G1 X198.287 Y212.009
G1 X197.986 Y213.629
G1 X196.464 Y214.028
G1 X196.045 Y215.531
G1 X194.658 Y216.064
G1 X193.918 Y217.246
G1 X192.676 Y217.925
G1 X191.997 Y219.167
G1 X190.665 Y219.756
M5
G0 X189.924 Y219.016
M3 S90
G1 X188.525 Y219.537
G1 X187.925 Y220.859
G1 X186.573 Y221.428
G1 X185.926 Y222.702
G1 X184.592 Y223.289
G1 X184.226 Y224.844
M5
G0 X182.474 Y223.092
M3 S90
G1 X181.903 Y224.442
G1 X180.400 Y224.861
G1 X179.838 Y226.220
G1 X178.531 Y226.834
G1 X178.015 Y228.239
G1 X176.590 Y228.735
G1 X176.084 Y230.150
G1 X174.674 Y230.662
G1 X174.296 Y232.205
G1 X172.768 Y232.598
G1 X172.435 Y234.186
M5
G0 X170.901 Y232.652
M3 S90
G1 X171.598 Y231.428
G1 X172.890 Y230.799
M5
G0 X169.833 Y227.742
M3 S90
G1 X171.258 Y227.246
G1 X171.777 Y225.843
G1 X173.199 Y225.344
G1 X173.786 Y224.010
G1 X175.268 Y223.571
G1 X175.624 Y222.006
G1 X177.175 Y221.635
M5
G0 X172.530 Y220.833
M3 S90
G1 X173.172 Y219.554
G1 X174.514 Y218.975
G1 X174.915 Y217.454
G1 X176.458 Y217.076
G1 X176.904 Y215.601
M5
G0 X179.272 Y214.126
M3 S90
G1 X179.891 Y212.825
G1 X181.168 Y212.180
G1 X181.744 Y210.836
G1 X183.239 Y210.410
G1 X183.660 Y208.909
G1 X185.100 Y208.428
G1 X185.707 Y207.114
M5
G0 X189.621 Y201.422
M3 S90
G1 X189.995 Y199.874
G1 X191.475 Y199.433
G1 X191.941 Y197.978
M5
G0 X198.515 Y204.552
M3 S90
G1 X199.887 Y204.003
G1 X200.263 Y202.458
G1 X201.883 Y202.157
G1 X202.086 Y200.439
G1 X203.717 Y200.148
G1 X204.035 Y198.545
G1 X205.540 Y198.129
G1 X206.137 Y196.805
M5
G0 X206.121 Y194.868
M3 S90
G1 X206.662 Y193.488
G1 X208.218 Y193.122
G1 X208.553 Y191.537
G1 X210.176 Y191.239
M5
G0 X209.636 Y188.777
M3 S90
G1 X208.407 Y189.469
G1 X207.860 Y190.844
G1 X206.267 Y191.172
G1 X205.897 Y192.722
M5
G0 X204.210 Y191.036
M3 S90
G1 X205.698 Y190.602
G1 X206.121 Y189.104
G1 X207.594 Y188.656
G1 X208.012 Y187.153
G1 X209.525 Y186.745
M5
G0 X208.863 Y193.767
M3 S90
G1 X208.532 Y195.358
M5
G0 X209.835 Y196.661
M3 S90
G1 X208.345 Y197.092
G1 X207.821 Y198.489
G1 X206.376 Y198.965
G1 X205.982 Y200.493
G1 X204.377 Y200.808
G1 X204.132 Y202.484
G1 X202.408 Y202.682
G1 X202.055 Y204.250
M5
G0 X209.530 Y205.961
M3 S90
G1 X209.111 Y207.464
G1 X207.694 Y207.968
G1 X207.107 Y209.302
G1 X205.843 Y209.959
G1 X205.189 Y211.226
G1 X203.842 Y211.800
G1 X203.441 Y213.321
G1 X201.808 Y213.608
G1 X201.457 Y215.179
G1 X199.794 Y215.437
G1 X199.473 Y217.037
M5
G0 X198.105 Y215.669
M3 S90
G1 X198.662 Y214.305
G1 X200.051 Y213.773
G1 X200.673 Y212.474
G1 X202.058 Y211.938
G1 X202.599 Y210.558
G1 X204.029 Y210.067
G1 X204.478 Y208.594
G1 X205.777 Y207.972
G1 X206.381 Y206.655
G1 X207.706 Y206.059
G1 X208.330 Y204.762
G1 X209.911 Y204.421
M5
G0 X208.601 Y199.269
M3 S90
G1 X210.019 Y198.766
M5
G0 X208.506 Y210.701
M3 S90
G1 X207.161 Y211.277
G1 X206.416 Y212.454
M5
G0 X207.689 Y213.726
M3 S90
G1 X206.362 Y214.320
G1 X205.818 Y215.698
M5
G0 X206.817 Y216.696
M3 S90
G1 X208.011 Y215.969
G1 X208.738 Y214.775
G1 X210.080 Y214.196
M5
G0 X209.319 Y217.277
M3 S90
G1 X208.069 Y217.949
G1 X207.400 Y219.201
G1 X206.156 Y219.878
G1 X205.514 Y221.157
G1 X204.149 Y221.713
G1 X203.585 Y223.071
G1 X202.218 Y223.625
G1 X201.782 Y225.110
G1 X200.267 Y225.516
M5
G0 X200.068 Y223.395
M3 S90
G1 X199.622 Y224.871
G1 X198.094 Y225.264
M5
G0 X197.273 Y224.443
M3 S90
G1 X197.614 Y222.863
M5
G0 X195.940 Y223.110
M3 S90
G1 X196.391 Y221.640
G1 X197.972 Y221.300
G1 X198.378 Y219.784
G1 X199.865 Y219.351
G1 X200.294 Y217.858
G1 X201.837 Y217.480
G1 X202.107 Y215.829
G1 X203.560 Y215.360
G1 X204.269 Y214.149
M5
G0 X203.523 Y217.245
M3 S90
G1 X202.964 Y218.607
M5
G0 X203.251 Y220.815
M3 S90
G1 X203.882 Y219.526
G1 X205.240 Y218.962
M5
G0 X209.641 Y219.520
M3 S90
G1 X208.424 Y220.225
G1 X207.757 Y221.479
G1 X206.284 Y221.928
G1 X205.803 Y223.368
G1 X204.489 Y223.974
G1 X203.972 Y225.379
G1 X202.525 Y225.853
G1 X201.931 Y227.180
G1 X200.744 Y227.914
G1 X199.992 Y229.083
M5
G0 X196.891 Y229.825
M3 S90
G1 X195.459 Y230.314
G1 X195.018 Y231.794
G1 X193.683 Y232.380
G1 X193.009 Y233.627
G1 X191.697 Y234.236
G1 X191.030 Y235.490
M5
G0 X188.844 Y235.226
M3 S90
G1 X189.521 Y233.982
G1 X190.725 Y233.265
G1 X191.443 Y232.061
G1 X192.709 Y231.406
G1 X193.236 Y230.012
G1 X194.570 Y229.425
G1 X195.119 Y228.053
G1 X196.592 Y227.604
M5
G0 X191.787 Y226.641
M3 S90
G1 X191.208 Y227.984
G1 X189.702 Y228.399
M5
G0 X188.440 Y227.137
M3 S90
G1 X187.951 Y228.569
G1 X186.611 Y229.151
G1 X185.927 Y230.388
M5
G0 X188.153 Y230.692
M3 S90
G1 X186.888 Y231.349
G1 X186.254 Y232.636
G1 X185.045 Y233.348
G1 X184.318 Y234.542
G1 X183.121 Y235.267
M5
G0 X181.625 Y233.771
M3 S90
G1 X181.114 Y235.180
G1 X179.882 Y235.870
G1 X179.273 Y237.182
G1 X177.903 Y237.733
G1 X177.327 Y239.078
M5
G0 X174.997 Y240.590
M3 S90
G1 X174.583 Y242.098
G1 X173.136 Y242.571
G1 X172.715 Y244.072
G1 X171.039 Y244.317
G1 X170.743 Y245.943
G1 X169.226 Y246.346
G1 X168.767 Y247.809
M5
G0 X165.508 Y248.392
M3 S90
G1 X166.107 Y247.070
G1 X167.366 Y246.408
G1 X168.096 Y245.216
G1 X169.381 Y244.580
G1 X169.744 Y243.022
G1 X171.435 Y242.792
G1 X171.775 Y241.211
G1 X173.273 Y240.788
G1 X173.814 Y239.408
G1 X175.081 Y238.753
G1 X175.552 Y237.303
G1 X177.143 Y236.973
G1 X177.642 Y235.550
G1 X178.911 Y234.899
G1 X179.558 Y233.624
G1 X180.790 Y232.935
G1 X181.451 Y231.675
G1 X182.756 Y231.059
G1 X183.445 Y229.827
G1 X184.715 Y229.175
G1 X185.329 Y227.868
G1 X186.673 Y227.292
G1 X187.225 Y225.922
G1 X188.554 Y225.330
G1 X189.121 Y223.976
G1 X190.463 Y223.397
G1 X191.117 Y222.130
M5
G0 X191.708 Y224.642
M3 S90
G1 X192.393 Y223.405
G1 X193.627 Y222.718
G1 X194.178 Y221.348
M5
G0 X193.408 Y220.578
M3 S90
G1 X193.987 Y219.236
G1 X195.299 Y218.626
G1 X195.933 Y217.340
M5
G0 X197.010 Y218.416
M3 S90
G1 X196.619 Y219.947
M5
G0 X189.035 Y216.205
M3 S90
G1 X188.489 Y217.580
G1 X187.305 Y218.317
G1 X186.570 Y219.504
G1 X185.190 Y220.045
G1 X184.717 Y221.493
M5
G0 X187.212 Y223.988
M3 S90
G1 X185.895 Y224.592
G1 X185.398 Y226.017
G1 X183.843 Y226.382
G1 X183.522 Y227.983
M5
G0 X181.848 Y226.309
M3 S90
G1 X181.279 Y227.661
G1 X179.935 Y228.237
G1 X179.190 Y229.414
G1 X178.026 Y230.171
G1 X177.477 Y231.543
G1 X176.042 Y232.030
G1 X175.400 Y233.309
G1 X173.895 Y233.725
G1 X173.562 Y235.313
G1 X171.946 Y235.618
G1 X171.791 Y237.385
G1 X170.261 Y237.776
G1 X169.592 Y239.027
G1 X168.347 Y239.704
G1 X167.685 Y240.963
M5
G0 X166.403 Y239.681
M3 S90
G1 X165.209 Y240.408
G1 X164.532 Y241.652
G1 X163.283 Y242.324
G1 X162.638 Y243.601
G1 X161.362 Y244.245
G1 X160.707 Y245.512
M5
G0 X160.645 Y247.371
M3 S90
G1 X162.022 Y246.827
G1 X162.642 Y245.525
M5
G0 X163.185 Y247.990
M3 S90
G1 X161.983 Y248.709
M5
G0 X163.238 Y249.964
M3 S90
G1 X162.533 Y251.181
M5
G0 X164.807 Y251.533
M3 S90
G1 X165.401 Y250.206
M5
G0 X165.715 Y252.442
M3 S90
G1 X167.042 Y251.847
G1 X167.448 Y250.332
G1 X169.164 Y250.127
G1 X169.412 Y248.454
G1 X171.173 Y248.294
G1 X171.509 Y246.708
G1 X172.793 Y246.071
G1 X173.490 Y244.847
G1 X174.792 Y244.228
G1 X175.326 Y242.841
G1 X176.681 Y242.274
G1 X177.313 Y240.985
G1 X178.544 Y240.295
G1 X179.214 Y239.044
G1 X180.501 Y238.409
M5
G0 X181.492 Y239.401
M3 S90
G1 X180.963 Y240.793
G1 X179.621 Y241.372
G1 X178.864 Y242.536
G1 X177.637 Y243.231
G1 X177.194 Y244.708
G1 X175.776 Y245.212
G1 X175.027 Y246.383
G1 X173.838 Y247.116
G1 X173.188 Y248.387
G1 X171.716 Y248.836
G1 X171.460 Y250.502
G1 X169.787 Y250.750
G1 X169.484 Y252.368
G1 X167.851 Y252.656
M5
G0 X170.169 Y253.053
M3 S90
G1 X171.732 Y252.695
G1 X172.228 Y251.270
M5
G0 X175.533 Y252.654
M3 S90
G1 X177.192 Y252.391
M5
G0 X177.819 Y253.018
M3 S90
G1 X179.294 Y252.572
G1 X179.878 Y251.235
G1 X181.246 Y250.681
M5
G0 X181.076 Y252.433
M3 S90
G1 X182.523 Y251.959
M5
G0 X185.750 Y251.343
M3 S90
G1 X186.261 Y249.933
G1 X187.565 Y249.316
G1 X188.147 Y247.977
G1 X189.567 Y247.475
G1 X190.093 Y246.081
G1 X191.473 Y245.539
G1 X192.067 Y244.212
G1 X193.291 Y243.515
G1 X194.026 Y242.329
G1 X195.328 Y241.709
M5
G0 X196.535 Y242.917
M3 S90
G1 X197.159 Y241.620
G1 X198.534 Y241.073
G1 X199.015 Y239.633
G1 X200.337 Y239.034
M5
G0 X200.225 Y240.843
M3 S90
G1 X201.670 Y240.367
G1 X202.279 Y239.055
G1 X203.651 Y238.506
G1 X204.266 Y237.199
G1 X205.517 Y236.530
G1 X206.024 Y235.115
G1 X207.474 Y234.644
G1 X208.083 Y233.332
G1 X209.385 Y232.713
M5
G0 X209.343 Y234.592
M3 S90
G1 X208.691 Y235.861
G1 X207.419 Y236.511
G1 X206.740 Y237.752
M5
G0 X204.262 Y235.275
M3 S90
G1 X204.789 Y233.880
G1 X206.274 Y233.444
G1 X206.574 Y231.823
G1 X208.062 Y231.390
G1 X208.606 Y230.013
G1 X209.966 Y229.451
M5
G0 X209.342 Y226.907
M3 S90
G1 X208.718 Y228.204
G1 X207.266 Y228.672
G1 X206.872 Y230.200
G1 X205.543 Y230.792
G1 X204.936 Y232.106
G1 X203.604 Y232.695
G1 X203.002 Y234.015
G1 X201.595 Y234.529
M5
G0 X199.776 Y234.631
M3 S90
G1 X198.484 Y235.260
M5
G0 X198.756 Y237.453
M3 S90
G1 X200.136 Y236.912
M5
G0 X198.190 Y233.044
M3 S90
G1 X197.457 Y234.233
G1 X196.243 Y234.941
G1 X195.574 Y236.192
M5
G0 X193.945 Y234.563
M3 S90
G1 X193.268 Y235.807
G1 X192.104 Y236.565
G1 X191.395 Y237.776
G1 X190.075 Y238.378
G1 X189.591 Y239.815
G1 X188.207 Y240.352
G1 X187.763 Y241.829
G1 X186.230 Y242.218
G1 X185.614 Y243.522
G1 X184.374 Y244.204
M5
G0 X182.395 Y244.146
M3 S90
G1 X181.183 Y244.855
G1 X180.531 Y246.125
G1 X179.149 Y246.663
M5
G0 X179.586 Y249.022
M3 S90
G1 X181.039 Y248.554
G1 X181.518 Y247.111
G1 X182.747 Y246.419
M5
G0 X182.705 Y248.298
M3 S90
G1 X184.050 Y247.722
G1 X184.716 Y246.467
G1 X185.900 Y245.730
G1 X186.560 Y244.468
G1 X187.917 Y243.904
G1 X188.493 Y242.560
G1 X189.823 Y241.968
G1 X190.455 Y240.679
G1 X191.842 Y240.145
M5
G0 X193.110 Y241.413
M3 S90
G1 X191.740 Y241.964
G1 X191.055 Y243.201
M5
G0 X191.669 Y247.657
M3 S90
G1 X190.428 Y248.336
M5
G0 X191.776 Y249.684
M3 S90
G1 X192.955 Y248.942
G1 X193.704 Y247.771
G1 X194.926 Y247.071
G1 X195.538 Y245.762
G1 X196.819 Y245.122
G1 X197.441 Y243.823
G1 X198.828 Y243.289
M5
G0 X201.598 Y242.216
M3 S90
G1 X201.016 Y243.556
G1 X199.639 Y244.100
G1 X199.256 Y245.638
G1 X197.869 Y246.172
M5
G0 X199.131 Y247.434
M3 S90
G1 X200.370 Y246.752
G1 X201.000 Y245.460
G1 X202.234 Y244.773
M5
G0 X205.501 Y246.119
M3 S90
G1 X204.920 Y247.459
G1 X203.618 Y248.078
G1 X202.883 Y249.265
G1 X201.596 Y249.899
M5
G0 X203.889 Y250.271
M3 S90
G1 X203.313 Y251.616
M5
G0 X204.184 Y252.487
M3 S90
G1 X205.458 Y251.840
M5
G0 X206.450 Y252.831
M3 S90
G1 X207.787 Y252.247
G1 X208.283 Y250.822
G1 X209.612 Y250.231
M5
G0 X210.047 Y252.587
M3 S90
G1 X208.751 Y253.211
M5
G0 X207.020 Y249.560
M3 S90
G1 X208.513 Y249.131
G1 X209.037 Y247.734
M5
G0 X206.210 Y248.749
M3 S90
G1 X206.686 Y247.304
G1 X208.015 Y246.712
G1 X208.753 Y245.528
G1 X210.042 Y244.897
M5
G0 X209.348 Y240.360
M3 S90
G1 X208.101 Y241.035
G1 X207.429 Y242.284
G1 X206.120 Y242.895
G1 X205.488 Y244.185
G1 X204.098 Y244.716
G1 X203.654 Y246.194
G1 X202.272 Y246.733
G1 X201.630 Y248.012
G1 X200.424 Y248.727
G1 X199.795 Y250.019
G1 X198.478 Y250.623
M5
G0 X200.011 Y252.156
M3 S90
G1 X198.797 Y252.863
M5
G0 X195.555 Y251.542
M3 S90
G1 X194.311 Y252.219
M5
G0 X192.905 Y250.814
M3 S90
G1 X192.406 Y252.236
G1 X191.039 Y252.790
M5
G0 X188.793 Y250.544
M3 S90
G1 X187.601 Y251.273
M5
G0 X184.920 Y248.593
M3 S90
G1 X186.248 Y247.999
G1 X186.982 Y246.812
M5
G0 X184.988 Y240.975
M3 S90
G1 X186.332 Y240.399
G1 X186.879 Y239.024
M5
G0 X184.668 Y238.735
M3 S90
G1 X184.009 Y239.996
M5
G0 X183.699 Y237.766
M3 S90
G1 X184.416 Y236.562
G1 X185.746 Y235.970
G1 X186.187 Y234.490
G1 X187.544 Y233.926
G1 X188.266 Y232.727
G1 X189.548 Y232.088
G1 X190.165 Y230.783
G1 X191.356 Y230.054
M5
G0 X181.157 Y229.460
M3 S90
G1 X180.480 Y230.704
M5
G0 X178.330 Y232.397
M3 S90
G1 X177.603 Y233.591
G1 X176.384 Y234.293
G1 X175.775 Y235.605
G1 X174.350 Y236.101
G1 X173.949 Y237.621
G1 X172.341 Y237.934
G1 X172.101 Y239.615
G1 X170.515 Y239.951
G1 X170.180 Y241.537
M5
G0 X167.752 Y242.951
M3 S90
G1 X167.047 Y244.167
M5
G0 X165.496 Y242.616
M3 S90
G1 X164.784 Y243.825
M5
G0 X161.376 Y242.338
M3 S90
G1 X159.943 Y242.827
G1 X159.532 Y244.337
G1 X157.964 Y244.691
G1 X157.466 Y246.113
G1 X156.194 Y246.762
G1 X155.663 Y248.152
G1 X154.182 Y248.593
G1 X153.611 Y249.943
G1 X152.397 Y250.650
G1 X151.677 Y251.851
G1 X150.450 Y252.546
M5
G0 X152.500 Y252.675
M3 S90
G1 X153.905 Y252.158
G1 X154.525 Y250.856
G1 X155.847 Y250.257
G1 X156.468 Y248.958
G1 X157.790 Y248.359
G1 X158.440 Y247.087
M5
G0 X159.038 Y249.606
M3 S90
G1 X157.841 Y250.331
G1 X157.172 Y251.583
G1 X155.732 Y252.064
M5
G0 X158.131 Y252.541
M3 S90
G1 X159.407 Y251.897
M5
G0 X155.197 Y245.766
M3 S90
G1 X153.885 Y246.375
M5
G0 X152.716 Y245.205
M3 S90
G1 X154.020 Y244.589
G1 X154.607 Y243.254
G1 X155.854 Y242.580
G1 X156.490 Y241.295
G1 X157.790 Y240.674
G1 X158.349 Y239.311
G1 X159.663 Y238.705
M5
G0 X160.023 Y235.222
M3 S90
G1 X159.477 Y236.597
G1 X157.982 Y237.023
G1 X157.458 Y238.420
G1 X156.251 Y239.135
G1 X155.675 Y240.480
G1 X154.317 Y241.044
G1 X153.585 Y242.233
G1 X152.399 Y242.967
G1 X151.679 Y244.169
G1 X150.480 Y244.891
G1 X149.763 Y246.095
G1 X148.566 Y246.820
G1 X147.960 Y248.134
G1 X146.530 Y248.625
G1 X146.041 Y250.058
G1 X144.719 Y250.657
G1 X144.130 Y251.989
G1 X142.725 Y252.505
M5
G0 X140.565 Y252.266
M3 S90
G1 X141.849 Y251.629
G1 X142.265 Y250.124
G1 X143.662 Y249.600
G1 X144.375 Y248.391
G1 X145.646 Y247.742
M5
G0 X148.136 Y250.232
M3 S90
G1 X146.937 Y250.954
G1 X146.398 Y252.336
G1 X144.988 Y252.847
M5
G0 X139.483 Y251.184
M3 S90
G1 X138.146 Y251.768
M5
G0 X149.832 Y248.085
M3 S90
G1 X151.018 Y247.350
M5
G0 X156.820 Y243.546
M3 S90
G1 X158.122 Y242.927
G1 X158.804 Y241.688
G1 X160.068 Y241.031
G1 X160.655 Y239.696
G1 X161.929 Y239.049
G1 X162.551 Y237.750
G1 X163.828 Y237.106
G1 X164.502 Y235.859
G1 X165.754 Y235.189
G1 X166.368 Y233.882
M5
G0 X166.018 Y231.612
M3 S90
G1 X165.698 Y233.212
G1 X164.198 Y233.633
G1 X163.576 Y234.933
M5
G0 X162.228 Y233.585
M3 S90
G1 X162.872 Y232.308
G1 X164.332 Y231.847
G1 X164.849 Y230.442
G1 X166.196 Y229.868
G1 X166.757 Y228.508
G1 X168.034 Y227.864
G1 X168.724 Y226.632
M5
G0 X170.019 Y235.613
M3 S90
G1 X169.315 Y236.829
G1 X168.096 Y237.531
M5
G0 X164.145 Y239.344
M3 S90
G1 X162.936 Y240.056
M5
G0 X175.429 Y248.707
M3 S90
G1 X176.081 Y247.438
G1 X177.307 Y246.743
G1 X177.994 Y245.509
G1 X179.188 Y244.782
G1 X179.895 Y243.568
G1 X181.152 Y242.903
G1 X181.771 Y241.601
M5
G0 X201.371 Y232.383
M3 S90
G1 X202.575 Y231.666
G1 X203.249 Y230.419
M5
G0 X206.412 Y227.819
M3 S90
G1 X207.052 Y226.537
G1 X208.321 Y225.885
M5
G0 X153.342 Y217.014
M3 S90
G1 X151.802 Y217.395
G1 X151.443 Y218.958
G1 X150.066 Y219.502
G1 X149.505 Y220.862
G1 X148.195 Y221.473
G1 X147.581 Y222.780
G1 X146.309 Y223.430
M5
G0 X39.229 Y243.146
M3 S90
G1 X38.838 Y244.676
G1 X37.328 Y245.087
G1 X36.827 Y246.507
G1 X35.432 Y247.034
G1 X34.855 Y248.378
G1 X33.576 Y249.020
G1 X32.937 Y250.302
G1 X31.645 Y250.931
G1 X31.048 Y252.256
G1 X29.686 Y252.815
M5
M30
